AlertID,CustomerID,AlertDate,Reason,Severity,RowHash
fc657a87-83ab-47f5-b875-ba808a776b3d,98079c5e-8c4a-4564-9ca5-658f9db89953,2025-04-17 15:15:51,Stolen card suspected,Critical,507e7d512f6567debf38d1ee50539932
e7a8142d-aecc-4b8e-886c-ce7bede14962,9e99f1a9-2f4f-4656-b1f9-52feeb5fe236,2025-03-28 08:14:20,Unusual location,Critical,60129f3fda4828ddd9a8ad2bd756b630
b30fadab-8520-4cf0-9ae3-f16c66067b1d,2eb88cd9-93aa-4403-b930-4d0d8ababa21,2025-04-03 04:20:33,Large order flagged,Low,49ae75986b8cdcefefee853dfe19b082
91df0ca9-67df-4211-a437-effc6711a210,d86011eb-bd81-4aee-b905-18ffad895411,2025-04-03 06:14:12,Multiple failed logins,High,b8478041a4499769c03e527c03e7dd7c
954e3145-a6d3-4dc6-b583-c34c98954ede,07a7c40b-1082-478f-be65-ed92db3c2b5b,2025-04-09 17:51:10,Unusual location,Critical,2925e2f404f90e567716a4a33fe17fbc
652f2cff-a49e-46d5-a197-5d0e8bfc791d,ecd4feda-08f5-4652-80fd-4406a1316c5d,2025-03-16 04:31:23,Large order flagged,High,26ff50bdc00ef2895128df27d023761f
b4471235-895d-4fb9-b150-8e16db37c0ce,abc2f41e-ab8f-430c-9677-705f4343b0ec,2025-03-17 13:07:28,Unusual location,Medium,c7d74ee15540e0dedfb1d5ae7f0f4dce
51007b79-f81d-451b-bce1-ba1b684da986,90448626-31aa-4d65-a854-dab84c21bac0,2025-04-04 11:51:15,Stolen card suspected,Low,7a926146bac3945db0958698bc0b378d
1d5c8cc8-4747-44f8-b3ad-99831049c7af,a9cda48f-5bc6-47eb-88d3-50606128be2d,2025-04-13 17:46:52,Unusual location,Medium,6dc8cdfb5b7c0355b7edaf3362081975
2a1d59a5-f2a5-48c6-8a4a-67c6a2ab2b3e,0cae327d-3c1c-4b9b-b1e0-103207463ade,2025-03-16 15:14:20,Large order flagged,Critical,b9a9d7ef8a1118d5b7c168b5b13be837
614a2ba5-856c-4d66-93df-a514f52d790b,829df66c-a6f3-474c-bc06-48d34aa71c44,2025-03-28 10:36:39,Stolen card suspected,Critical,dcbd697aec56e746cef2d4231e00dc6e
0eda3034-5537-4bee-99f9-b72899868c1a,ecd4feda-08f5-4652-80fd-4406a1316c5d,2025-04-05 11:20:18,Large order flagged,High,f55a1bf33bf554dcfb4f13599619c622
63cfd170-0cec-42ac-9a32-68643c79b763,d86011eb-bd81-4aee-b905-18ffad895411,2025-04-20 15:50:09,Large order flagged,Medium,07be6122a95e2e19debdd4f0a6dbd40e
73b6da64-10b0-4dcf-a9aa-680f29300058,017092b9-a700-41e2-8365-eeeddf441c3d,2025-03-18 09:38:52,Large order flagged,High,e17c20cb2ce3fdf5b6023492626d374e
6da61e78-059c-4635-a5d4-26f136b667be,cc7e6efc-6c65-4b2c-9314-ee7b451acbdf,2025-05-02 20:51:48,Stolen card suspected,Critical,fdf9cc42b226da387fbb936a6229bf08
4369ce20-dd1a-4569-9283-1280895bb26b,545d1542-4e1e-4804-851b-400d5b020f68,2025-04-06 15:29:36,Multiple failed logins,Low,587cf1af99415c6f92fbcfecfb5b85ea
da0c9ba0-47ea-419f-aad8-62385e8969d2,67403e9f-0231-4a15-848a-d9cea4795a2a,2025-04-26 01:23:09,Stolen card suspected,Low,c2f6942bd4ecff23ae4a5c245f8ff99d
49269d0f-8acf-4f70-b6de-684c3ae9e584,65979d31-3be2-4e1d-8bcf-c43c3bfc1891,2025-04-07 20:36:57,Large order flagged,Medium,3cbcfa896c585b85e3f0868cf1153393
fc73f8bb-3937-454b-a26d-fb4effa2a5c8,2c063f55-8e12-40f5-82d1-e02e8211dcaf,2025-03-28 01:35:47,Stolen card suspected,Critical,c3341e7652fd485a7414eb9a185ad9b9
fb7db908-d893-4208-ba87-0936ed79d4e4,2cc9a5a2-91d7-492b-8d35-7118e35f4dde,2025-03-19 01:36:54,Large order flagged,Critical,f9f8e1d6ecfb0407c57e624f431a166a
1c250bc7-3449-4fa6-b39f-22303a206b25,a0d03e66-36a9-4e3a-b061-90884a47209d,2025-04-03 14:16:21,Large order flagged,High,0d5020732def13aab24321e33ef81a5e
6f5b3767-a6ce-4e48-b0a6-d23a4062cb6d,d86011eb-bd81-4aee-b905-18ffad895411,2025-05-06 08:28:02,Large order flagged,Critical,574ddd59e459f77e1475b63844c1ec25
abe13032-6d2e-49da-90f7-0e8b11317237,6ade7926-18a4-43be-bb13-3e4a5b1f455e,2025-05-01 18:29:08,Stolen card suspected,Low,9412ba85939150bb6c1fb9578502de64
6afa0cb5-6f52-4851-9b8f-ec593de0d50f,fc2265ba-8133-4e60-af32-0b135f4fc3cf,2025-03-17 03:07:13,Multiple failed logins,Medium,c32c90f74913cae2e80fabb239824b58
9dbe05f5-406b-4371-80e8-44976c30452b,ff2d9922-b0db-4e79-9e69-dde9abb78db2,2025-03-15 14:43:08,Multiple failed logins,Critical,0122c1078f85268a21e15a66b5c2d0ff
ba40a36f-5536-4e17-96e6-5c8c049d3f69,6ade7926-18a4-43be-bb13-3e4a5b1f455e,2025-05-01 15:33:04,Unusual location,High,d02b2d7ba3e3fa7b51565f3096b74be9
0c54f254-bc18-4e2a-a0ba-9d8772d3f3f1,e6dfc052-6a5e-4aa6-aca6-ff3581a23a84,2025-03-25 09:56:37,Unusual location,Medium,d63053348178d7b099bf7d6a38b90f4c
b4b440b9-3ea3-49cc-8936-324d383ceb24,11f5a691-d739-491e-8a3d-0cac3ba34fc5,2025-03-24 18:23:36,Large order flagged,Medium,ea3964c25a097d43c58ece6817123d3d
dd84d564-2142-49f4-98f3-c571046348a5,85c32511-7f37-4de1-882f-2efa8040dea4,2025-04-24 23:14:54,Large order flagged,High,ff37f497dfe70a2e1166e6037b96d033
d95b9767-7340-40ae-be10-d691160f28db,02cb4728-42fb-4733-962c-19a1d3c00406,2025-04-08 21:30:50,Large order flagged,High,73faa8be3e88e8269e38aafe7a223d4d
2ba8a24b-b529-4170-a0fd-d795e807642a,2cc9a5a2-91d7-492b-8d35-7118e35f4dde,2025-04-17 09:49:55,Unusual location,Critical,989a6d1bd9ce1f157e28a73748ca321c
4c3bc4f1-8848-4399-ac49-b3b1eb8c9e32,2eb88cd9-93aa-4403-b930-4d0d8ababa21,2025-03-18 23:34:07,Unusual location,Critical,aa95839893feb95d8f94c078a1674ca0
6abb538a-c895-4ed6-a1d6-1f318fe7e0b7,efd12b55-23e9-4f58-a207-35e1da7e7afe,2025-03-26 20:10:11,Large order flagged,Critical,e0c94817d79fd70119f4d4dd67402b1e
e2cc173a-2a68-45a8-8852-0362bd3b796d,3046e874-7757-4321-a055-3edea53305ef,2025-04-09 11:49:03,Stolen card suspected,Low,c5fad711e89acda07755ad716a307751
7d6ee599-193b-4ac4-8c59-92d776d957e2,19a564d4-ed76-41b2-bf45-d41d8500da78,2025-03-28 15:45:01,Unusual location,Low,ccca8eee7554d59137650a196c0ca4e0
52475cb0-8d35-4418-b866-149a96e10b2b,66beab47-39b9-4dca-b770-73f070a08070,2025-05-05 12:10:55,Multiple failed logins,Low,1ea0cf82b55164f287b367575f294a65
5f7716cc-19d5-41e0-bcf5-c751db5723fd,85c32511-7f37-4de1-882f-2efa8040dea4,2025-04-04 21:42:52,Large order flagged,High,cf59e90ad8a65cad648c8e32eda8d004
b01f669b-9eb6-4ae7-b05d-1f6b17cdfc0a,1839e3f3-d986-40e7-b0da-022e91928a13,2025-03-29 17:47:08,Large order flagged,Medium,1982ebf518c2208156e09c430eed8245
fd2bb73f-23ae-46f8-b257-24e5ae6a788c,fc2265ba-8133-4e60-af32-0b135f4fc3cf,2025-03-30 18:55:02,Large order flagged,High,0e0dfe394cfac3f6b8f8321dcbba8d9c
1db0aeac-4b2c-429f-af1e-b09b70c242f4,98079c5e-8c4a-4564-9ca5-658f9db89953,2025-03-20 01:15:20,Stolen card suspected,Critical,c7801fed721abc58d63c0590f5a7ea7a
ef4bca73-9ce7-4be7-b93b-7905ce1cb453,eb0851e2-3417-47e5-b97e-36ebf487607f,2025-04-26 12:34:45,Stolen card suspected,High,5e1cd346e6702286f4d70b2121a8da4c
14994bfa-6e41-43e1-9c10-7d75485e6cb7,6ade7926-18a4-43be-bb13-3e4a5b1f455e,2025-04-03 09:55:46,Stolen card suspected,High,a578039391daae9bd86a0a4ab546016f
92a038a4-3b40-4943-9efd-bc188c2db6b7,545d1542-4e1e-4804-851b-400d5b020f68,2025-03-23 07:43:56,Large order flagged,Low,2dce4318c0a9604a435307b4244aabc7
5252503a-1f1e-4a60-97b4-30aa8a8ce655,0e725382-cfa7-4eea-b824-68123317826d,2025-04-15 17:50:37,Unusual location,Low,7e82518e4d13d33384b4f3960635e4ff
79cdb628-c58b-412a-981d-b9102bc9e943,f34607a8-f6d3-427d-acf9-3d905082506b,2025-05-03 02:14:36,Large order flagged,Medium,bf129985a2f2152e812a44bcd4f33b90
b0c55e73-4d11-48a3-9216-6c2caae01b8f,eb0851e2-3417-47e5-b97e-36ebf487607f,2025-04-16 10:49:01,Unusual location,Medium,321f91f3ea36264f309fff323c9b3829
1827a619-8ad6-4fba-adf6-ba5e192a6132,829df66c-a6f3-474c-bc06-48d34aa71c44,2025-04-30 02:24:16,Large order flagged,High,b1e9974fa3216ee83f56176d08965650
a489afe6-b177-475d-824b-71bc0ba3176c,5e419f86-6e6b-4b45-a140-d03228124ecb,2025-05-02 04:46:48,Multiple failed logins,Low,950266eac2f574a3d7778326c51679e4
7a9bf659-4860-43ff-99c0-fc0aaa509cf9,11c38e31-9cd1-4350-ac64-1e541ef9fbaa,2025-04-06 01:56:45,Multiple failed logins,High,6f5caa53336dac4153a5ab3ab40e2389
bbfe7b41-5b10-4c97-bada-9bc26adddabd,5cefce5f-5a44-4f10-8dd7-0c809c4c169e,2025-04-26 23:11:22,Large order flagged,Low,8a7f48437c4b7eb76ed795f47a2d3d3c
49841645-429a-4219-85ea-427e84a6733a,f34607a8-f6d3-427d-acf9-3d905082506b,2025-04-09 22:40:23,Unusual location,Critical,5fd1035ba54da40e84e93bd2beff360c
4127a020-c493-4201-bcd7-5859615ecafe,9e99f1a9-2f4f-4656-b1f9-52feeb5fe236,2025-04-13 03:43:17,Unusual location,Medium,0166bd388ac9097f09423a3c09339378
79ba7804-959c-42c6-9d64-709439f95bad,85c32511-7f37-4de1-882f-2efa8040dea4,2025-04-05 04:08:12,Unusual location,Medium,34349a4c09e38fbe1d97f1619b538a71
f8599dc8-1fa9-412c-bcfa-5e0cfe5760ae,5e419f86-6e6b-4b45-a140-d03228124ecb,2025-04-16 01:20:47,Unusual location,Critical,3095b71f0ef736affdfc11d480401d63
3c184672-3b4a-49cb-9e40-0ba10ec04317,9a261f6c-478e-4a10-96ad-4b76e6f7f43f,2025-05-01 12:20:04,Large order flagged,Low,69bf55e6a2b4f003c93f9faa94bd6d2a
fa78420e-db3d-4362-a43e-e212121f2636,93a2faf7-17c8-4513-b63e-f27c8b36314e,2025-05-04 16:03:03,Unusual location,Medium,6eb4f9abd0943f97c6c01ff2d5ad469b
0908df76-abca-4ccd-8ee8-070451242c3c,33a546d5-7808-4799-bc38-8b809d0c5ed7,2025-03-22 04:50:58,Large order flagged,Low,a7e01f46291e48a0780806d8e829e53d
a94e5f9f-d3c5-495c-a1d3-dd3432188c75,2cc9a5a2-91d7-492b-8d35-7118e35f4dde,2025-04-19 18:07:13,Stolen card suspected,Low,8961347ac67bb3c936e257fca3bbe8b9
a913f7b7-174a-47b0-8aa5-6905777c194b,e6dfc052-6a5e-4aa6-aca6-ff3581a23a84,2025-04-18 16:04:52,Multiple failed logins,Low,4c832fe15d60c3fb8358258375399c61
eaeeef0c-d6ed-4209-bd70-e77e2bcdbf2e,dbe6c8e6-7cc4-477d-ab61-f3f2e5dce341,2025-05-05 11:30:31,Stolen card suspected,Low,ac85539e7787162e84c815357eef3fbb
af544d0e-2918-40a7-86a3-b8727a45cc31,796b2e76-cb5e-45a0-bba5-55e3896f4a19,2025-03-27 12:09:49,Stolen card suspected,Medium,de89e28cd5bf6003bfb5ff51e76d4b7d
0ca6694d-0ba6-406f-92aa-05f2a98acb18,68bdc8a7-ac0a-4ba3-a509-ce917bde451a,2025-04-23 11:19:38,Unusual location,Critical,ca390cc29f91ca00b53096efb83d995f
09782058-ed83-474d-a584-2cb1def7c8c4,7f191b14-927f-4975-84a6-4139f6dc9dae,2025-03-23 06:10:13,Multiple failed logins,Critical,48ce5179eac953d8c2b11526e2901565
260c5a33-4796-4d72-b9eb-67e224d01429,abc2f41e-ab8f-430c-9677-705f4343b0ec,2025-03-18 03:19:56,Unusual location,Critical,c29094c11363c80adeb2335fe67d8fca
69fc8786-e1af-434b-8998-2b819eaa1593,9d69cc1c-f492-4f69-938c-91efee85a672,2025-04-16 09:05:35,Multiple failed logins,Critical,58a4068674931858e0738c0c81ad7e21
1028eb6c-e9fc-4f8b-8963-a7ed9ded9c0f,5cefce5f-5a44-4f10-8dd7-0c809c4c169e,2025-03-23 08:36:04,Multiple failed logins,Medium,42c5eb386c8cf0d2e0f4c12e1b0959f5
45880e64-7d13-451d-a895-bb00659330a3,bed734db-9554-4ebe-b415-628b657962d6,2025-03-23 12:55:13,Multiple failed logins,Low,a2e5cf29a6308afb358811bb1b5112e4
a1f3df55-be08-4d8a-9208-df4dc05e4625,6e33f6a3-8056-4cdc-abd5-b6554a925aca,2025-05-08 19:57:28,Multiple failed logins,Low,3c10cb9ae786880ae00b11485b7f0b23
b1109f49-9901-444b-aa54-bcda719a4408,2e90cc5a-37c7-450a-ae09-18d7be038c34,2025-05-12 12:03:09,Stolen card suspected,Low,6ea4f6df135f2cad5173d9ec0237d08b
f9d15be2-6327-46c9-8788-e389c0a0ffc9,67004733-16a8-4c2f-9db5-f4bcfa0a4a3b,2025-04-21 01:39:03,Stolen card suspected,High,1a6f0b3dbda174e6f835ad7cc445b709
6ac9ebf1-4916-4b1a-a440-097fe5d6cc66,9de85a38-608f-45f2-b25f-78aab3924fa9,2025-05-06 12:27:53,Large order flagged,Critical,5408537126ae051445c3793030207d91
61b1ee09-4a7f-415a-944e-352128976eec,90448626-31aa-4d65-a854-dab84c21bac0,2025-03-23 19:04:04,Multiple failed logins,High,57bebd79230779862dc6fb8fd1a2fbd8
197287fb-63e6-424d-9de8-ce0b223176b3,3046e874-7757-4321-a055-3edea53305ef,2025-03-16 17:56:11,Stolen card suspected,Low,2accef4f8af2c9f38037480655b346ed
a6378c0b-7e4a-4c43-a758-48a14ee5c4f6,ee85931e-020f-4408-8af2-2b9bf4edd7b8,2025-04-05 11:49:42,Unusual location,Medium,a4d4b7c4a8790d9b14a9dd3743906900
80723217-6f25-4610-a524-18531b74de6d,f794693d-2fce-4b93-9462-2e86678f3a10,2025-04-22 05:02:12,Multiple failed logins,Critical,31d343dd98a1ac74be353f8be1d96d98
5d455e5f-6089-45dd-9935-f9e2d6941764,270a78d4-d980-45c3-bf41-9c12bdda3546,2025-04-01 06:52:47,Stolen card suspected,High,ea3ed19fe863024cc56e5480854f071c
80857026-40f4-44d6-9968-75433484aca6,84f6c6dd-37d3-4909-801e-b3d78f3e8099,2025-04-03 22:15:39,Stolen card suspected,Medium,70cdce46971c227fb62f60f5ad547c46
99a5ac50-751b-421f-8ca1-9b387c85f45b,9d69cc1c-f492-4f69-938c-91efee85a672,2025-04-17 06:38:47,Large order flagged,High,988da467042470155725dfb9d06a1723
93f1662d-2db6-4045-b8cb-15ad22f4d7ec,7f191b14-927f-4975-84a6-4139f6dc9dae,2025-04-27 06:30:43,Multiple failed logins,High,02a616960acdf38d3da8e0c806e18d6a
b99d6afe-5220-48e2-9468-38579df08b9d,d86011eb-bd81-4aee-b905-18ffad895411,2025-04-01 14:31:18,Multiple failed logins,Low,cf017ccb81538cafa0f394fad22ac232
2c69c602-439b-451c-8252-83536966e430,e859ce9a-a9dd-43fd-9cd7-bf1bd8c13964,2025-05-07 10:33:02,Stolen card suspected,High,1bb382cfa7f8c6c16e2620ae682758e0
93cd2790-c904-45f5-a7fd-541f767c21e6,0094c41e-8408-4846-b185-fbf114db7a0d,2025-05-04 21:28:22,Multiple failed logins,Medium,e8039bc010385602d00288fd4687e40e
d94b24de-f06f-4176-8fe2-d0e883cc4260,11c38e31-9cd1-4350-ac64-1e541ef9fbaa,2025-05-08 10:55:57,Unusual location,High,16352d4f83efeb396d7d8670eac2869e
525b391e-2150-4378-bd48-e2b69da8e832,a5cef112-752a-40ba-b573-df00b771d56a,2025-03-31 05:24:08,Large order flagged,Medium,7f1a7e2c6b0364c361defd9e1c39c83f
a87a026c-1a59-43b0-be46-2f0c9b6f6172,3046e874-7757-4321-a055-3edea53305ef,2025-05-01 23:00:42,Large order flagged,Low,2084e4f4c3918ef24d7a55bb3904c1d4
0680c6b0-0994-4cbc-a1bd-0d4e69e7ea49,68bdc8a7-ac0a-4ba3-a509-ce917bde451a,2025-04-06 06:32:39,Multiple failed logins,High,3c562998a3d565d15fb056f5aba45a73
90972c42-5164-42c5-9aac-fac80422797b,cca906af-6247-4f65-82be-311947bfff74,2025-04-04 19:29:52,Large order flagged,Critical,0be578e3f7a65708c0fe56ab67504b2d
605e2695-c22e-48ff-b8d0-eddf507c30b4,8a2b7c00-2a2a-434d-af0b-86e03d94e54d,2025-03-16 22:38:33,Unusual location,Critical,428dc949df2a6fed7e59437f7e02cd80
685e3236-b213-4b29-84ad-129ee9af9ef0,035765ce-dcbc-478b-b43f-f38992c442ff,2025-03-19 06:18:51,Stolen card suspected,Critical,9b43de0fd5cec3173b68d51e806c1500
b6320087-51e5-456a-9a29-54eea1ea7a98,035765ce-dcbc-478b-b43f-f38992c442ff,2025-04-10 14:13:32,Stolen card suspected,Medium,f36ab6c1c172e840d3c7b327f9a135f2
4a83a1bf-0903-4836-a17c-d65f4b930fa2,93a2faf7-17c8-4513-b63e-f27c8b36314e,2025-03-31 20:27:59,Unusual location,Medium,d8ddab2c17cec63d360b4dccf6364016
ed75b96c-721e-4dd4-9907-9bd762fe4399,3bb1717d-21cd-470c-9e89-3c63077a1359,2025-04-30 05:26:27,Multiple failed logins,High,d490d801d5fb4b0eb5cc953c8f6f401f
217a654d-95f6-489c-b79c-2e1ecc97072f,2998fa4a-22d8-4603-a0fe-09f27c36a0db,2025-04-07 12:52:40,Unusual location,Low,34141bcd6dee5cfb2393580adbc66355
c5708338-c64d-4461-ae1f-61d345c085f0,088e7d05-b0ef-4166-acb0-16d57f776a6a,2025-04-08 05:42:45,Stolen card suspected,Low,93ec36d17355904e96b51812adda9962
08d75b55-3e6d-4172-9f2e-8d73437d56d5,e073b0a4-d2f4-45a1-b8ce-63b5075e168c,2025-04-18 05:51:17,Multiple failed logins,Low,d38a702cdef9b7c526b1e47bc932ab8c
75c7863b-7c6b-4dd8-b399-2bbb168ba2b9,efd12b55-23e9-4f58-a207-35e1da7e7afe,2025-05-01 05:07:33,Multiple failed logins,Medium,bdcb71c954b8ae4bb87fba821cf6448f
8f0a3940-19dd-480b-9636-94845507182f,33a546d5-7808-4799-bc38-8b809d0c5ed7,2025-03-14 21:45:16,Stolen card suspected,Medium,5c6735a72a3de53abcd68e8bd94d7f9c
53b83eac-20bf-40d5-9ba4-5e08a10c8b52,11c38e31-9cd1-4350-ac64-1e541ef9fbaa,2025-04-12 19:00:47,Unusual location,Low,79423bebe3f837d2e056dd855b7731c0
25ce016d-94f6-4003-ba04-844cfa6524b5,01d50da8-b34d-48ef-b445-cefaaa00514b,2025-04-29 10:07:37,Large order flagged,Low,7fdb81a26cd336d6ad5b111b464bdc37
602f39d2-51b9-4600-91b1-993b3baa3ce1,2cc9a5a2-91d7-492b-8d35-7118e35f4dde,2025-04-14 16:54:55,Stolen card suspected,High,ab8984111a32fb9661fa1ccaf0eedc44
7769bc61-a9f7-4b87-b8cf-3b2646d1fbe0,2421a4de-b9b6-4373-992d-f10380e8449e,2025-03-24 20:04:04,Stolen card suspected,Medium,053352d0da801fad62b9f32e5294b5c3
9b9f463b-defa-4456-8dc6-553c5559b15f,829df66c-a6f3-474c-bc06-48d34aa71c44,2025-03-14 10:00:23,Stolen card suspected,Low,652949bf9a1fa258d017db80535552f0
4025812a-6dd3-4a47-9198-6e89774413ef,d86011eb-bd81-4aee-b905-18ffad895411,2025-04-15 03:51:57,Unusual location,Critical,f8f048f6d5edd368e804810d7af3518a
e397ecb6-fc97-433b-a764-c3ae1f0d565b,6b429bc0-656f-47dd-9580-28efbaf20c9b,2025-03-31 10:33:13,Unusual location,Medium,313b02d042c4fda1fcbd156d6b1ebf81
d2c6991e-ddbf-458b-b407-ba0f4cf7463d,1d301ea7-8438-4977-bbde-d4ecb1b9ca1d,2025-03-19 15:55:08,Stolen card suspected,Low,72a4a0b5098561e8dcdd272640147519
74aa1617-7d2c-4120-8f0f-b44845fa0d4c,fc6dcd99-4fd3-49f2-aac7-18023820fe39,2025-03-26 18:19:30,Multiple failed logins,High,02a66f2b5f4c410bc584e82119af4044
aabce842-655a-4256-8a9a-84885401ecca,017092b9-a700-41e2-8365-eeeddf441c3d,2025-03-25 13:22:28,Large order flagged,Critical,2bd9ff8f550196b6307fd0094aae334c
a36a8f26-4e40-416f-bef4-569c45bb1632,5e419f86-6e6b-4b45-a140-d03228124ecb,2025-04-07 15:29:32,Large order flagged,Medium,e327d92ed6b928bd1c8b2f91ea1bff0c
7705c0f2-ff93-4793-808c-7a2cbc0bddd0,bc0e387c-0b60-4a80-9ee9-45178de8cb66,2025-05-03 07:13:20,Large order flagged,Medium,ff98b0e13f57c39d503f4004e06f44a1
8f271e53-2797-4aaa-bfda-f4f24d614b30,68bdc8a7-ac0a-4ba3-a509-ce917bde451a,2025-04-04 01:27:20,Multiple failed logins,Critical,0a5143586ecac1bf365e367bf01a93c6
8623140b-45ae-47e4-8c02-022ab5f034a8,8a2b7c00-2a2a-434d-af0b-86e03d94e54d,2025-03-20 13:57:34,Stolen card suspected,Medium,f7328ecb80cec7b6a6f9cc5eba85137d
33f33ac4-8ede-47ba-b152-b292b0a398f9,3bb1717d-21cd-470c-9e89-3c63077a1359,2025-04-21 05:40:12,Large order flagged,Low,817147dd44fc2230737e9f487cc7cbd1
ef7c98ba-15d1-42a2-bc22-940361c3a670,eb0851e2-3417-47e5-b97e-36ebf487607f,2025-05-07 18:56:37,Large order flagged,High,8018c3d9c5c79d15f61beb6b76fdb08d
f14a438b-17f4-4335-ae84-b50fec803a72,2cc9a5a2-91d7-492b-8d35-7118e35f4dde,2025-04-18 12:30:13,Large order flagged,High,d5497e2b64e44f98f555b9407bdb454d
a85be1b2-d873-4257-9ad7-e8099d8c159b,2c063f55-8e12-40f5-82d1-e02e8211dcaf,2025-04-24 03:09:02,Large order flagged,Critical,e683011a574b4bcaa4aed1a45e3b5286
dbfb8dab-0313-4386-9996-c148d4ee503d,2eb88cd9-93aa-4403-b930-4d0d8ababa21,2025-03-29 10:53:39,Stolen card suspected,Medium,6bf8f1bd7da7f135a582b0ebe66ddd0e
6fdd2814-15ec-4f29-bbcb-08e480a6be46,796b2e76-cb5e-45a0-bba5-55e3896f4a19,2025-05-02 05:01:00,Large order flagged,Critical,48f221d9929538c944126fc8d78b6f93
5fb50da0-3dc3-4873-a2b8-6a4d4db81789,5f2643f1-ca38-40c5-adaa-748da8a72c69,2025-05-05 21:05:43,Multiple failed logins,Medium,fc1cf4c038dac1e548977edebf59391a
01463e09-634f-4cbd-b949-a94a666285ec,a9cda48f-5bc6-47eb-88d3-50606128be2d,2025-04-24 00:58:34,Large order flagged,Medium,00bb4031edc50635f601dc2e91b8a432
2fba07c9-f7a7-47a4-9407-e01c7665f47b,f326cd1e-3549-45d6-9382-4ce1eebadcf0,2025-05-01 14:19:46,Stolen card suspected,Low,863535f0a6762764f81490746241355f
788c6ff0-f1ed-4fc4-a4e2-4823c46ba5b5,5638cc23-cfdb-40de-9577-4997569c48f3,2025-04-03 11:34:23,Multiple failed logins,High,f8edd6e38e7ec0aa3ffd601297555103
5b851dcd-1804-4d10-a839-dc31b4b67fd3,270a78d4-d980-45c3-bf41-9c12bdda3546,2025-05-05 18:15:08,Stolen card suspected,Medium,69be568ca8459359894214f72e83bf0a
41db9828-e438-4e32-a4e5-6b35216b1013,a0d03e66-36a9-4e3a-b061-90884a47209d,2025-04-24 18:52:48,Unusual location,Critical,6de1d50f78f2b2110bf726509dc61aad
f5dee9d2-bdca-4be9-9c81-aada348300ec,5e419f86-6e6b-4b45-a140-d03228124ecb,2025-03-25 03:27:04,Large order flagged,High,2b43dd408db108f484f546641cf06142
bc612fb6-ac1d-4f0c-8d49-ad04b15c0380,98079c5e-8c4a-4564-9ca5-658f9db89953,2025-03-20 04:12:15,Large order flagged,Critical,f2078991c292902daa081638f0f43bfc
d578aac6-ccdc-4a64-8600-af07aca0f0b4,2e90cc5a-37c7-450a-ae09-18d7be038c34,2025-05-09 08:44:30,Unusual location,Critical,3a9a4e3f10b690ebe8f6fd6af6259dbe
ebf2ccb5-3fcf-4a8e-8c9e-b2ac24cd2615,fc6dcd99-4fd3-49f2-aac7-18023820fe39,2025-05-03 16:18:48,Multiple failed logins,Low,ad3466b6d0845dfd35ab5c63ffe0f9db
14686d56-cc4a-4fa3-8e7b-dd4fd98daa61,df600f99-242b-4e78-acfa-07fe39eabd9e,2025-04-25 19:19:18,Multiple failed logins,Low,06b0abcb2ecaf81091706b335e3778bf
df146cf9-f2a0-4fda-beb7-098ed59d1c13,3046e874-7757-4321-a055-3edea53305ef,2025-03-18 05:50:57,Stolen card suspected,Low,f280533a1826993aab436680b9112da2
8c20647c-c5a8-4b5e-aa23-ae2ef1bc9e49,86664865-4e84-4896-b9b1-3d58a3c19a13,2025-04-23 02:21:34,Multiple failed logins,High,e392ed2d675a2163948ce31692a7f06b
50f92430-b8f1-4bbc-ae2b-50ee7b161e60,abc2f41e-ab8f-430c-9677-705f4343b0ec,2025-04-05 10:19:41,Unusual location,Critical,464459fb566226863f5511d39f390e59
57604a6b-d661-44d4-87c3-10482ed392db,a9cda48f-5bc6-47eb-88d3-50606128be2d,2025-04-02 09:42:39,Multiple failed logins,High,c72dde2fc318ac99b36b10c82b51fee8
b0ffc018-b930-4141-8734-c64429d301e8,0475a1c4-c35b-4ecb-be0a-6103af0e3d5d,2025-05-04 07:45:14,Large order flagged,Critical,2791ee3c425fbaf004cd810a74d65c9f
09216c8d-d818-468e-bb03-c8cccb71ba40,9e99f1a9-2f4f-4656-b1f9-52feeb5fe236,2025-04-09 03:53:34,Stolen card suspected,High,0ccd7c0255cd2f489d66bbad2614fd1b
f1a8a7b2-07f0-42c4-b35d-cfb58b9f4d36,d86011eb-bd81-4aee-b905-18ffad895411,2025-03-31 20:51:21,Unusual location,Low,aeacec329f0778aaba7ef3f19d115e27
6d34abe2-28d6-4889-bcc1-ae9e08971839,1d301ea7-8438-4977-bbde-d4ecb1b9ca1d,2025-04-04 08:52:34,Unusual location,Low,b66625c82d970b56d9d4e08f0c01e1a3
501da940-bf4f-4d83-bf6c-c16fc627ca2c,1839e3f3-d986-40e7-b0da-022e91928a13,2025-04-30 14:37:51,Multiple failed logins,Critical,12ea7ff1dd0df0f3e7c59ef9c99107de
35dbcf22-dd43-4513-bbb9-504980fdaa1c,d86011eb-bd81-4aee-b905-18ffad895411,2025-03-24 16:09:22,Stolen card suspected,Low,5cc035a3feca5c74f8bf306f9fe47ae7
6af473fe-c468-4f49-8325-ba1797bad04d,efd12b55-23e9-4f58-a207-35e1da7e7afe,2025-04-18 09:01:28,Unusual location,Medium,a3bcd03829f38f70ab82dca44eee837c
f3405a04-4e4d-471a-9af6-53c87e38f2a1,ee85931e-020f-4408-8af2-2b9bf4edd7b8,2025-03-29 06:15:29,Large order flagged,Critical,adefe1078eb04de137eb94d571fe7e45
dbec1150-cb1a-46c7-a308-ce52fd98eabb,67403e9f-0231-4a15-848a-d9cea4795a2a,2025-04-28 17:36:17,Multiple failed logins,High,812afa6e77d4031cc34eb5ceaae879e3
c6d22147-a036-4f5a-bf6d-da1dd1d25706,f794693d-2fce-4b93-9462-2e86678f3a10,2025-05-07 07:32:36,Multiple failed logins,Critical,ac50ca3a7c691c3fd1eaaefdb0348239
c8b60c6d-1f17-4866-a34a-aa3ef8444c4b,2cc9a5a2-91d7-492b-8d35-7118e35f4dde,2025-04-17 22:44:01,Stolen card suspected,Critical,eaf6af13da933bba6f1f21cbb7d96d55
b38e5881-4441-4d98-8fab-d083e7027e33,8a2b7c00-2a2a-434d-af0b-86e03d94e54d,2025-04-21 14:06:36,Unusual location,Critical,c1c5d426cbec4ce4701b82be1421f217
ac6acfe9-1e4a-4faa-ac83-70dcfadffd46,0475a1c4-c35b-4ecb-be0a-6103af0e3d5d,2025-04-17 21:15:48,Unusual location,High,87d9fd573a435bda0467fc8dc6b02819
3e0a49d0-063a-41ab-bd86-6cb845332f37,c0e366b0-4820-408e-94df-b7532085e9c5,2025-05-12 08:21:47,Stolen card suspected,High,57f6a49f292dd6269bd9644d1bf1b9cd
2ee1c0b5-277a-40c8-80ff-b60e3ea79601,2421a4de-b9b6-4373-992d-f10380e8449e,2025-04-21 20:02:23,Multiple failed logins,High,e83e73834d764d48d9c61c035bda12ff
c81514e1-cd98-4b26-b032-00733da541e1,19a564d4-ed76-41b2-bf45-d41d8500da78,2025-03-17 23:17:26,Unusual location,Medium,b061fe1cb703614eda6f187428657239
fa1b0608-36a7-44b5-87df-b8f0cddd0ff1,7c5d467f-5fb0-4f77-905f-8acef67d84a3,2025-03-14 16:33:14,Unusual location,Medium,ed687fb2a9b018d6e6362ce44e90422b
0920e2da-ec8f-4166-9682-c5fdeb5981df,5f2643f1-ca38-40c5-adaa-748da8a72c69,2025-03-19 05:11:05,Multiple failed logins,Medium,e3b465edb521154d6451a5d845798ede
eefd861c-7b2b-461f-ba92-cdaff3ab5581,07a7c40b-1082-478f-be65-ed92db3c2b5b,2025-05-05 07:48:31,Multiple failed logins,Medium,9d0cd73852a8adfc162e0a91d964a6d3
7be42a89-3501-4a76-869b-5c700181633b,e859ce9a-a9dd-43fd-9cd7-bf1bd8c13964,2025-03-16 10:09:22,Stolen card suspected,Low,e488e503211180e1f24f94776122835a
74f9b871-a1f6-4834-b094-60e26c16a244,9de85a38-608f-45f2-b25f-78aab3924fa9,2025-05-03 08:01:26,Stolen card suspected,High,1e0d786e1f72b45a0c434d8e40ba5ba0
8913ed94-20cf-41c1-913e-d57e990d07f7,68bdc8a7-ac0a-4ba3-a509-ce917bde451a,2025-05-06 08:39:37,Unusual location,Low,fe8ff33910c41b138ee4c78c05606087
f5f549c8-8260-4fe7-bbbd-69093511a5fa,11c38e31-9cd1-4350-ac64-1e541ef9fbaa,2025-03-16 01:40:18,Multiple failed logins,Medium,81e35e5175e412d7590dab8524a565f2
f40d72ac-dd67-4f1d-970c-1f264c2fd96d,796b2e76-cb5e-45a0-bba5-55e3896f4a19,2025-04-18 02:26:32,Unusual location,Medium,489437e44ad495ea7b57bd7ce767f2e9
b2aee68a-a0e0-4231-bd3a-fa3df481d70d,2cc9a5a2-91d7-492b-8d35-7118e35f4dde,2025-03-26 00:53:23,Large order flagged,Low,a1d5876d43fcfcad8631ad695a2948d3
db74234d-3c6d-47f2-86dd-08b211bacc77,86664865-4e84-4896-b9b1-3d58a3c19a13,2025-04-14 11:47:43,Large order flagged,Medium,e5000b98d570fb88f246eb9f086b5c2a
8388bb27-f070-448f-95fc-b1bd4901e321,0e725382-cfa7-4eea-b824-68123317826d,2025-04-23 19:48:20,Large order flagged,Medium,453ddd18293cd88c369ed9744ab05553
3b8a6065-4b03-4d29-8771-49be3abe58f6,11c38e31-9cd1-4350-ac64-1e541ef9fbaa,2025-05-04 18:46:13,Stolen card suspected,Low,a876bb10afacc53cf17e56cadabfcd6e
d26748d2-bd4a-4b20-bd16-5512e503665d,9e99f1a9-2f4f-4656-b1f9-52feeb5fe236,2025-04-13 06:37:43,Unusual location,Critical,5ee346eef8ffbf1a970e7858e6366283
01e858f9-7809-4ce8-9297-b409fe260610,9a261f6c-478e-4a10-96ad-4b76e6f7f43f,2025-04-01 14:20:47,Large order flagged,Medium,9296ff87d6ffc24320371fb595d7fc40
385174d9-4801-4e15-b829-55216b08a2f0,07a7c40b-1082-478f-be65-ed92db3c2b5b,2025-03-29 00:20:12,Stolen card suspected,High,4c13e8c3ff3ee3115f78cbc2805062d7
04a18cc2-2b15-4160-8fda-215515e2f998,a8fcbccf-0403-4a4c-a900-7f5c87ef1aec,2025-05-02 05:55:27,Large order flagged,High,b841213598df587ee0bc6c57f934fa59
03e43d6a-0e72-4360-8701-df015c2fbf05,fbd733a9-47d4-4e40-88be-709357213476,2025-03-19 19:23:14,Large order flagged,Low,e3bbbbed35de274d47b1471f06997aed
d7f19bb5-1d50-4515-a282-f89eb2d27609,0e725382-cfa7-4eea-b824-68123317826d,2025-05-10 19:00:05,Large order flagged,High,21b3715a6122e08c09850c0d001005f0
b3975140-81ba-4205-acd8-ed1a61d7ae5a,1839e3f3-d986-40e7-b0da-022e91928a13,2025-04-13 19:46:09,Large order flagged,High,f599e03f73baa7b87ab7ddaedb5e65ec
eee97bfc-0efa-408e-94d0-d441cff3125f,bed734db-9554-4ebe-b415-628b657962d6,2025-05-07 21:57:04,Large order flagged,Critical,f7179612461f191a843e3142b6b70632
f8b911ca-cf97-4a9c-a494-8bd6068bc204,5e419f86-6e6b-4b45-a140-d03228124ecb,2025-04-23 06:27:14,Large order flagged,Critical,dbba4d441308652031f86f3515c51d36
c1a7c72c-9241-4005-883b-faa3703d026f,fbd733a9-47d4-4e40-88be-709357213476,2025-04-29 11:47:14,Multiple failed logins,Critical,e5390f7f8379ad25713b375da5ff8edc
527e6183-89ee-4453-8e13-650c8e3b6259,545d1542-4e1e-4804-851b-400d5b020f68,2025-03-29 09:19:34,Multiple failed logins,Low,f3d06b7bdc4ddc2884bcdc0d87627b7a
eaf37ebc-30e8-47ba-8b34-78d9fa30c40f,e27170d8-ce33-4bf7-8f25-44b9c31f435b,2025-04-20 05:48:51,Large order flagged,Low,42a5b8ef510e7e7bcc80336af00fb6b6
3bc4d9fb-23ce-460e-8bfa-06e7da9560b2,788d99f0-9972-408f-858c-28268e4d1d93,2025-04-01 19:39:54,Stolen card suspected,High,491dfc414264a0c4dd0621ed58d45e0a
b3519a98-b4fe-4c4c-b782-b8e978a18254,0475a1c4-c35b-4ecb-be0a-6103af0e3d5d,2025-03-29 06:53:37,Unusual location,Critical,ddcc840cbf77f1122f97fe573664e05e
a3a0f6c4-081c-4725-93ad-2516752e27a2,65979d31-3be2-4e1d-8bcf-c43c3bfc1891,2025-04-18 18:01:12,Large order flagged,Low,acbfbdaf0c0e280c5a3699c4a469dbf3
7e1fcfd3-7820-4801-94af-da9c613c1c2a,bed734db-9554-4ebe-b415-628b657962d6,2025-05-05 10:37:31,Stolen card suspected,Medium,96ba9f65623ce05755a600694288fa38
55432084-0c21-4158-b57b-a07eaaa8494f,cca906af-6247-4f65-82be-311947bfff74,2025-03-28 19:54:22,Multiple failed logins,Critical,57bfa8acd95583cfbda1c03d96c3c8e5
bf246c82-bbcc-4513-850a-a918897e050b,9b1ddb4a-54b2-4afc-bce8-defb8d65c1f3,2025-04-08 01:55:44,Unusual location,Low,b59efce5e62c00e289f0a7efbd9cd70c
f6cce72e-19d8-4bee-bfe9-e2ebda954087,a8fcbccf-0403-4a4c-a900-7f5c87ef1aec,2025-03-26 21:01:34,Multiple failed logins,High,87a9204a26332579617a535affcdac98
c75b51f7-c344-4724-b0df-07f8afe1c407,32c5b93f-8271-4c50-a62b-e8f545caaa6f,2025-03-27 17:06:54,Large order flagged,Medium,876ef6837f8d8976c40833c5a5b5a7f6
e3b9e874-bd1a-473f-905d-cbfebee13873,68bdc8a7-ac0a-4ba3-a509-ce917bde451a,2025-03-21 03:56:30,Unusual location,High,5e4a76b6c83848117f118fdfbd01d698
8a7f3586-5d7e-4697-b62d-26d0e25c0f3b,c0e366b0-4820-408e-94df-b7532085e9c5,2025-03-22 00:06:31,Stolen card suspected,Critical,7ee54fab081ebbcf43d22e188b4f2c86
8b1cb8e2-dfca-4c76-8937-f9adf1fff14c,2421a4de-b9b6-4373-992d-f10380e8449e,2025-04-23 14:59:45,Large order flagged,Low,1c7db039e6df1139736c9d6995fc62a5
8836f754-e2f3-4f33-9f2e-502d218e382e,19a564d4-ed76-41b2-bf45-d41d8500da78,2025-05-01 21:38:04,Unusual location,Low,6dfb48e823c805ff5a956e973f6a6d8b
3807dfaa-8f59-4712-91d0-6f275648b5c9,15da51da-ad36-4db6-958f-37f69e74b4b6,2025-05-07 01:59:51,Large order flagged,Low,f451f7c61b91bd5550e68dd4a703f29c
396dc4d0-95cf-4b1c-b46d-5ad01098b012,abc2f41e-ab8f-430c-9677-705f4343b0ec,2025-04-13 19:08:43,Unusual location,Low,13135d1ac73d4bd27ebb1ca7333e3f76
d4572652-fb15-4c34-bd6b-ce810f046df3,65979d31-3be2-4e1d-8bcf-c43c3bfc1891,2025-03-24 10:02:31,Large order flagged,Medium,5d4b8196ce0052479dffe0dac9ca3728
cb58ff0c-2c3d-4dd1-b792-a04e2882c2bc,cca906af-6247-4f65-82be-311947bfff74,2025-03-26 14:57:55,Unusual location,Medium,a9a9ce8ffa9b398a865263ba27821c1d
e41f27fb-9f8e-4b2d-967b-8ba7c41c8be1,a0d03e66-36a9-4e3a-b061-90884a47209d,2025-04-04 11:32:18,Multiple failed logins,Medium,0ff8763d85c9ed66eadc79ec0f40a699
e9c61f8c-a73f-40f6-94a0-61df889a2900,2998fa4a-22d8-4603-a0fe-09f27c36a0db,2025-04-14 13:23:06,Large order flagged,Medium,2fca280b8c2e703ebb7327a522bfb6c3
60fc6807-8cd4-4a91-bfaf-01d6537d920b,653cd13f-483a-49af-9e45-04707ae1508e,2025-05-05 21:30:59,Unusual location,Low,38fc0335ff0cfa260fdb7baf08f40e50
69bf07ea-278b-4012-b46f-1564420688bb,cc7e6efc-6c65-4b2c-9314-ee7b451acbdf,2025-04-07 05:16:28,Unusual location,Low,f92182994af3f866f3cd335093c9cd1e
fc130362-bb7a-4f0e-937e-a09e18c0bc4c,a8fcbccf-0403-4a4c-a900-7f5c87ef1aec,2025-04-15 06:53:35,Unusual location,Low,820d1dab94ab9bff4642572f305f78d6
ec5a7136-3e62-408d-bdf4-f617f431256e,cc7e6efc-6c65-4b2c-9314-ee7b451acbdf,2025-05-01 04:43:22,Multiple failed logins,Low,0d72cef6f8bd44a897b7139f3a65b279
12e234bf-a7cc-4d19-a21a-fb8194bbbb8b,796b2e76-cb5e-45a0-bba5-55e3896f4a19,2025-03-18 02:16:37,Stolen card suspected,Critical,ad467d5888ce3ecededad711eeeb9e31
8bc975ec-e304-4346-8d98-9c7135acc8e2,2c063f55-8e12-40f5-82d1-e02e8211dcaf,2025-03-22 09:31:39,Unusual location,High,9b1e22c991b02c14180a89260e0413ce
1d42ebdf-73c9-4c13-912d-a68ff70c4477,653cd13f-483a-49af-9e45-04707ae1508e,2025-03-21 01:17:55,Large order flagged,Critical,e43503629b633a5d74cf30952e766c91
403c2ca7-27ba-48e8-ac8a-ada323eecae8,788d99f0-9972-408f-858c-28268e4d1d93,2025-05-07 19:09:15,Multiple failed logins,Medium,0f27b9d50a155cfa2d8f2fb75127e76a
5c3c3c1c-cf0b-436d-99e6-9f4ad7351e3f,270a78d4-d980-45c3-bf41-9c12bdda3546,2025-04-01 11:03:23,Unusual location,Low,fe278e4eeaec52545ca944ce182d13fd
c9b1746f-2500-4481-84b2-54cf5f2480cb,422d5e26-8e3d-4eac-b286-f70ead07c1f4,2025-04-04 22:11:51,Multiple failed logins,Critical,fd8a811b7b1e1fd2eab899141e4e751a
b4b91d7c-a1f9-4c83-bd91-49ad847f7857,f69962ca-a6b4-4464-878e-59ae6b43b6f8,2025-03-31 17:01:36,Unusual location,High,4d4c0da383547f9f1ee33949c6fff9be
f6bc40e1-c5ea-4794-917e-c389a91951fc,035765ce-dcbc-478b-b43f-f38992c442ff,2025-04-25 12:11:36,Large order flagged,Low,ad7f915d3505b3c97effc3ce5ed19faf
31df5e32-72b7-4869-993b-3332852c99a4,f326cd1e-3549-45d6-9382-4ce1eebadcf0,2025-04-17 02:33:22,Unusual location,Critical,2e06e30126e563a6e6857ea5eab55be1
ee07eabb-6fac-4c9d-a6b7-8bd237a1b999,d00399b5-89cb-48fa-8d60-5ea1f649b655,2025-04-03 22:04:04,Stolen card suspected,Low,dc3e1f1795adeb88b00c33d7f454c581
b7c05904-0ba0-4422-814c-5c56318f65e7,2c063f55-8e12-40f5-82d1-e02e8211dcaf,2025-04-24 17:38:41,Stolen card suspected,Critical,4df8def730ee88c346279c13d21d132c
7c0bde68-bb1b-4124-af35-8270ffa329fd,19a564d4-ed76-41b2-bf45-d41d8500da78,2025-04-21 18:41:13,Large order flagged,High,926d0b2abb0ed8198ee6de3004a986de
07794166-52ae-4b22-b5f1-42d26470ede5,a5cef112-752a-40ba-b573-df00b771d56a,2025-04-09 18:40:58,Multiple failed logins,High,dc649a601104693d9e03c95c0a9d696a
3d4aa143-01b7-4809-bad4-14f90f6f957d,11f5a691-d739-491e-8a3d-0cac3ba34fc5,2025-03-20 11:32:35,Stolen card suspected,High,6ccf243f128a4f8ea372ffc2e50f7f69
53212f9a-a8b8-4d92-9578-3b096b9b0ce6,11c38e31-9cd1-4350-ac64-1e541ef9fbaa,2025-03-25 02:29:21,Unusual location,High,8cb15a27f3004eacc7f538b9adc5bef4
65c12c0e-23da-4764-a907-d6be665c354c,33a546d5-7808-4799-bc38-8b809d0c5ed7,2025-03-22 00:39:41,Large order flagged,Critical,250379fcdbb349480a4162401564492c
b43bd8e6-1e51-4f00-bbbe-68074349f7f3,2e90cc5a-37c7-450a-ae09-18d7be038c34,2025-03-29 06:08:45,Large order flagged,Critical,2ff2dd4ba8decd2eaab04aaa601caadd
321e1b0b-b0cf-4cdb-9075-cb5aed66e591,93a2faf7-17c8-4513-b63e-f27c8b36314e,2025-03-27 14:23:04,Large order flagged,Low,c10bb0370dd1faf28a022a5fbbf56d4f
4265d06d-908b-46cc-a662-dd5b92801e61,e6dfc052-6a5e-4aa6-aca6-ff3581a23a84,2025-05-07 02:18:51,Multiple failed logins,High,64fdd7d2ddea4d08883ef919fe81b40e
c5db2cd1-d228-47bc-9c7d-e0eed1c02535,d00399b5-89cb-48fa-8d60-5ea1f649b655,2025-03-23 10:32:01,Multiple failed logins,Low,e414cc6cfcb40bbb9985d89c1339fe2a
61c09132-79ff-4bd8-a7c9-144809dea555,422d5e26-8e3d-4eac-b286-f70ead07c1f4,2025-05-06 20:36:26,Multiple failed logins,Medium,5bf97d50b85356715f82101275995652
46ba529c-413c-462c-a22a-8f8c2869c634,2c063f55-8e12-40f5-82d1-e02e8211dcaf,2025-05-07 00:58:30,Unusual location,Low,9e0aefd3c5d7cbd10f1ff5609fbd743d
9f872e98-c7a5-4efb-898d-3e94b2d4eea7,1839e3f3-d986-40e7-b0da-022e91928a13,2025-03-15 19:46:00,Unusual location,Critical,f3c3f8ee157b015dee91df07b0150a48
c152a367-3d26-49d0-b57d-1c042732e4b7,bc0e387c-0b60-4a80-9ee9-45178de8cb66,2025-03-18 05:39:53,Stolen card suspected,Medium,69f8c8ba75b1f18f993e0223b08c36ad
0b5e5df9-40b1-46d9-af17-8067c7db2927,0094c41e-8408-4846-b185-fbf114db7a0d,2025-04-22 19:42:11,Multiple failed logins,Medium,f61bf77a398ca165226412f474636174
fa9cdb58-7651-4b54-b22a-bf45965713f4,088e7d05-b0ef-4166-acb0-16d57f776a6a,2025-05-05 21:53:59,Multiple failed logins,High,53e48e805f109b08fb187cda40261c26
6bbf7478-cf7b-4feb-bd03-033c6181785e,abc2f41e-ab8f-430c-9677-705f4343b0ec,2025-04-07 11:40:55,Unusual location,Critical,39e6c9ce5a39258cd1ddcdec4cf8a17d
97ab9016-30b4-4adb-aa5d-57b89bc5bcdf,0094c41e-8408-4846-b185-fbf114db7a0d,2025-04-18 15:15:32,Unusual location,High,647696ed0ace8104bb3e92002045fc41
31e64b38-9059-422a-a43f-ad887f86748e,6e33f6a3-8056-4cdc-abd5-b6554a925aca,2025-04-14 14:55:59,Stolen card suspected,Low,47e0fe21bc5af5ac0723ead8b7048466
cd81b132-045a-489b-b797-996b538dde3b,9b1ddb4a-54b2-4afc-bce8-defb8d65c1f3,2025-04-29 18:04:19,Stolen card suspected,Low,67bd6933a523b44dae62222ed3c9597d
e20d4d00-5dae-4e49-8f90-1222ef87216a,7f191b14-927f-4975-84a6-4139f6dc9dae,2025-03-28 15:54:38,Stolen card suspected,Critical,a0da2442248d15c96aecc955c9e00e46
3cfcd5e5-ec8d-4a99-8e70-297644e9bc8f,dbe6c8e6-7cc4-477d-ab61-f3f2e5dce341,2025-04-26 19:09:09,Unusual location,Critical,4db7a9605764b92d6d8f4abbb9c0aad8
96b2195b-da99-4e87-9ae1-7c0834a3fab7,0094c41e-8408-4846-b185-fbf114db7a0d,2025-03-16 02:55:59,Multiple failed logins,Medium,cd66d143ed20b6384c820295f5fe3d0e
2b9d90f1-d85a-4ef8-be74-e64995f9142e,df600f99-242b-4e78-acfa-07fe39eabd9e,2025-04-21 23:21:33,Multiple failed logins,Medium,4c93d0e78079b8e38281a867b73bd727
9cdf8065-1eb0-4b5e-9f58-0fef85dd0c99,7f191b14-927f-4975-84a6-4139f6dc9dae,2025-03-30 21:51:43,Multiple failed logins,High,710efdf605a299cd733c7ee98abb10b8
cd0c458f-0ad7-4daa-95d2-63e38d016425,cca906af-6247-4f65-82be-311947bfff74,2025-03-26 13:39:24,Large order flagged,Critical,01f8cf4f753b8b864ca5be7529fa8791
843959a4-7e74-4049-a14a-21412f27af54,d86011eb-bd81-4aee-b905-18ffad895411,2025-03-25 07:51:32,Large order flagged,Low,dd2bb7df303d23eb7baf5bed182a9709
c27bfbf5-4d7d-4321-a770-a4aec4113bb3,19a564d4-ed76-41b2-bf45-d41d8500da78,2025-03-16 09:29:18,Large order flagged,Low,3345695f073cc9681a258006ceb7f80f
a925c2d0-ad19-4ecc-b650-526bd682ff1f,01d50da8-b34d-48ef-b445-cefaaa00514b,2025-04-20 11:31:38,Stolen card suspected,Medium,5380ee6a9c6c934df0d2acd879aa951d
ef50b5ed-c1a5-4cad-8745-ed077b2ec7fd,ee85931e-020f-4408-8af2-2b9bf4edd7b8,2025-03-20 04:18:46,Large order flagged,High,ce1a86e48308d995925e363bdf48230e
affc2280-f6c2-4f3d-b5b4-8a04b482c9ed,2c063f55-8e12-40f5-82d1-e02e8211dcaf,2025-03-22 05:23:46,Large order flagged,Critical,f23a7355c663a310836d413e214b9f37
6bbc97e4-c88c-4edf-8313-19b17e1fc080,6ade7926-18a4-43be-bb13-3e4a5b1f455e,2025-04-23 17:20:21,Unusual location,Critical,519d3c72171f9f4a568ff83b840f41d5
ef2a9b3f-3fb5-4b83-bb8b-80b1d27f5659,e859ce9a-a9dd-43fd-9cd7-bf1bd8c13964,2025-04-03 02:13:04,Multiple failed logins,Medium,b15309b23f930dd42fbdf074a9454d09
fde109f3-9b73-42fb-a732-09801607ceb4,33a546d5-7808-4799-bc38-8b809d0c5ed7,2025-03-20 12:28:04,Large order flagged,Medium,8b6af0ad1bf99695c9f2066021c2f296
3d6ff368-07f6-432f-9d45-0d1c6c7751de,0e725382-cfa7-4eea-b824-68123317826d,2025-03-16 22:18:14,Large order flagged,Low,a717532cf51a99320eb423a0b014aabd
4c8c77d2-a898-4503-885c-084749a62b5e,65979d31-3be2-4e1d-8bcf-c43c3bfc1891,2025-04-28 05:40:39,Large order flagged,Medium,f65a43ee11e6616bca568d53928ac519
88cce2f5-4d6b-419d-bdb9-44da88510e5f,67004733-16a8-4c2f-9db5-f4bcfa0a4a3b,2025-04-22 20:53:40,Unusual location,Critical,da1deb4b1916e218a43a6dbf0cb985b9
c69eefa4-2e75-425d-a6ef-036c79bc2ad1,e52160b8-9208-4ee8-b49e-702370bb38e0,2025-03-16 18:44:25,Large order flagged,High,7292d9f6be195a2a016bb5ccda3e7a01
d0063421-277c-4014-b2e0-f70405c9f998,a9cda48f-5bc6-47eb-88d3-50606128be2d,2025-03-31 12:07:26,Large order flagged,Low,8b82245e57b8bc868108299d13b112fd
54c43fe0-7d78-4b0a-8ddf-c56b540f4fea,8a2b7c00-2a2a-434d-af0b-86e03d94e54d,2025-04-02 02:46:36,Unusual location,High,ef67640ec1afba2c7bc058e92cebc97a
d6fb7271-902d-4858-ab09-1b0e2c04fd09,9b1ddb4a-54b2-4afc-bce8-defb8d65c1f3,2025-03-18 17:27:28,Stolen card suspected,Low,222331aebb13e1f22a82ab2168b929af
a59dd49e-07b5-43a2-919a-33cd13c0df89,dbe6c8e6-7cc4-477d-ab61-f3f2e5dce341,2025-05-07 20:50:43,Unusual location,High,692e761d2db2257124947fade6dc73e4
f9d97d6a-8743-4801-87b7-26e4f0cc347c,01d50da8-b34d-48ef-b445-cefaaa00514b,2025-03-16 09:10:02,Stolen card suspected,Critical,9c2bbd86697bcfcf636b3ccf2865a52b
eaf4fa0e-7ba4-475b-b42b-607ae6ab7f5e,bed734db-9554-4ebe-b415-628b657962d6,2025-05-01 06:35:33,Multiple failed logins,Low,a080c6bd9811a25632a2fd95f6abe09f
9e9be886-6daf-4e31-a3b8-e53e8d07398d,fc2265ba-8133-4e60-af32-0b135f4fc3cf,2025-03-30 22:52:06,Multiple failed logins,Medium,09974345aa8364d548ec432b08c1a0b0
cd89b980-df1f-4c89-8042-84f77992ee52,829df66c-a6f3-474c-bc06-48d34aa71c44,2025-03-28 01:27:29,Unusual location,Low,59b0fdb124cde962f94a4e62dddeb50f
9442f082-0d37-4484-b998-50f9659c7b67,422d5e26-8e3d-4eac-b286-f70ead07c1f4,2025-04-21 08:14:22,Multiple failed logins,Critical,2a22c05e77c5b489256601eb6f17fda1
c1d1c8d1-1765-4dfa-8b2e-722ea23bce95,5cefce5f-5a44-4f10-8dd7-0c809c4c169e,2025-04-19 01:16:14,Multiple failed logins,High,0bfac0bba800b78e360f859269f82130
fca8b93c-b151-4c88-b0b7-9295c1761da1,33a546d5-7808-4799-bc38-8b809d0c5ed7,2025-05-09 11:53:24,Multiple failed logins,Critical,f2e8380e510f34f339dfcd000430fc96
c117af70-b5c3-4bc9-badb-960c7c380bf7,7ec92f10-c40e-4160-b34b-395017c26b71,2025-03-17 02:06:42,Multiple failed logins,Medium,4e91eb8c78558a1b56b8f2ea0d22d85a
2dfa7429-bc28-42de-9f0e-5e8f712fda56,9a261f6c-478e-4a10-96ad-4b76e6f7f43f,2025-05-06 12:19:05,Multiple failed logins,Low,7b161fd55c4a54a32ea1d3c3a6fc9ad3
3a303882-934c-4a88-9562-7cf6dedc4593,422d5e26-8e3d-4eac-b286-f70ead07c1f4,2025-04-24 15:44:41,Large order flagged,Critical,968857866b4d3a698b87383bb4616c1a
e25e0047-0f53-48a3-a1ae-fd5ecdeae22d,19a564d4-ed76-41b2-bf45-d41d8500da78,2025-05-03 02:28:20,Stolen card suspected,Critical,9c75f3b50dab5281b14b040970e3f381
0f0729f3-7e84-49f1-a92e-9b5c5d3b6c77,0e725382-cfa7-4eea-b824-68123317826d,2025-04-13 03:31:57,Multiple failed logins,Critical,4431d0280ead01326f21c426db6d78f5
49d057ef-4fcb-49d4-b87b-4fb73e861a60,1d301ea7-8438-4977-bbde-d4ecb1b9ca1d,2025-04-13 04:06:19,Stolen card suspected,Critical,88aa07b58aea3f4a226be275cb8721f3
79a820a4-a41b-4397-84fd-aa4482b62234,088e7d05-b0ef-4166-acb0-16d57f776a6a,2025-03-25 13:07:18,Stolen card suspected,Low,38c9b7166b8c6c54a3707700e170f379
91c22d06-a221-4e12-9437-173a9ac769a5,e27170d8-ce33-4bf7-8f25-44b9c31f435b,2025-03-23 12:09:15,Multiple failed logins,Critical,2eb4bec77066208969755a438e4e5ab8
1915f8ea-a534-43dd-8c86-fe3282ee7f4e,2cc9a5a2-91d7-492b-8d35-7118e35f4dde,2025-05-05 08:23:50,Multiple failed logins,High,c128b5fa5863c0692709aca080109ffe
8898cf37-5074-4928-88d6-1b6bdd18712f,270a78d4-d980-45c3-bf41-9c12bdda3546,2025-04-12 16:01:32,Stolen card suspected,Low,346052d86112beae89beba661706cc12
d5daafa0-7f3c-4a0f-8a55-d46c41128f4d,422d5e26-8e3d-4eac-b286-f70ead07c1f4,2025-04-12 00:17:47,Large order flagged,High,3b46c34f2fc79d6144c7bef655e01828
4482e387-0295-4079-9fb7-fc331de87edf,54908c4a-1561-4b07-b9d8-8cfdf77e25a7,2025-05-10 23:42:06,Large order flagged,High,412c03340527672a96cad6bc8f56818b
51f61880-c138-4e9a-ba76-b3b3a7996201,df600f99-242b-4e78-acfa-07fe39eabd9e,2025-04-02 07:58:41,Large order flagged,Medium,5d804b00cbdad92657f7592fd0a84252
6ff8d434-67e5-42f4-864b-932173a309d1,2cc9a5a2-91d7-492b-8d35-7118e35f4dde,2025-03-20 15:19:06,Stolen card suspected,Critical,1e7beb66550de6814342ea0177efd5b8
ccc581c5-2e50-4916-8ead-397562f79735,2c063f55-8e12-40f5-82d1-e02e8211dcaf,2025-05-09 16:31:56,Stolen card suspected,Low,a6c051ea3e2592ceb05e42b9bb180819
fe5060bc-e18e-4e5d-ac32-41fc6708fc29,b92ca163-e06f-44a7-896f-f4b2dd7e856f,2025-03-21 06:20:37,Stolen card suspected,Low,3725dd7fbaa4295766495acf6d05544c
36aea410-4ef2-4c29-9943-989e760c5593,6b429bc0-656f-47dd-9580-28efbaf20c9b,2025-04-04 01:55:30,Unusual location,Low,a208bf79dee53dfb6b396deba6207e41
0092186e-a700-486b-8a03-78772dfb74c3,1e9a0433-e9bc-421d-9dbb-d2cbf6fb2297,2025-03-28 14:23:39,Stolen card suspected,Medium,00d612d7814d76b2d79a3d08e7c70e89
6f888754-490c-4efc-8dda-7f03637a2f69,829df66c-a6f3-474c-bc06-48d34aa71c44,2025-04-07 23:56:35,Stolen card suspected,High,cdb6ccdbcfe18a209fea1a113858639a
2d075308-81e5-4ef4-8901-9cc75bf00723,e52160b8-9208-4ee8-b49e-702370bb38e0,2025-03-21 11:48:16,Stolen card suspected,High,11d5a3c68097eb7220df25942d808fb0
88c2a8d4-f2bf-49bb-a8c4-856469242c56,68bdc8a7-ac0a-4ba3-a509-ce917bde451a,2025-05-11 10:05:50,Unusual location,Medium,bc9cccdf3ea81124e1af43655532e107
e7f8d7c4-c401-4014-ae82-341bd275d65e,3046e874-7757-4321-a055-3edea53305ef,2025-04-24 02:39:40,Multiple failed logins,Low,cdd50078527e67d9bba59956a0c55fc5
d75b4107-a453-4fdf-ba14-7fc756701525,017092b9-a700-41e2-8365-eeeddf441c3d,2025-04-14 04:56:05,Large order flagged,Critical,17b123ab004ce0bf2a54f8c245b2fc68
70269bd9-05c9-4fd1-a75c-cccce1e150e9,5e419f86-6e6b-4b45-a140-d03228124ecb,2025-05-04 17:19:18,Stolen card suspected,Low,d0c818c676895ee4a82ccd5ccabaaf18
4a951f58-b66f-4b5a-84f0-7aff6ffb2548,2c063f55-8e12-40f5-82d1-e02e8211dcaf,2025-05-06 18:44:18,Unusual location,High,a0f20997b0e44de0720cc0add87db6bf
639ce78b-26dc-4282-95b4-83f32129b62c,2c063f55-8e12-40f5-82d1-e02e8211dcaf,2025-04-12 12:55:20,Unusual location,High,9058d1e9101379be1e52e7ee043cb095
10c4a174-9b26-4501-875d-f48516764c44,9b1ddb4a-54b2-4afc-bce8-defb8d65c1f3,2025-04-03 21:19:08,Multiple failed logins,High,2c23b82473afec2ca11ea65baadeeb66
fefcaf2c-7c50-4427-9113-43f855aad2a8,cc7e6efc-6c65-4b2c-9314-ee7b451acbdf,2025-03-15 15:34:44,Stolen card suspected,High,4dc9460cdf03bfa482797766ba4f883f
3ffcaa3e-0342-4204-8f6d-417e485544f4,ff2d9922-b0db-4e79-9e69-dde9abb78db2,2025-05-01 14:32:50,Large order flagged,Low,efe6b4090565e6e15315cad0c283cc09
5bf87239-cf67-47f4-a909-4f56864d2cdb,5f2643f1-ca38-40c5-adaa-748da8a72c69,2025-04-15 16:23:12,Large order flagged,High,df9572ff7d94262863fccae6f9438400
d9d679a2-f769-4847-a92f-73ae899c6b73,e27170d8-ce33-4bf7-8f25-44b9c31f435b,2025-04-26 13:41:06,Large order flagged,Medium,f8d1f3bf9f24013b82b2d61c3e621060
dbf34aa8-97e8-47c2-bceb-38dc2f4dc73a,2421a4de-b9b6-4373-992d-f10380e8449e,2025-04-08 09:39:36,Stolen card suspected,Medium,f22c0fc05a8c812fd58d29af94714a09
83e66346-c7f9-46b4-8b0e-5422535b7504,eb0851e2-3417-47e5-b97e-36ebf487607f,2025-05-04 13:54:43,Multiple failed logins,Low,d3ef8225dc14f4e7169ca684ab55440b
face8888-8ae0-4847-955b-f731b44867e4,11f5a691-d739-491e-8a3d-0cac3ba34fc5,2025-05-06 16:48:10,Unusual location,High,3bff9a6d1505cc95a1f501c7045835e6
88c60195-0301-46ed-9643-891d38aceb60,2eb88cd9-93aa-4403-b930-4d0d8ababa21,2025-03-26 02:25:31,Multiple failed logins,Critical,b2b592440ffdf0043ff098557fb06445
0b9f0145-7c70-4f92-aaaf-4eedf2935b64,e859ce9a-a9dd-43fd-9cd7-bf1bd8c13964,2025-03-16 06:18:14,Large order flagged,Critical,3017d8ec42e5a119a5884b1777015dc0
27cfe719-f896-49e4-9f30-9230bab51c3f,1d301ea7-8438-4977-bbde-d4ecb1b9ca1d,2025-04-11 07:47:58,Large order flagged,Medium,d06f1c5a07acfd72c4b0c6c18289bd1a
58396830-e50a-4cea-8158-e435fea3999f,422d5e26-8e3d-4eac-b286-f70ead07c1f4,2025-03-17 01:17:12,Unusual location,Low,aed7a897cefa5058f5f9d2dba11d80ed
db0004b4-4748-416e-8ff9-35c7c4a5717c,e52160b8-9208-4ee8-b49e-702370bb38e0,2025-04-15 12:04:16,Large order flagged,Critical,1a947c44da47cb7c5610e1649de688b1
d19cfd19-98c0-415a-a127-d1d2c39c3657,5dcbd063-c98d-4d66-923f-e117989bd15c,2025-05-11 22:09:11,Large order flagged,Low,31045b61c23158382e62bb24af3aebde
ef99cf36-7a70-4694-84fd-1a1cc503e0a3,2e90cc5a-37c7-450a-ae09-18d7be038c34,2025-04-21 13:56:16,Unusual location,Medium,ee5fcad872383e350057560f7af90e9e
3ffda8a3-b79e-4568-87b3-8de85d009cbc,2998fa4a-22d8-4603-a0fe-09f27c36a0db,2025-04-19 04:30:27,Unusual location,High,bf94b40e1c85613b3a4f3078a7cdc55d
170e095f-56a5-43d0-a701-916137c8b9ef,796b2e76-cb5e-45a0-bba5-55e3896f4a19,2025-04-10 17:05:36,Multiple failed logins,Critical,f685d73e0c5f7004fa8116167f24c80a
093370ed-1525-4bab-a261-4232082d510c,0094c41e-8408-4846-b185-fbf114db7a0d,2025-05-03 03:12:05,Large order flagged,Critical,8059081d82c206e66470e1b7ef161bc4
37d76c77-ae55-40cf-9ff4-e0b46ed309bc,67004733-16a8-4c2f-9db5-f4bcfa0a4a3b,2025-05-08 09:17:05,Large order flagged,Low,b877f1faf5ccaad9edfaf69218354dcb
1cbbc782-5d86-4fa9-9865-f06f5a4fa33c,2eb88cd9-93aa-4403-b930-4d0d8ababa21,2025-04-21 20:18:54,Large order flagged,High,45ad1beb3c9f26b33bdbd0ecfb142531
0805850e-de3e-4184-8eba-4a405f425c99,6b429bc0-656f-47dd-9580-28efbaf20c9b,2025-03-17 23:11:49,Large order flagged,Critical,c3d9bb950d78a6ac916ecafa0ae5fe51
