TransactionID,CustomerID,ProgramID,TransactionDate,PointsEarned,PointsRedeemed,RowHash
89c7fa1a-bf86-444d-8cd1-cd0a503b2811,67e1ddd9-9a02-441a-94c3-40b5171e11fe,3aecf2cf-dc56-47c4-99d1-c0885a4f5625,2025-02-02,49,50,28e55e52fbe6b91e2b64c46b6fec2cf1
a1569c2b-6939-4815-b70b-fc08e97009be,0b1a628c-391a-4bbd-a418-1280f34bc281,4b0e63f3-edcb-459f-b92b-b4e50b09bdc0,2025-03-15,69,44,2b09360b9d0d15f9dad5a11e7b26a403
e1488f70-173b-4066-86df-2558e5758067,0f0752de-a05c-46f6-8cb8-490dc38ca71f,32d501ad-4c0c-4df5-85a6-b7281a08d48d,2025-04-17,20,48,c20a99d2d25c908a390345112dbc1121
ece239a5-475b-4963-b760-e07631b900b5,34a42ee2-59d9-456f-85f7-7c7c53c7eee4,731d0a3d-bd2e-48a9-8d66-6ca177633bd7,2025-05-11,44,49,c3c3c8a0675a6ecf3eb25387ea6e8b77
49fa1435-ae2f-434e-8d23-397c7b17224a,003a7539-7afb-4540-9a55-2cd61ccdfde9,00ec2174-3ad6-4390-b568-5041268866df,2024-11-24,79,30,ba80459284275cca9b899eeaf40cc644
cdbcf884-2299-445a-aca8-c24d2415dd39,cefaf017-bc4f-4883-8ae4-ad521206d6dd,12dbe3e2-6e2a-4aae-950c-b74c4feca16b,2025-04-04,42,24,acbce587f7ecd5cef191310d6d1b64c8
1d4f0078-cd6d-4e0b-b3ef-08a9fbef5cdc,43c631a5-c6f4-4cfe-b35d-b6f82ed4cbfa,ef278875-db75-414e-bd54-9cb6c53e68a4,2025-03-23,41,24,085c06388c82e0bf20c5dbed64559002
5102eacd-9056-4865-adfa-24ac1b0052fd,958eb126-40d5-4aaa-8f85-3c7e2a0409b1,3bfeebda-77db-454b-a123-8c266d364c7c,2024-12-09,41,47,782d69e42e1c97d607d25e054b6c93a0
5494e82d-c062-4389-82ca-7370993a5f27,0f0752de-a05c-46f6-8cb8-490dc38ca71f,7019129f-730d-4770-8c77-a950677866f3,2024-11-14,68,47,ed3d934747916efdb1b1c64b2dc63d27
50587f2e-05c3-485d-bdc7-0647ff8849c6,958eb126-40d5-4aaa-8f85-3c7e2a0409b1,f937c540-2bf5-4e4c-8f45-ffdd77a30f6e,2025-02-07,76,42,cdd63c4d7f885c01708c19b38cd81746
867ad835-39f0-48db-951a-e2ae77d9037e,a17c10c0-9a1e-48c7-ae66-5143f6677a96,ac3ff1df-0ab7-4924-aaca-352012adab8a,2025-03-29,59,43,15e01d018154eb83925d7f27462fea77
8ed53441-4a6e-4261-9d6f-d2f5128ac54c,cbb6ccb1-05ed-4ebe-90b2-0bc329e507eb,7457649a-9d1a-44bc-ae2c-66730c1f588c,2025-01-13,30,40,ae84d062e5ba417dcb53fbd606f9d00a
4708c2c5-75f2-4f75-bf69-b4051c83d505,14208bc2-557f-4cb9-87be-855eb164da77,21867063-0fd3-4fa4-8837-d6a15fb0b78c,2024-11-17,80,33,aef6921427423a1c231cd92781bc7a49
eca220b1-9ae8-4fb5-b0f7-6085f66a8704,09f6e89f-27fc-4ff4-b239-dd1739af393d,91036e32-71b3-4898-8c9b-0be0a468596f,2024-11-26,71,40,a81dbf5b1be9cfcf15ae2831adf75d95
b7d65efc-767f-4bd7-b4e5-ddf9a12e67f5,0c5ff0a4-cbc1-49dc-9ed5-9145530536a4,7019129f-730d-4770-8c77-a950677866f3,2024-11-24,56,3,322921d11b6df1ee594dc5f00b3a4d04
03a8b569-3c82-41cf-87a3-25b142b35596,c119a64a-ef55-400a-8be3-91b285635946,a445c36d-4486-4753-995d-553ccace9e7d,2024-11-20,24,15,a32fce1cdb9090121f6069f56ccafa5e
7964c9e1-e9ac-4d82-bed4-6d5a23e0765c,0fd8efff-2556-4eb8-b525-f43645d78516,f12c73c2-5c5e-49dc-b5be-85633751679a,2024-12-14,51,0,8b6b71ab1b44430a452817d380b21ef3
70228e05-db67-46c1-a2bf-004f7dfbc339,9c6a6f3c-8c91-4e75-8ae9-2539b2cc07d6,fe3580bb-d4bd-42e8-9e9d-bac018c06757,2025-04-13,84,7,2e48822f652d15d85f06a67fd65300ec
5ed446af-dd7c-47bc-a760-c84035ca6e33,2ae0c39f-334b-437d-9088-55daee7da98a,45dd0ba3-4a3b-43c1-8df6-c729c1b402c1,2024-12-28,11,2,2633d372052f6d800ba6b881e1a34827
bb778621-72d4-4a57-b320-dce6085b74d7,adb51ffd-a91c-4776-803a-b66420a19914,cdf26f11-a094-4d3a-be08-c6777cf93a80,2025-02-26,70,44,f0fca671f877341171e61bf2a1057ef0
8f39b18e-02d0-4bef-a682-cbf48c8a8087,bf927ba1-9005-458b-8e78-dd9aa1e382aa,36baf033-fedf-418d-92fb-65329cb6113a,2024-11-23,57,49,7d936d5cf05e11a7a0036a07ed9b12f7
b537a863-58f8-4f01-8339-0b8f0f643c7a,4e8e8e57-ffb3-4e05-ab34-9061c89ca0a6,45dd0ba3-4a3b-43c1-8df6-c729c1b402c1,2025-03-01,30,31,df4df19c5fe8355a22ced4ec26992470
821292f8-72fd-44f0-be66-720d07bf79ae,87f610cc-9017-4abb-bfed-1d2015f93a29,7aa02ca7-2572-44b6-b108-8d04cf082af5,2025-04-18,89,21,7502035cf8704ebb98e4d44528041136
1c69235f-c37e-4708-976a-2d96357a91e9,71a9e3da-07c0-44c5-88a2-b41dad9dba3d,1ed2aea1-e9a5-4243-aeb7-09439770ddbd,2024-12-24,17,3,e0be9f97b74150f35be0988a072b1c96
904eda0e-36f4-44a4-bf71-a0e225eddaf3,fa54cd02-bccc-45e4-9216-f991bbcfd628,a49c42e5-2342-4dfa-adde-4ab426fb3696,2025-05-05,29,44,5bc270e84b6306aafe0062011af7744d
9a855224-1b8d-452d-a550-6001f3091d24,5af80985-ba1b-4f6e-84b8-7609fd7320b0,fa5fc329-2475-445c-ac5c-b5971e95df3f,2024-12-30,26,31,3cf973466e4d63bf3d6b8c1b8e1d6e5a
e6fa94bf-13f3-428c-9d00-5d1844ab4464,fa531511-a71d-4642-905d-b8d9edb2c7bb,1d23ff0c-ffb3-4ab1-938e-dba7cc416223,2025-01-28,81,50,02f6bc4ff816946063ba233d5f631805
81040552-3d4b-4843-9877-af1b430350fa,2da9e68d-41de-4864-a528-1cb2ad71353d,4a9f6a13-d29b-461c-a316-6ce971bb8ef8,2025-01-24,54,28,aecdba279ba1cab6abd427bac3263250
dfe9e1d0-19d4-4cc7-8385-8673022220d6,36e34703-85dd-4543-ae4c-71fd16b52d4b,12dbe3e2-6e2a-4aae-950c-b74c4feca16b,2025-02-05,12,44,dd216a99900a6ddbadbc81e90ccfbf08
f42d0fa9-4267-411e-b9e9-bdc00879cb16,2e48129b-46eb-43ba-b0fd-a163df1ec271,d6e5f873-dbbb-4ac7-9a8f-61e1ed639420,2025-03-12,27,16,cd65f9fc066e13bdc579e5cd6472deff
e7605363-b9de-4808-872a-5ad988f4b858,d78fb047-2670-494e-8d99-a36a1ede3c34,5546576d-cacc-4837-907b-84441215ddb9,2025-01-27,100,28,688f8779c0f2f1fdc3445ef875c74bbf
c37eac9d-5da0-44f9-81c4-d7386a58ed5f,66c13534-6d4d-4df5-80e8-1219333cac61,a61aeff0-9d27-437c-89f5-b4f474341224,2025-02-02,79,44,5c336f10a714c69347ed9e08b68bd327
cea0a03a-1e56-4c92-ae98-3877209ec8b4,8ce52608-8abe-4ed7-bcd0-4158ea9b8c0f,12dbe3e2-6e2a-4aae-950c-b74c4feca16b,2025-01-10,82,11,31c0a3cf832fd2cf84c96bb40463a90a
f4d09935-2e08-40ad-9397-37924ad74fac,c5e64829-1374-449d-999b-3c72edca3462,d9523a42-a27f-44d5-bc19-073461b7d895,2024-11-13,51,46,ab4ff87b72357d5d2ffabb6d4a2420b9
6277ae33-7e63-4028-bd4e-e94978689fc3,e959f959-8444-4d57-a07a-257da7b0a84d,fe3580bb-d4bd-42e8-9e9d-bac018c06757,2025-01-24,86,35,225692ce2e183a77d618f8413a029686
0bc26f75-ea5f-4dcd-8be7-509894bca4c6,f5e681fc-2ede-4a0c-aa82-4fe8e988bfbf,40b577a9-6d4c-440e-a219-47607450c772,2025-03-20,77,9,11d42b687b6a08094b2e7b6878edc33e
f8a9554d-6d8f-41ce-bcc8-4d5d94401bf1,fb42f717-1960-40df-8d22-8829ab963b34,a61aeff0-9d27-437c-89f5-b4f474341224,2024-12-02,43,34,2cb37a173c3c33639e9847e4f0f9ef04
7b485a21-ed03-4efe-b073-4260a5ea8075,9c49d1dc-6802-4ad1-85b9-ca67f40f33f8,b9cdfa36-3f45-4ccb-9f52-28764e0691d8,2025-02-21,10,49,9da895e94fa4dcf0bea8c478c1e379e3
c3bf70c6-11a4-40d9-8b11-10d779d14c37,6834204a-54db-4e3c-a5a8-745b8c83b914,c44bf2bb-2b50-410d-9d64-53ecee61dea6,2024-11-11,58,46,ff905eef4d9d761c1e80a9354873bd5d
02cf7bda-4938-4a0f-8b52-6ed18bf0b274,41d0be2d-c164-4f89-ac49-02edfe09821b,ba8336ca-e388-4089-a695-28f6506e61b3,2025-03-14,89,23,f06d6d8dc32b1c46d6593214cd21034a
7a361684-cc5e-4dc0-8d5e-3e06f8bfa401,5d2a1b34-fcea-4223-b2f8-849a11dfbc37,78c64499-b99d-46ff-839f-635630c7fd4f,2025-03-29,40,20,7049cea6394992ba3f40e1729d1dbd13
a7d56eba-e0ff-4713-b6cd-c0a732535d41,ccfc05a4-1d83-42d7-b56b-edd0442404e8,40b577a9-6d4c-440e-a219-47607450c772,2025-03-10,94,34,3a8736bfce3a0894faa269a7ece88029
7d7d0ef9-ef6d-4407-9f15-515ab6880e36,2504155f-5368-4685-90bd-e391c20ab142,12dbe3e2-6e2a-4aae-950c-b74c4feca16b,2024-11-22,77,43,e8978ca4ba4e64bf79dd59436ca4ce01
0479e35f-c839-47c4-b63a-a516433d85c8,0b1a628c-391a-4bbd-a418-1280f34bc281,cfceebdd-1373-4148-b672-2d8702056f25,2025-04-05,80,9,75997be5a05e3ab3c9d7e4444147a663
5a0c6f01-3504-4133-98d3-b9078c1716fe,cdb5a849-dc66-4686-b464-55236546b3b8,a1095eb9-5f49-43a9-bfbd-791703d1e6b7,2025-04-03,51,26,603074cc58ac33bdb626d505edc505fc
41ca9081-7e7b-49f8-a829-1e285593d036,0ef07e55-fbdc-463a-9e1f-4231bf293988,7457649a-9d1a-44bc-ae2c-66730c1f588c,2025-03-03,24,6,87f5a04d7e8c825e35879317a7e45b2f
ca3ee060-37c9-4745-be91-03e4488c5bcb,1cc90104-e968-4a68-baac-2dee082fbedc,15ae4d17-8424-4bc4-86e0-2ae736c1d4a5,2024-11-18,18,2,a90e1ec257d4b4cf5a124334517cb884
9893e493-5f7d-42ed-b29a-26db19432ee1,08c22a54-9f4c-453c-98da-bc0499e31b0d,ca0ef29c-b1fb-43e8-bf12-756643177da2,2025-03-26,14,12,899aa06766268fcd0b926536a4e09965
3949a4a4-282a-489c-8340-37617e802144,96c45fa2-97fd-420a-8429-f7ad7282972f,5546576d-cacc-4837-907b-84441215ddb9,2025-04-23,34,6,0ff1557e6af46d269b365dc8f4b617f1
831f4d92-8daf-4b11-825f-d07bd3c53a91,0f0752de-a05c-46f6-8cb8-490dc38ca71f,69859c50-7137-46bb-b6e0-fb014ae7b800,2024-11-24,92,24,0c1c38d9cc6238f8e4c8bb917d23bbff
623c756f-dbaf-4350-9a68-1fd4eb1d277f,075b10d3-562a-4a4a-99d8-9bcad1b783a3,5546576d-cacc-4837-907b-84441215ddb9,2025-01-18,77,39,fa1a73f5d1597b2a5a7c05c442199ba1
e2a45c0f-4a26-46a4-85df-74410e42255f,2a78fec1-5fde-4104-b7ae-93d0c3c9a8ba,de99f36d-dcea-410b-8895-a0ecf97581ce,2025-05-09,42,3,ce856ded2ce42dbef611d92a86c56f0c
b2bc80c3-73b1-4a5b-856f-b2e5cab2e5bd,9c49d1dc-6802-4ad1-85b9-ca67f40f33f8,d1afb118-0a70-41c3-98db-2f8e35b1090f,2025-02-15,87,45,97281fa02cb4f418473a1343f7162704
dc88c712-6862-4ac9-9828-fb84ae53dce0,e1ec4360-76b0-469e-a876-e7d75824a57e,39ca1ffb-4dfc-4e43-8224-a6ced44a1c53,2024-11-30,36,41,0df3e43c56f617e97c215414804e5bc2
dfaf51c0-8692-4955-8463-7d4b0c21cdfb,8ce52608-8abe-4ed7-bcd0-4158ea9b8c0f,31879ac5-dfbe-4866-9e13-6b02c581595c,2025-01-05,69,40,039699e9a4cd7d8e7f7717898324e51a
c8e8be78-2daf-4b4a-887a-b5bd90499572,4c934de6-afff-4a0f-bd6e-542bcf9749d3,b37a6090-d30e-4a42-b3a5-aea8250e219e,2025-04-11,81,47,9be5551f793c78584cbeaf49bb5e1e09
686ce9d2-85bf-42d1-8da3-dbaaa1c02e75,229ff9ef-48f9-4c2a-beed-61c3dcdd5e96,4b0e63f3-edcb-459f-b92b-b4e50b09bdc0,2025-03-23,100,3,e819beb6118bb108aa1953f9e8c46293
71441b4e-e0cb-456d-a8da-b899bc2646de,9fa3a379-d7db-4484-8b71-5354f46c4166,54cbc056-7724-4667-8c4e-963609ccb51f,2025-01-07,77,2,8a50d1a9244c8edf6b6f3e712743113b
64b500e2-0938-4c9a-abc3-72912f683959,36e34703-85dd-4543-ae4c-71fd16b52d4b,00ec2174-3ad6-4390-b568-5041268866df,2025-03-07,48,4,cbc1c68da144f1f6ab71eb65dfc02539
62a97fe2-6ab7-45d4-ab50-3460eb5b74e7,278ca537-2d59-432f-8fb6-8c7ddf229383,7110291a-c1c4-4ba3-82d1-e286cb395af5,2024-11-26,22,6,274a70c082522cb4df56cde59732e80c
446e4f32-7761-4f79-a49c-672e7a725dea,a1dfb0b3-e0a4-434e-bd3e-f864bb8e20d0,6676c993-6f85-49aa-9fe2-27864fd1712f,2025-01-03,78,24,2d77ea3c977a6dba71271f343c090560
c4d7fa30-d08d-4f04-96de-95421a9f09cc,c2ee1fcb-57d7-4c69-acdf-65dba90a8b24,12dbe3e2-6e2a-4aae-950c-b74c4feca16b,2025-04-07,77,42,f61fdac180f3061776632a49197d3994
e8b38ed1-0c1b-46bf-8026-9f8d5f7397b8,fdcb347b-470a-477c-bbbb-b13c63aa0f8a,272ecf7f-e3d2-48ef-ab05-a1f655cc89e2,2025-05-08,90,11,f1a445397957979aec33ba382b57ec8c
afebc0e1-dada-4f71-a54e-588978ccf984,e503e620-bd46-4784-9574-69c6d5ae28f7,55447c71-16f2-4cb7-937e-d49225f74df0,2025-02-02,81,26,6a70aea851a4a9869e63e8521195a779
0efc41fd-3580-4af2-89f1-3d72d585e407,0f45a161-6a0a-4acb-946d-63e0e10ab754,fa5fc329-2475-445c-ac5c-b5971e95df3f,2025-01-23,91,36,0d856239291409da068b1abfd62ec61d
e9745493-39ef-47ff-a34a-9a7ed2e37cc9,fa54cd02-bccc-45e4-9216-f991bbcfd628,e01f4c05-a6b2-4376-8918-c63cfa0f8c20,2025-01-25,68,44,70b29f123b8f536c0215e4c12332049e
114fe304-b367-436c-b2fb-dc89eb63665d,c119a64a-ef55-400a-8be3-91b285635946,ae6aef53-7001-438e-81eb-e9016d7b4e65,2025-04-18,23,10,a840bd06551fc382cdda2c164a26edc6
e29b1239-d9b2-4eb8-b4b5-c1b057a7ee46,cefaf017-bc4f-4883-8ae4-ad521206d6dd,b6992d0d-f05b-4297-a5e3-78089f1aeca6,2025-03-18,61,32,01acf9ca513cbc7e99c4f1c83c008ae3
019eb1de-3184-4fcb-9995-ec78d3e92109,1036f013-cf05-4733-8326-ac9a3cdbd600,15ae4d17-8424-4bc4-86e0-2ae736c1d4a5,2024-11-15,30,34,04a152b820d2d58d773b04ac141b30b0
567af1ec-9958-45a2-a673-d36e69f740da,2f4793c4-7778-4c9e-b186-1920172c8251,3bfeebda-77db-454b-a123-8c266d364c7c,2025-02-10,55,20,bd043513d3ac821628010fbb0de96df9
c125245d-8a7b-409f-a6d9-5f09177ea0e5,bb750fe5-f331-4f53-a4d5-62f4556bdd4b,7457649a-9d1a-44bc-ae2c-66730c1f588c,2024-12-10,57,26,e6c5ad2d3ea7c5e526054c9fbb320ecc
a2cfd674-03cd-4342-aafd-31a279dee9c2,fbf4af5a-de5a-4ac0-9553-f38c1e073d10,a633071a-2b29-4d48-9a94-d079a23d6f3a,2025-02-21,65,46,43b1cf4a6346f1b3d6bb11bb5a68bfcc
68605ae5-bb1a-4304-9577-ea3b2e9f56c0,5284e028-7fb6-4018-89d5-ce025a319044,5cd1c6bd-03cd-423b-994c-eae795243d5e,2024-12-22,40,36,e5011318b8c4121450fcc17c5854cc4f
58d8568e-51f3-498e-b038-fcee050ebb03,c5e64829-1374-449d-999b-3c72edca3462,a445c36d-4486-4753-995d-553ccace9e7d,2024-12-06,58,49,38565bc923be3253277b8be46258a2c5
16f690ed-2b9d-4310-9beb-a46810b5dcc1,bb750fe5-f331-4f53-a4d5-62f4556bdd4b,55447c71-16f2-4cb7-937e-d49225f74df0,2025-04-04,42,23,9b4962bb60723f3385a6cd331a92bdcf
babea25d-9537-433e-be0e-f63a977088d7,fb42f717-1960-40df-8d22-8829ab963b34,3c353544-41f8-44a2-bf89-7707603086af,2025-01-24,60,0,778737f673686242a51be9f4669931b3
aaa4f69e-ef41-4d8c-a750-bdf4236e36c9,a1dfb0b3-e0a4-434e-bd3e-f864bb8e20d0,12c5f370-1c15-4340-9ead-ca27c8f9a41d,2025-04-13,46,38,55c1c717cba09b980c48355c2e07df0b
da2726ab-feba-49ae-a14f-091311afc072,1355cb58-b8eb-4a53-abf4-ad8d4e6564ad,7110291a-c1c4-4ba3-82d1-e286cb395af5,2025-04-13,27,19,50a62a49d26550f406b3a8185e8c817d
f242df89-0afa-4dcd-bbb5-67b7aa467c0c,b3c6207e-69ae-4e95-8313-85db29001154,799e4c1b-7ca4-475f-9792-1f6b19e7eb8f,2025-04-23,38,13,15fda0ad6d1a1e6af76231f9686ca1a1
e58756f4-fd5e-4cd4-8fa3-c3a134c000dc,479a87ac-a1be-453d-ac95-29ef6bd781dd,ba8336ca-e388-4089-a695-28f6506e61b3,2025-02-23,98,17,708a1a91fc0c97e500b64dab35a448ea
80485b69-ec19-4cf2-a0dd-596dbd75c35c,47d7adf6-e8ce-4187-b4b5-bda85c87ad8c,cdf6b402-1000-4e51-935e-2b0ba1992db2,2025-01-06,81,36,b8b94836bf8ebbaf9c2afc95084665d0
c6bf0757-45ad-400d-998c-eb6408c180b0,7dd4fc20-0969-40bd-888d-bb977c41b03c,36baf033-fedf-418d-92fb-65329cb6113a,2025-03-13,22,2,808854f8fabf2c143c0f3ffa8df30c5c
96f9015b-1320-4316-8270-d5bdc85b2875,d954b66b-7306-47b3-9385-67ca95eb1d88,d6e5f873-dbbb-4ac7-9a8f-61e1ed639420,2024-12-07,29,8,4f3f715f001736d7f0ee24377d561ff1
eba0286b-1d66-470a-9e8c-15616d814640,868341a9-407d-4cce-85cb-45affad6bdd7,b37a6090-d30e-4a42-b3a5-aea8250e219e,2025-01-06,84,15,c2c541f1edbc03efeb068797761e88b4
a6bc0192-6014-4dd2-aeb5-cb5bf6b7db5f,fa531511-a71d-4642-905d-b8d9edb2c7bb,91036e32-71b3-4898-8c9b-0be0a468596f,2025-03-21,48,5,35e1eb227b7c2a9d799ce0e1fef6a673
e54b8105-3c45-4ea4-8afb-1324612c0ac1,7dd4fc20-0969-40bd-888d-bb977c41b03c,220408e9-15b0-43fe-a258-a262673b758b,2025-05-01,82,13,90d631a3ea7fc51d11ddf11d3131eea9
104aecbe-ff7e-4f35-bf71-e59ceae24f4b,36e34703-85dd-4543-ae4c-71fd16b52d4b,00ec2174-3ad6-4390-b568-5041268866df,2025-05-06,51,50,bb90ad797536d9ea9ccf26dfd5e5b294
824852a2-1c3d-47f6-9b4b-0ddc5426dbec,e2f5abe1-6f2f-4187-92a5-86e8e54741f5,ca0ef29c-b1fb-43e8-bf12-756643177da2,2025-04-13,72,44,7c5553091705a3f4d729f21c89225fc4
9f7f3e2e-35df-4cb3-9e02-6c5a847599d6,2a78fec1-5fde-4104-b7ae-93d0c3c9a8ba,69859c50-7137-46bb-b6e0-fb014ae7b800,2025-04-27,22,38,2a53d7d1101c26ec3ab6c88458e6b869
604f560f-6648-4452-8df2-9495ef1186c1,0ef07e55-fbdc-463a-9e1f-4231bf293988,799e4c1b-7ca4-475f-9792-1f6b19e7eb8f,2025-03-31,14,46,8a01bea6025a24fc94f7a8b7b7ec0116
dd90eaeb-0f52-40b1-82ea-740e871d85f5,8fab808c-0c49-41bd-ba85-6660f2f977ae,ebaf5e1d-8f66-49a0-83b4-d458efb73390,2025-03-15,20,49,96d40b4b134e36e26e1ef420f380041a
e0607f9a-59b3-447f-955c-15122b2879ee,26321174-6945-4b96-a3b1-fe4ca62b8cf4,cfceebdd-1373-4148-b672-2d8702056f25,2025-01-21,52,22,38c99158988aefe9d44e58daebb45b0d
098c448c-2f80-400b-bb8a-5c3573eaf09d,9d0221e4-62a8-4f89-8c5a-ed4aa03cb467,3aecf2cf-dc56-47c4-99d1-c0885a4f5625,2024-11-12,25,49,ab61a25e86196fbc2b5b74ad8d288968
7b835a90-352e-4677-b46c-2b19765e96be,d8559191-2154-4c5f-94bb-f7001a018b38,55447c71-16f2-4cb7-937e-d49225f74df0,2025-02-25,93,38,a6ee63800b0758142fd73d8b5565a29b
bb03bc1a-bcd3-4bfa-ac45-11b049c9550d,3f8ffb48-69f6-4c26-b9b9-6889039406d6,a633071a-2b29-4d48-9a94-d079a23d6f3a,2025-04-28,90,24,37bab7fb8e018b8dafa23ca36a5ccce0
4f1a4c46-62cf-4803-9d3c-e395ceb614b9,2826d8f1-35e6-4900-8498-fdf07a4d7c64,80ba7e77-5428-469d-8a18-a2387f574aa1,2025-02-25,77,2,e60e67ca73739c43f16f42f416620d8e
529557be-37ae-48f8-9f6b-b2da37b8993a,741c9345-eee3-4239-ac18-487bba7f31b7,1eda0b9d-02d5-493b-97d4-2bb6e6bac6ed,2024-12-07,82,9,0c2f14c579c7c3b55a095879c2d3ac53
3a96a5e1-1bcb-4f31-9c04-07f06ecf4ba1,911e18b2-a5e5-4e2a-9886-3ac97b737548,c44bf2bb-2b50-410d-9d64-53ecee61dea6,2024-12-03,99,14,54826e5625d7197a9a6c2fd0ff611b52
6364324b-7e07-4845-9b99-709decbd5eda,16246705-8847-438b-b4ca-d353f52613a5,cfac686f-f935-4a2d-826f-516d4b13d7dc,2024-11-18,96,46,8839cb2da8ab3f843e1cead82b6eab46
6e28b095-0872-45c3-89fe-25f9fe5246c7,003a7539-7afb-4540-9a55-2cd61ccdfde9,3c353544-41f8-44a2-bf89-7707603086af,2024-11-10,86,36,79edd2c882fcc53789903d0b2f6f04b8
81e88e5b-23d5-4028-b57f-5351c2a9f1f9,0d97d191-99d0-45a7-a9da-7690da74f138,9ae267dd-08d8-4a22-8ddf-c23615f46b48,2025-03-01,38,27,99c8979078bc050ecbdaae6d05da388c
564d9669-df38-411d-92de-f66147050543,bd73d306-8507-49f9-a0c8-c20edc3ee0d9,d037d449-5678-42ab-a6cf-8cd17fd118e0,2025-03-05,28,8,e33ddb9c179a4c3ab4e352f95f8d5667
392bf34a-6771-476d-85a8-d2646cc63f00,1036f013-cf05-4733-8326-ac9a3cdbd600,31879ac5-dfbe-4866-9e13-6b02c581595c,2025-01-25,70,36,e14105bdea4f3b83b9bd150908160fbb
4135eb77-7a6a-4a28-9b9d-ad162262a7cd,f50575da-35f0-421a-a77f-47d30dbd3115,cfac686f-f935-4a2d-826f-516d4b13d7dc,2025-02-22,80,25,9ab15109afe04d8c15a7abd3361ad404
e27688dd-ab20-400c-a2f1-60f267debb13,868341a9-407d-4cce-85cb-45affad6bdd7,31879ac5-dfbe-4866-9e13-6b02c581595c,2025-02-24,61,32,ffa5540365e92ca80c3777f4142492f9
91508ce6-25c7-4e05-9733-b506a21145ac,9d0221e4-62a8-4f89-8c5a-ed4aa03cb467,5a27e3d8-b40f-4d61-aff2-d2cb17ec6c2e,2024-11-26,99,8,ce20f840c8e3b04479421e792fcf271a
be8c68bb-bbc0-43b8-b405-c55fe5de1905,fbf4af5a-de5a-4ac0-9553-f38c1e073d10,719ff0c2-f1bd-436d-9b4d-797c9a070a85,2025-01-08,71,35,4a489d12918783242216800a313bb678
509c294e-c147-43e0-81d3-9d8014d9b5d9,e037247b-0fa5-4dd6-8180-1295383d00c4,5546576d-cacc-4837-907b-84441215ddb9,2024-12-20,60,41,ff7ea31737ba8c2d2f8c06d2a4179fce
d1f5bee7-a2fa-4424-8cfe-5f89493edc11,7dd4fc20-0969-40bd-888d-bb977c41b03c,7019129f-730d-4770-8c77-a950677866f3,2025-04-04,81,39,dc6ee33cb214e1571ddca2ce14b083f7
caf2c8ca-f9eb-49eb-8d80-630654a56121,595cec99-a0dc-41f6-a576-8d547cca0399,5c74edc1-2ad8-4c09-ba53-deeb4cdeb37b,2025-04-02,41,15,97bac0c2dfbee0dd69905c555c7aacb5
3dba87a9-0bd7-497a-9860-5d84fdcae9b1,e1ec4360-76b0-469e-a876-e7d75824a57e,54cbc056-7724-4667-8c4e-963609ccb51f,2025-05-04,65,20,f7e5dda12a7dc2c86ce27cecd5c79417
ecdbeac8-8588-42d1-85f5-14882c509cbb,fb8389d2-0374-449c-9d8a-5da6091ff8a6,69859c50-7137-46bb-b6e0-fb014ae7b800,2025-03-30,21,7,4d312d12155ca05df2af238ff056f223
e5d705d8-29e1-42f3-9ba1-45ebd5082e27,1fdb77b7-d09f-4499-a17d-1a697434c5d6,239e4af7-7462-475b-9339-b468ad2a5a01,2025-01-15,64,23,a99f58a17d85a49bd7cd430e866dbf5e
9bd2fdf2-1ce9-4fd3-b8ef-2c7945a8ad96,a1c3228e-f0e3-4352-8b52-5cb54418c0df,12dbe3e2-6e2a-4aae-950c-b74c4feca16b,2024-12-21,51,22,762d5aeeccf691cfd7f507697aea0033
bf845f25-c2ae-48dc-a988-49a37966c27a,bf927ba1-9005-458b-8e78-dd9aa1e382aa,4424631e-aeec-4d67-9e22-5b1b53c02430,2025-01-29,13,49,ad27a4e6a39d5b6bc2d555cd058ca311
f6353e5b-4b1d-4f9e-9cb0-9d0ca54eaf97,5c3b349b-0481-4cdd-a1cd-8f7217ccba1e,b3b8e7c3-8107-47d1-9143-c1c55b541c76,2025-05-04,54,39,8254a956a396aa052c38162651751b42
082d48f9-3d75-4daf-a092-72394693e728,abf77610-a855-4d44-b732-f19a766d0410,78c64499-b99d-46ff-839f-635630c7fd4f,2025-03-15,28,28,cbbbd7bb28c8869afb14b59d4a3f24c8
0188d000-db7c-4f04-92b0-9c6f946f9601,626c792a-1bd7-4d7b-b8a2-7364513d8a9a,6676c993-6f85-49aa-9fe2-27864fd1712f,2025-04-24,35,43,b2056756450beb8f5752fa6382827ce6
09feaef9-5859-4e60-a840-f2b9b4d2ee45,bfbe9206-4a04-4d6b-a85f-185add3ca8ca,36baf033-fedf-418d-92fb-65329cb6113a,2025-02-17,20,7,7eaa01700e59037f1047c6c4781d875c
6e62b522-4598-4dd7-a565-0fdfc0508f3e,981d2954-8f3e-4f90-9b15-e2472cd3dee7,cfac686f-f935-4a2d-826f-516d4b13d7dc,2024-12-07,41,39,fbcbce1b8d1483805d42f7bb8989eb48
1a3de0dd-8da6-4c62-a876-4b9b86e26811,34a42ee2-59d9-456f-85f7-7c7c53c7eee4,a1095eb9-5f49-43a9-bfbd-791703d1e6b7,2024-12-11,11,21,541a78388624dfee9da674b729feb1fb
e1359b9d-53e1-443d-985a-473d0b40af16,f09d0133-4c33-4304-ab1f-5a3fd14fdb2b,aa058c41-b53b-469a-ad84-c1cfea762c87,2024-12-15,49,28,38ed004de073340d1a5703d8355f71d7
35348597-022c-46f2-b1d4-71ccf94652b5,b5693fb5-b671-4a2f-8a92-a4afee9bfe3a,ba8336ca-e388-4089-a695-28f6506e61b3,2024-12-22,52,13,8d37166d15ef939b094989d378a7c0cc
37e0c4a9-cab8-4e50-a866-67012bd67385,981d2954-8f3e-4f90-9b15-e2472cd3dee7,af0bc724-cbb3-4bf6-9ebf-eb6c6d04e984,2025-03-09,37,13,ec587a41edeafb16a4908707fc334b33
c56800f5-64b1-4552-a287-56b159018563,c5e64829-1374-449d-999b-3c72edca3462,7110291a-c1c4-4ba3-82d1-e286cb395af5,2025-04-21,43,35,78e592d39dcd09abd5574942c55339b3
ff2f9a3c-cc7d-4034-9675-6862aafc3048,e2f5abe1-6f2f-4187-92a5-86e8e54741f5,78c64499-b99d-46ff-839f-635630c7fd4f,2024-12-29,28,44,2309b74a7e5652ef86fc59088539bacf
c0bc9e55-1af3-489a-8658-0c11ef4af650,38f082d0-6daf-4e49-bea8-f4fa2d445408,1d5eb5ca-5cf2-4f8e-b40b-5e8501db8edd,2024-12-17,12,24,caa0a5080bca49c22a19ed41cf3bb2ec
69faf04a-5280-44cf-978a-32857e8eb632,153e38f0-9cdc-4e47-a260-1bb56302850f,15ae4d17-8424-4bc4-86e0-2ae736c1d4a5,2024-12-02,77,2,e549cdfed9dd15e437223540e57d1531
973e114f-5ad2-4688-bccf-383a0cc4b7ef,b2598e19-bcb9-4470-8df4-01dbd5bfd20f,b3b8e7c3-8107-47d1-9143-c1c55b541c76,2024-12-15,17,18,746d62147afb987b4baa51979d25eef1
0613be9d-9a48-430b-992c-66615bb81f70,f3a7b19e-8ee3-467c-a4a4-8ebdd8380e07,a2190e92-8d09-4e71-959c-55d897753259,2025-03-20,89,17,2a08aa6195a2bf36fcd631650ece348d
a6f5116c-45d2-4cfa-b0af-5bd520212805,2826d8f1-35e6-4900-8498-fdf07a4d7c64,d0a7785b-3a65-4ae0-9caa-ff4c01a392eb,2025-04-14,93,0,4ed178a40545e104fff21970daafd645
c3114ffc-a1b9-4d26-8f7d-74fbefa3f51d,b02a6b7b-7c0d-4aa3-814e-9392707fb425,0ed5fc43-a0d1-452e-a8c2-816b7c64fa58,2025-02-28,94,17,1f77108191ae983415d9e1420e9d1db5
edbf341e-d3b7-437c-ba93-25bb753bd5cf,cf39e338-2964-4b1a-9740-2933281a523f,15ae4d17-8424-4bc4-86e0-2ae736c1d4a5,2025-04-24,56,6,9fb1f64d01c5ce16250c77de870df29e
8afce547-d417-4934-936c-626754cb37d5,1355cb58-b8eb-4a53-abf4-ad8d4e6564ad,a61aeff0-9d27-437c-89f5-b4f474341224,2024-11-20,93,24,68b296b9fd5ee32286cdd35581cd63ce
4f2c869f-813c-4911-843c-30cf232ed9be,fa531511-a71d-4642-905d-b8d9edb2c7bb,ebaf5e1d-8f66-49a0-83b4-d458efb73390,2025-04-24,75,45,94fb99282132a19d5feb69ff6631c8af
30cceaca-478b-4f28-8f5e-538fd89bed26,89a0c5ae-6d0b-47da-a9b5-51389b71ef39,1d23ff0c-ffb3-4ab1-938e-dba7cc416223,2025-04-04,72,38,f1ce86e1445efb48355cadd9cdb34e31
64a50b4a-3e31-4f3e-9130-bf86f8b3ceee,a267e5ef-9cb3-4151-bd52-e6b16423fc5b,9ae267dd-08d8-4a22-8ddf-c23615f46b48,2025-05-10,33,12,5173853b18d0f983709d7921b82d9b56
d0052bc8-1865-43c5-8c64-7317488dd8e3,40650a74-943c-49db-952c-f45361ae9c62,b9cdfa36-3f45-4ccb-9f52-28764e0691d8,2025-02-24,81,45,ba439325c6fdb057c2a7923c78bd4d83
95acd661-c0c7-4ef5-b860-2185d1a9bdac,9685209e-8c2b-47d3-960c-8ae39d6dab64,21867063-0fd3-4fa4-8837-d6a15fb0b78c,2025-02-07,41,33,1f8d0edc0609f65a8fd3677c81596ed5
fae2f19d-8b29-4807-a542-b3659d39b986,5c3b349b-0481-4cdd-a1cd-8f7217ccba1e,32d501ad-4c0c-4df5-85a6-b7281a08d48d,2025-03-15,72,25,0ab9207522700cb8e3c30181e2845ef8
6a63234f-8fc1-4b60-beac-d13c2aabc461,f50575da-35f0-421a-a77f-47d30dbd3115,6d4a41cf-73d5-40ad-9fa8-98db17843330,2025-02-24,12,22,f31401b98837386e0d41e4f01ec11bf3
dfa3eb45-90fd-4def-9eb4-0149be73a856,fb8389d2-0374-449c-9d8a-5da6091ff8a6,d6e5f873-dbbb-4ac7-9a8f-61e1ed639420,2024-11-24,55,40,935c2f3fb4af1b69aa45e76a86c46812
798ae720-85cf-46d3-9499-8f0545820467,32207c48-3db8-496a-bb65-491ecffbcb17,f1eecd65-5723-4a76-bb05-8b4dbe6dc4ed,2025-01-05,74,17,4aa8a1a1125d55b504b4140b3e32992e
c51b9ba2-f0cb-4403-ba1d-3d880f380004,4c934de6-afff-4a0f-bd6e-542bcf9749d3,1ed2aea1-e9a5-4243-aeb7-09439770ddbd,2025-03-20,42,24,8fa388fe679994718be453a0d5f4205b
07d12d0d-57de-469e-ac88-24bbe2b801b2,cadbc659-df2b-4a0b-9931-4e92e693a21e,37d261ae-a75b-4750-8f7a-15a4182776aa,2024-11-23,45,14,f3c1b1f2055ac025823e470085f3d959
87410137-1d0a-4b1f-b471-f682f80f6e8f,e8c0f45f-cd66-448c-a642-f4e05dd7ea59,4bcbcd19-a8b9-4c96-a478-2b1cd84503ad,2024-12-28,60,42,717b1e4fb2826790499ddf3097ded9e0
45d6a1fc-be11-406d-8895-6578dd1b651b,37ace1dc-7c05-43cf-a1c2-8126226e142b,9ae267dd-08d8-4a22-8ddf-c23615f46b48,2024-11-29,58,33,7739e4521842d4ca02095a73cf58d31d
39371df5-93c2-4386-99a0-df4623f92e13,b63dec06-2f1f-4d4d-afa3-334fdc2cce69,a7795bf0-42b3-4086-a3bd-662bf3b0dd82,2024-12-18,90,43,1dec1b563c6a1f653cfbfb4dc8f1e838
78cc8e95-0d2d-4746-aa48-f6e21ba45648,d8559191-2154-4c5f-94bb-f7001a018b38,3aecf2cf-dc56-47c4-99d1-c0885a4f5625,2025-03-30,40,36,528fbae85f3f55082d84b13cf1aa971b
098141dc-148b-42c9-8945-c2c2b1358ec2,16246705-8847-438b-b4ca-d353f52613a5,ae6aef53-7001-438e-81eb-e9016d7b4e65,2025-03-02,49,38,bda1f27e477342bdceb52f0cf02a8010
2110cd84-c2dd-4b15-9c4e-32dd9b6a822c,9fc769fa-e8aa-467b-bebf-8cad0a9bb523,3c353544-41f8-44a2-bf89-7707603086af,2025-02-12,79,8,7e8620f0b8288d6ad2e94882136df4f6
97d58a4d-deb9-4166-91ce-a398d6e72a1e,4657b329-b38e-44c3-8591-f1a528be8004,4424631e-aeec-4d67-9e22-5b1b53c02430,2025-01-13,27,37,ab75ee8593285a10977ef2b074952b63
52e5a9c3-df24-4b42-9a6e-05a0e37c294e,8a798773-f9fa-4d08-b303-50a803942598,7aa02ca7-2572-44b6-b108-8d04cf082af5,2025-01-18,35,8,0c190dc0d12f69dbd10740a88694778b
4fdf973d-29a8-4ce0-b934-0c35a3d8e8c0,cbb6ccb1-05ed-4ebe-90b2-0bc329e507eb,cdf26f11-a094-4d3a-be08-c6777cf93a80,2024-12-04,100,33,5579f621d1e6af602a0f2e54432f1479
b6bc3576-ac06-4e93-80d0-d7fe7b5ffba8,9320258a-a533-4cda-88a9-309dceb96286,f12c73c2-5c5e-49dc-b5be-85633751679a,2025-03-20,28,41,fb58e8f9918eec24da1148e7cdefc6f1
a499f502-af8b-401e-9aca-19efd2a398be,fc244a10-6f89-4ba1-9c7a-9618c0a14f29,6d4a41cf-73d5-40ad-9fa8-98db17843330,2025-03-17,50,4,1986da6c2051f5e2e3b7d55790416a6e
c1bd04c6-c4fb-44b3-9c0a-5a78f8a8f0b9,e503e620-bd46-4784-9574-69c6d5ae28f7,af0bc724-cbb3-4bf6-9ebf-eb6c6d04e984,2024-12-25,25,11,f58f74bfc50a0097e4ea5f7c0bf373db
1120e914-a267-432e-97ff-a13c587d99ef,741c9345-eee3-4239-ac18-487bba7f31b7,4c10c415-42b6-4584-ac3c-270e57a47e5d,2024-11-29,13,48,16a0772ee100210992b1b3252ad1c440
80722f3f-324b-48ad-9df1-bbec04d6848a,741c9345-eee3-4239-ac18-487bba7f31b7,239e4af7-7462-475b-9339-b468ad2a5a01,2025-01-04,62,19,c4a8bee270f2ba0086873c88db341298
c9b6cdaf-fab6-4cea-9d56-775106883433,abf77610-a855-4d44-b732-f19a766d0410,55447c71-16f2-4cb7-937e-d49225f74df0,2025-03-10,91,47,07258db7d3a2ec945dac82eda801a503
604fd431-ded3-4e46-abbb-5f7d3a616200,1bee2e77-7866-4d02-9336-2dbbf491ec65,36baf033-fedf-418d-92fb-65329cb6113a,2024-11-23,34,6,937c439e2c3f6e36e805a1ace6f8694e
3d9bdbca-d7c3-46d9-a322-15c10c742a9c,08c22a54-9f4c-453c-98da-bc0499e31b0d,6893163b-6c48-4ca9-b37c-e8c9c0d2c4e5,2025-05-03,13,48,d88e8689c4b02cb6affd850c00e2014e
d8e40e38-8e04-4e6a-b3b9-549160cec993,cdb5a849-dc66-4686-b464-55236546b3b8,a7795bf0-42b3-4086-a3bd-662bf3b0dd82,2024-12-17,44,38,16a9af0f71eaf26842b9764c622440e2
ce9f1cc6-3f84-4581-922b-69ba2106825e,809d851c-b63c-44a0-9ddd-3b8240558030,a7795bf0-42b3-4086-a3bd-662bf3b0dd82,2025-01-10,39,38,f660d3863f6630c8357426bd8690242c
1f4d5344-5712-434d-b765-1396b9c01955,fa531511-a71d-4642-905d-b8d9edb2c7bb,6676c993-6f85-49aa-9fe2-27864fd1712f,2025-02-12,97,1,fcddd6ee1fcd3b539590a043fd573ef0
35642a29-5e21-4b97-87d9-e89e93997240,fa54cd02-bccc-45e4-9216-f991bbcfd628,31879ac5-dfbe-4866-9e13-6b02c581595c,2025-02-05,98,49,f399a9054f427ebf68f710793dbd9084
e958e654-c3d4-4424-97da-89a4be479e1f,058c3a2a-b60a-4e7c-b559-b37c71752a30,719ff0c2-f1bd-436d-9b4d-797c9a070a85,2025-01-12,74,38,6b59604a4389db312c1ba15fc0662fa4
4c0458c9-d1da-453e-8673-999e9c1736df,b5693fb5-b671-4a2f-8a92-a4afee9bfe3a,6d426eee-584f-4f00-9330-4efc0f8decad,2025-03-09,93,23,bc8746f02a0ea612095512fddfa90aa3
62dc8219-805a-4feb-8c46-826157beb9bb,41d0be2d-c164-4f89-ac49-02edfe09821b,0ed5fc43-a0d1-452e-a8c2-816b7c64fa58,2025-03-18,72,30,6d5f9ddb79259bff70f90db64e532a54
8f4eb0c5-c6be-4e63-93b3-9d46d05d94ec,37ace1dc-7c05-43cf-a1c2-8126226e142b,6d4a41cf-73d5-40ad-9fa8-98db17843330,2025-01-08,34,14,9be3f23ee8799257511dc2fe73154dbb
3f9b1f91-b9db-499e-9daf-37955f0a66dd,0f0752de-a05c-46f6-8cb8-490dc38ca71f,239e4af7-7462-475b-9339-b468ad2a5a01,2025-03-24,11,17,91d3d4680e1303abd0fb0f68f8f624ad
902cb8ef-5138-4807-8cc8-20ad63681e3e,1b7ec568-3332-4ebf-89e5-bfd949696208,d1afb118-0a70-41c3-98db-2f8e35b1090f,2025-03-03,95,12,0c4e632ad41bb720eb56fb03d6706f79
bd98d417-6ea1-4545-818c-38978830f73e,a07aa4d0-30b4-4ee9-82ad-e2f4c2859e72,ec380464-9e29-4a1c-bd24-698c87d967f6,2024-12-09,18,11,dc353c5ed148f9bc4611817600edb1c5
5fd73b26-5496-4a27-9c55-ab8765dd0f9a,7f3e9daf-2604-46dc-8b40-ca75fa1ade55,a7795bf0-42b3-4086-a3bd-662bf3b0dd82,2025-02-27,72,44,2a5edf440f6cbc31e7ba0848bcfa5403
058a22c5-ecd4-4984-a3d7-e41f4a834649,911e18b2-a5e5-4e2a-9886-3ac97b737548,b9cdfa36-3f45-4ccb-9f52-28764e0691d8,2025-02-28,41,27,e9048a6ac0bd40b34402add67247dcfc
4f48bd0f-8d8c-40a0-a111-2af2b3983d55,2b205523-ed3d-44f5-b558-9f90bea5b913,5a27e3d8-b40f-4d61-aff2-d2cb17ec6c2e,2025-01-19,15,38,253530a74b16b1378c3d06cd9d23be8c
9c8297cc-53bf-4358-b078-29a7fd3d44a8,595cec99-a0dc-41f6-a576-8d547cca0399,ebaf5e1d-8f66-49a0-83b4-d458efb73390,2025-04-15,50,25,eda282a8a77c31205fea96026be52553
3cb65a66-1802-4d22-b8f2-4529c96ad6ab,cdb5a849-dc66-4686-b464-55236546b3b8,55447c71-16f2-4cb7-937e-d49225f74df0,2025-01-10,83,38,93aba7c56e08dbf9c7180a8c9d6c0434
4b2879b7-338b-40c5-9d06-14bece4e33f4,5af80985-ba1b-4f6e-84b8-7609fd7320b0,5c74edc1-2ad8-4c09-ba53-deeb4cdeb37b,2025-02-01,92,45,874cdb050a381e62d8641c54438209dd
c3baaec0-1e14-4c08-ab9f-933872bb1014,b714084a-de8e-4d33-9932-2b10cd0c713a,7110291a-c1c4-4ba3-82d1-e286cb395af5,2024-12-12,23,28,bebd909258d83aaf5b9d6094755dbc9e
13e18ed0-d4a9-46be-adea-bd912045bf6a,f53554cb-9eab-49c1-8b02-d7e29b1e7617,21867063-0fd3-4fa4-8837-d6a15fb0b78c,2024-11-10,41,33,ff81c26148b9b95bd56f412566af3b04
022c9692-6f70-44ea-95dc-c63b23572e94,5af80985-ba1b-4f6e-84b8-7609fd7320b0,d037d449-5678-42ab-a6cf-8cd17fd118e0,2025-01-09,15,35,50829fb901a6e375bad2b390def4bcf2
0c3bc4bd-309a-4eb1-ab3a-48ccb842c822,2504155f-5368-4685-90bd-e391c20ab142,7110291a-c1c4-4ba3-82d1-e286cb395af5,2024-12-27,90,3,32c74fc35e4a543d5320afd9b100ab8a
17ae50ac-2f2c-43ce-9a94-51de60d3ddf9,c2ee1fcb-57d7-4c69-acdf-65dba90a8b24,a61aeff0-9d27-437c-89f5-b4f474341224,2025-04-11,66,25,a3d7b243e1e2da998654da001c57bf33
8dbefdd2-2abf-4b88-afe4-a728d2415f3f,32207c48-3db8-496a-bb65-491ecffbcb17,5a27e3d8-b40f-4d61-aff2-d2cb17ec6c2e,2024-12-23,46,29,e89e3e5ea7044d126ec8e2f2933654a3
2b2c3962-3709-4631-a5af-927100154a28,9c6a6f3c-8c91-4e75-8ae9-2539b2cc07d6,ae6aef53-7001-438e-81eb-e9016d7b4e65,2025-03-28,47,39,5618b7fa282f64fb2e4a3844664675e0
4ba2a44f-01fe-4c43-ac4e-d84f0e5475e5,2826d8f1-35e6-4900-8498-fdf07a4d7c64,cdf26f11-a094-4d3a-be08-c6777cf93a80,2025-04-02,76,9,dffd4c858a3148e41dc9dd3e1106105d
6677cb91-6ec8-41d0-89f7-977909c2cd2c,9b437933-6c78-4429-bb3d-c932184be19e,a49c42e5-2342-4dfa-adde-4ab426fb3696,2025-03-14,67,5,1b4bfb0391cf05a0645590f75db69411
3c560415-51a3-4855-be90-8b35a6aa55b7,ccfc05a4-1d83-42d7-b56b-edd0442404e8,c44bf2bb-2b50-410d-9d64-53ecee61dea6,2025-02-02,24,11,fff094c0c8d417fdc0f0d3d04ff04b89
3a76c3ea-aae3-480b-b418-a17c71307c2f,c1f283d5-3c03-4036-ae57-6b02a706f6cf,b970acf0-c1b5-4916-bc91-1ebff4f67716,2025-01-02,99,34,0c224bc70b3a53be3f322c9fb25844e9
18573f26-fe23-4b04-beff-028c2aae7dfa,9320258a-a533-4cda-88a9-309dceb96286,d037d449-5678-42ab-a6cf-8cd17fd118e0,2025-04-22,62,20,8b45841528278d14be07f782cd118f58
5b58c870-cab1-41b1-b734-c0ed36f2a812,fb42f717-1960-40df-8d22-8829ab963b34,c89f132c-7bfa-4bee-b702-0c473e95f339,2025-01-18,32,29,9e87cf8fe647902cde283b37cc8ccf86
2ff6e2ec-3bd1-44a2-bb64-3d425587cc0d,40fa3b88-71df-4dde-9671-1346206672c5,6d426eee-584f-4f00-9330-4efc0f8decad,2024-12-06,35,29,b7dfea23b0131070c60c761591858d43
abdedba5-747d-4656-992c-017a69533b9a,87f610cc-9017-4abb-bfed-1d2015f93a29,91036e32-71b3-4898-8c9b-0be0a468596f,2025-03-21,51,44,ce65a7e9cfd98b62bf7cc3da62a7a095
cb2608ff-f1db-443c-895d-4b2a0185538b,8469b845-acb7-496e-9ed5-764b1282b1d9,6d426eee-584f-4f00-9330-4efc0f8decad,2025-04-01,30,45,388285fcdf6a683a0ebb5e16741c90d6
a8293e33-1fe8-49ea-b974-ed4fbbb6c31b,36e34703-85dd-4543-ae4c-71fd16b52d4b,ef278875-db75-414e-bd54-9cb6c53e68a4,2025-01-13,21,7,4e98810ba2411f03c282c24c009ca509
93682507-e585-4dd3-b7da-b89b9a03a497,c4eb9723-4543-4087-97fa-d43fd66fc6eb,3c353544-41f8-44a2-bf89-7707603086af,2025-04-29,91,23,d05daf8fe94cef9a3864ecbe37d7a15a
df8a1f93-a57f-4c28-aeef-59798d7a600f,76aacce5-3da4-470a-ad74-66dc58e34090,5c74edc1-2ad8-4c09-ba53-deeb4cdeb37b,2025-02-11,100,24,a34631cc4dfddf5f5629c0999e8cd819
27f5534a-4dd6-40e3-84c4-ac5cdd047814,14208bc2-557f-4cb9-87be-855eb164da77,cdf6b402-1000-4e51-935e-2b0ba1992db2,2025-02-07,88,10,f4860f224197a835f988e25e6ce4ce54
b50ec3e0-9b53-495c-9391-63610138d31c,2e48129b-46eb-43ba-b0fd-a163df1ec271,b6992d0d-f05b-4297-a5e3-78089f1aeca6,2025-02-04,58,2,1dc53966fa745646e363a7b95a4cd640
2eeaaef4-9b8b-424f-986c-b4840ce9aa5f,f6c55da1-dffe-49e4-b771-807fdd6ce486,b3b8e7c3-8107-47d1-9143-c1c55b541c76,2025-01-18,52,36,233324024c19d1305d4029c24934f75f
1454039a-afc0-425c-8e58-ea34fe20d2bf,075b10d3-562a-4a4a-99d8-9bcad1b783a3,36baf033-fedf-418d-92fb-65329cb6113a,2025-04-09,30,9,ce0d3652e896041b279bb8d06c27ec66
61b8fa2a-f388-4581-9f0f-357d7f1ad21e,a07d9562-a108-4742-9811-49ed549c6773,cfceebdd-1373-4148-b672-2d8702056f25,2025-01-08,16,26,ae0c6b5e474d1e1909a0201ba6441b5f
7f5981ca-ad82-4998-9df9-acda59f26233,5c3b349b-0481-4cdd-a1cd-8f7217ccba1e,80ba7e77-5428-469d-8a18-a2387f574aa1,2025-02-12,67,18,e38d0702abd86df66b4a186f8dda7106
80d5d099-4baf-4bba-898a-31bdf59dc549,3b824cf9-6fce-4fa0-9c41-4d00c15b113c,6893163b-6c48-4ca9-b37c-e8c9c0d2c4e5,2025-02-25,25,8,14ff9a7e44cfb05ca0428c7fbad88d64
fb4ac751-568d-4108-ab2c-34ba03d49f3a,f3a7b19e-8ee3-467c-a4a4-8ebdd8380e07,65fd7e0a-f795-499d-88ab-a4d7c44a6c8b,2024-12-01,89,48,37db9146ba2dfbaace0025af4cc9c276
44dab125-af83-4b31-a749-272fc1f44c13,38456dda-dcf4-4866-8bda-d25e6786273d,39ca1ffb-4dfc-4e43-8224-a6ced44a1c53,2024-12-14,68,31,cb0f57e7a12e845d3238d6c62138f9ef
aca5aac6-d8a6-48c7-93d6-02f2d221c1ac,0b1a628c-391a-4bbd-a418-1280f34bc281,1eda0b9d-02d5-493b-97d4-2bb6e6bac6ed,2025-03-15,10,38,d6bd2a4f0d216409730feae05f814f0d
ef0285db-e286-4ef5-b946-e8ae43e1c559,c9458054-c809-4edf-9954-cfba19c00580,f1eecd65-5723-4a76-bb05-8b4dbe6dc4ed,2025-03-07,37,37,25406b7753b862b6279fdd3608270ddd
6bb4dd2a-5c43-4217-a722-a7d6fb68f6fe,075b10d3-562a-4a4a-99d8-9bcad1b783a3,ac3ff1df-0ab7-4924-aaca-352012adab8a,2024-11-25,68,26,5464645a6f95c2430287a61608019b3a
71ebcd37-a1b6-4b6c-b405-de5562ce6dce,abf77610-a855-4d44-b732-f19a766d0410,31879ac5-dfbe-4866-9e13-6b02c581595c,2025-04-22,86,38,c3e72d89002bf32352515847ee6c07a7
18b82402-6810-4c40-9302-ec269ec11a8a,b3c6207e-69ae-4e95-8313-85db29001154,45dd0ba3-4a3b-43c1-8df6-c729c1b402c1,2025-01-03,80,17,6e3d4d61b9df6af3b97e4c48f29d7ada
90791bd0-e526-458a-88e1-dbe1a8abf029,69757d3c-026e-40ba-a2f1-632d4848758a,1ed2aea1-e9a5-4243-aeb7-09439770ddbd,2025-04-25,81,13,1a425437a0e149ddf5c522def24b8798
27795d60-e26a-497b-904f-df659bc9392e,3c0e0a48-743b-4934-b761-476dba7c98a9,6893163b-6c48-4ca9-b37c-e8c9c0d2c4e5,2025-04-19,28,3,c7fc4a40b856a56f0b59fe7c2058d2e7
dae1dbbe-c73d-4c19-9437-33f47c9e7826,4d94bcae-96a3-411a-9b4e-067ef3a545fb,d9523a42-a27f-44d5-bc19-073461b7d895,2024-12-07,14,9,de7efbb071810255ed9b4437cbd4b4b2
8e6966c4-f4b3-4c64-85a6-2b03e2503de9,0f0752de-a05c-46f6-8cb8-490dc38ca71f,1d5eb5ca-5cf2-4f8e-b40b-5e8501db8edd,2025-05-02,83,38,20d27f3a63e3c1a4fbd9e3dda296ac83
1f19c3b3-325c-491d-8ca2-beb37f8dea96,0c5ff0a4-cbc1-49dc-9ed5-9145530536a4,32d501ad-4c0c-4df5-85a6-b7281a08d48d,2025-02-22,21,3,13ae8e70e80040be4611f828d3846bdb
e7780de8-a22d-40ea-ac7d-728d515084c7,96c45fa2-97fd-420a-8429-f7ad7282972f,3aecf2cf-dc56-47c4-99d1-c0885a4f5625,2024-12-18,32,10,e1fdccde8ce6c281ad3641b60ab25e6e
0f511b60-36a1-4854-b481-be4d745cc017,4527b92e-e8c3-4233-8a3c-e46b5df6c972,a1095eb9-5f49-43a9-bfbd-791703d1e6b7,2024-12-31,88,42,a67ca7b4b80ccef6f89e5ef49510fc5b
68bd7daf-8cd8-4e08-84f3-5859216fd00b,f09d0133-4c33-4304-ab1f-5a3fd14fdb2b,a2190e92-8d09-4e71-959c-55d897753259,2025-04-01,86,36,da77f2fcb80fc9cc0597986e8bc80649
07e7c0ca-fb62-46f1-b2a5-e1e545dfc782,66c13534-6d4d-4df5-80e8-1219333cac61,ca0ef29c-b1fb-43e8-bf12-756643177da2,2025-05-01,68,47,04220b98e93f3bb5d01f1899e38423db
f7a89054-9c52-48a4-b275-3681fc97ab0e,adb51ffd-a91c-4776-803a-b66420a19914,b37a6090-d30e-4a42-b3a5-aea8250e219e,2025-03-11,14,5,f5e0181853e51cc0028533705bab0b9c
d96d8754-f1a1-4f83-9e62-08ae7ac23268,f6c55da1-dffe-49e4-b771-807fdd6ce486,799e4c1b-7ca4-475f-9792-1f6b19e7eb8f,2024-11-24,51,23,aaae07831dcb4d9e6afa86feb0975ab1
24e46c13-b40b-45cb-802a-af9e1aad1b47,562bb5ea-76a4-439a-9bc9-b14b71c6b2d3,40b577a9-6d4c-440e-a219-47607450c772,2025-03-31,64,35,41191a7c8b5817af104418bf3ca2619f
b883d4c2-47ff-4d28-8038-afe6dab09b4c,a59e82a7-aab4-4922-9df8-d5a5c318a175,a61aeff0-9d27-437c-89f5-b4f474341224,2024-11-24,70,8,5ccf3619723b3dbdeb1fd7ba24a2bcc6
f9b49f26-41a0-4c97-a6c1-fdf929518fdc,09f6e89f-27fc-4ff4-b239-dd1739af393d,cdf26f11-a094-4d3a-be08-c6777cf93a80,2025-05-02,45,21,c435c2a8e5ce3095b3256bd8c5245cae
ff65288a-c437-400d-8bc5-6ad40fece710,f17e12f3-a36c-4083-ba51-7e7b80c3bb44,239e4af7-7462-475b-9339-b468ad2a5a01,2024-11-13,77,13,beb4e85ecc61586a2919dd0321350667
5e5331cc-2c7c-4825-8491-ebe339496c1b,38f082d0-6daf-4e49-bea8-f4fa2d445408,ec380464-9e29-4a1c-bd24-698c87d967f6,2025-04-23,88,3,d38e53de28fb2f9fabf5c4a7f1e7c1e4
cffac2a1-6be5-480b-be17-ea30b68c45ab,96c45fa2-97fd-420a-8429-f7ad7282972f,69859c50-7137-46bb-b6e0-fb014ae7b800,2025-02-16,90,33,3fca75270fe76540d36c0a60bb6017a5
9f75498a-5fcd-49c7-acbd-e48b89934703,4e8e8e57-ffb3-4e05-ab34-9061c89ca0a6,4e88655c-70bf-47d1-8b68-eaa00f575d8f,2025-03-12,98,38,e5e871ef73077d4597c6a05c29f7abf8
da93760b-8e1a-4323-813c-15aa96b51f80,c4eb9723-4543-4087-97fa-d43fd66fc6eb,a1095eb9-5f49-43a9-bfbd-791703d1e6b7,2024-11-16,64,38,b780cd7fe4fa03b25d727e70fb12709f
6e4d2288-4540-4c99-8992-e33a675cd110,741c9345-eee3-4239-ac18-487bba7f31b7,c8abc236-0720-4444-811e-5e29e1062617,2025-04-16,77,36,6092bf3562eb207adcd4206f243a1656
80d0131e-1ef9-4b57-bab0-99e737938293,69bc10f4-e734-4e23-971e-69f2eb89a078,d6e5f873-dbbb-4ac7-9a8f-61e1ed639420,2025-03-02,26,39,affc9c14e882df0babfef0c9c176e041
8c2ed612-127b-4474-8ce7-a155d1007287,fc244a10-6f89-4ba1-9c7a-9618c0a14f29,1f2c35b4-4aff-4350-9001-9a948089823b,2025-03-02,76,46,244c9752a7b89916b115066ff04e4831
7964d271-cb85-48e0-8b71-9f6f5206713f,4e3f4260-de01-4fe6-adfe-966435fe4ae2,1f2c35b4-4aff-4350-9001-9a948089823b,2025-01-27,73,11,fa7e6f9b0dbd0570ef33a089ef8cce31
3844b701-0d3d-4e45-81d3-babcda542909,cdb5a849-dc66-4686-b464-55236546b3b8,6676c993-6f85-49aa-9fe2-27864fd1712f,2025-04-08,100,18,876a9880710946c8d80b4ad940c2804b
48696441-d0a0-46a5-aefd-01f30f5c255c,109a1dc9-6f20-447a-b63a-9c674710342d,65fd7e0a-f795-499d-88ab-a4d7c44a6c8b,2025-03-04,25,1,003251ccc70c35fa6e0e1f8acfde1465
5d33a380-845a-4e77-ac1c-b898ad00fc2a,e959f959-8444-4d57-a07a-257da7b0a84d,1ed2aea1-e9a5-4243-aeb7-09439770ddbd,2024-12-21,25,47,215be1f8676db4b2b4b45d7fc9498a35
6153bc7b-1c81-42ce-9d23-73cbd66aee03,a17c10c0-9a1e-48c7-ae66-5143f6677a96,a7795bf0-42b3-4086-a3bd-662bf3b0dd82,2025-05-04,63,26,f2299f74b710364369b8d599a43b8203
9d463e80-b0eb-47d0-960a-3618352c75e0,626c792a-1bd7-4d7b-b8a2-7364513d8a9a,32d501ad-4c0c-4df5-85a6-b7281a08d48d,2024-11-17,54,35,7382ab5cabab027b6cf65e8b005ab9fe
ca412ebe-ff65-430d-9ccc-3c2523834905,6834204a-54db-4e3c-a5a8-745b8c83b914,a445c36d-4486-4753-995d-553ccace9e7d,2025-02-25,11,40,7e7d6b5d9d2305816ed1b2b9468bb07f
7d85abb6-f3eb-4894-986d-0a9c63d82d11,f3a7b19e-8ee3-467c-a4a4-8ebdd8380e07,cdf26f11-a094-4d3a-be08-c6777cf93a80,2024-12-30,46,16,7fb1bbcc3c4f3e25efe0a7631e59b4a2
cc17579e-f097-428f-bb6f-19a47e452c23,b02a6b7b-7c0d-4aa3-814e-9392707fb425,80ba7e77-5428-469d-8a18-a2387f574aa1,2025-02-23,48,32,44a51d720a7406dc43e6dc50dd3e853f
6e17a454-f27d-4606-8c9c-3a13c9c710d4,bb750fe5-f331-4f53-a4d5-62f4556bdd4b,7457649a-9d1a-44bc-ae2c-66730c1f588c,2025-05-02,10,7,c2a10ba001d76ef4d04648921c70e599
6443f6f8-2fd7-40e0-b6f2-fc8e909ff96d,fb8389d2-0374-449c-9d8a-5da6091ff8a6,32d501ad-4c0c-4df5-85a6-b7281a08d48d,2025-02-22,53,25,b54751e2e7421d4e103c7e0a4a4bea5e
3a059197-e5af-408e-83d0-86fdd875c624,a1dfb0b3-e0a4-434e-bd3e-f864bb8e20d0,272ecf7f-e3d2-48ef-ab05-a1f655cc89e2,2025-02-09,88,1,42a54cbc3d040cf395da57e80c60ef78
8f7baaa1-6eec-4ad2-9be2-8242cb9b3da6,88b476b3-2645-4198-88cd-e128acefbc1f,12dbe3e2-6e2a-4aae-950c-b74c4feca16b,2025-03-16,52,21,e828ad2d8460caa6a4de34042fcbe3d9
972e9318-dc3b-4a8a-babf-cf040b7c220f,4527b92e-e8c3-4233-8a3c-e46b5df6c972,4e88655c-70bf-47d1-8b68-eaa00f575d8f,2025-04-09,70,2,088291e92ed43dab669d42390a259836
70c6033d-dbe5-4f83-af33-475557061f17,2da9e68d-41de-4864-a528-1cb2ad71353d,719ff0c2-f1bd-436d-9b4d-797c9a070a85,2024-12-08,71,9,73b8c5ed5c5b45c5141950a1e875d74b
a267a48d-f347-4336-8c3c-098a1eb214c7,3b824cf9-6fce-4fa0-9c41-4d00c15b113c,b9cdfa36-3f45-4ccb-9f52-28764e0691d8,2025-01-20,78,21,83a754d654349173c19d75250f476241
7552362f-7bd9-4a28-b221-066600b553d5,9b437933-6c78-4429-bb3d-c932184be19e,239e4af7-7462-475b-9339-b468ad2a5a01,2025-01-25,17,33,705dcd29d1818b20d90991f038e6c5d4
342b14c5-7831-46d4-87ce-43cb4f9c8643,0c5ff0a4-cbc1-49dc-9ed5-9145530536a4,272ecf7f-e3d2-48ef-ab05-a1f655cc89e2,2024-12-23,96,20,4d7b7f08da3846d7af38e7339372ac81
22f012f0-8dab-4631-88e9-abf7b30f94ea,e503e620-bd46-4784-9574-69c6d5ae28f7,af0bc724-cbb3-4bf6-9ebf-eb6c6d04e984,2025-05-02,12,13,cfec2bfc44cc2e2194859d8fceda3407
91244431-dd8c-4a76-95c3-04e9c6ce376e,8fab808c-0c49-41bd-ba85-6660f2f977ae,7aa02ca7-2572-44b6-b108-8d04cf082af5,2025-04-08,52,50,75c84be87dc46f7cc0310926c321c4bc
908eea4e-bc74-4b98-9759-893ccafd6cd8,35cd3389-a750-4471-b7cd-a6867eab2059,40b577a9-6d4c-440e-a219-47607450c772,2025-03-04,29,17,7be6491cce768cde7c451109d9ad9cf2
42be6636-4ff6-4821-9906-27864664f6a7,cadbc659-df2b-4a0b-9931-4e92e693a21e,4bcbcd19-a8b9-4c96-a478-2b1cd84503ad,2025-04-01,58,40,c35cc2d1b649f7f619e928f9eea0af23
40e46137-31a0-4d0f-9519-ea17477f021d,a267e5ef-9cb3-4151-bd52-e6b16423fc5b,b3b8e7c3-8107-47d1-9143-c1c55b541c76,2025-04-25,83,38,3d7869574419585ffe87a9c2d9ead2c3
f1fa0c21-a38f-4d6d-8b4d-ad27677d6c7e,2504155f-5368-4685-90bd-e391c20ab142,6893163b-6c48-4ca9-b37c-e8c9c0d2c4e5,2025-01-05,86,7,c3f35e24fb2deb2abf36150adb92b5e3
2c9bdec8-4b34-471f-8e22-a9d391bb7e27,5f85f833-7720-4f8f-bf18-8f883b2ec93b,80ba7e77-5428-469d-8a18-a2387f574aa1,2024-12-05,100,20,4d72b4279a71058665ff4a20ce36f239
9ef54909-d6d5-4bdb-8efe-4741e5d0f121,c2eb3521-560b-438d-b2d2-4c2eff5ccd82,12c5f370-1c15-4340-9ead-ca27c8f9a41d,2025-02-08,44,26,156a5dc3bf5eca7cbd8b40723837ac9f
b9fa5213-a1fe-445f-a1c7-11004971e021,4e8e8e57-ffb3-4e05-ab34-9061c89ca0a6,1f2c35b4-4aff-4350-9001-9a948089823b,2025-02-15,40,23,d4d81595772021acfce2b2d058be270e
d9a9a780-2f34-48d9-9022-89c883bb4d18,fb42f717-1960-40df-8d22-8829ab963b34,799e4c1b-7ca4-475f-9792-1f6b19e7eb8f,2025-02-17,37,33,6148e91b7fc7294c26b5073edd918f68
368c7b02-fddf-42a8-aaf6-3bcf7a47d340,32207c48-3db8-496a-bb65-491ecffbcb17,ca0ef29c-b1fb-43e8-bf12-756643177da2,2024-11-27,24,23,feb6020729026b81792fb6d204220488
690e6f76-6c3d-4600-9ebf-f64c96a2fa36,b714084a-de8e-4d33-9932-2b10cd0c713a,5a27e3d8-b40f-4d61-aff2-d2cb17ec6c2e,2025-01-26,35,5,da7725bde674d450f6b3ffe7cec06ae4
c812527d-f7f4-4539-b989-80cba5910ff2,abf77610-a855-4d44-b732-f19a766d0410,c44bf2bb-2b50-410d-9d64-53ecee61dea6,2025-01-19,13,30,769879b092cab49ac49b0ca2484a40a6
9c483879-b1d8-417d-aa51-6475c8f379e7,40650a74-943c-49db-952c-f45361ae9c62,36baf033-fedf-418d-92fb-65329cb6113a,2025-02-15,34,21,9fc0998623777970c89fc14d2de3d528
c6ec2921-b4eb-4264-a63a-072337a820a0,e2f5abe1-6f2f-4187-92a5-86e8e54741f5,475e70dc-4784-4a3a-8435-faadf0057649,2024-11-12,77,19,c30d6dbad9200775006f1b9a51dfe199
09a4a6fe-ba4e-4ed8-a7cc-f90175f4f02d,5d2a1b34-fcea-4223-b2f8-849a11dfbc37,7457649a-9d1a-44bc-ae2c-66730c1f588c,2025-03-18,28,49,3181767f10d75f816c94cacf9e235b2e
a296cd3a-c96f-499c-a958-737d9849a2fc,89a0c5ae-6d0b-47da-a9b5-51389b71ef39,7110291a-c1c4-4ba3-82d1-e286cb395af5,2024-12-26,96,8,2fd215a2286e15617aa70aa25f31a042
e219affb-b6b2-4856-ab9b-a46762db7093,4657b329-b38e-44c3-8591-f1a528be8004,4070c541-d4bd-4bd6-a1ea-1a632d72c3b5,2025-04-23,14,29,28564f9cd636ba6ee36409ddb32c2c0f
482791cd-5a5e-4632-a388-e005acb4578f,2504155f-5368-4685-90bd-e391c20ab142,6d426eee-584f-4f00-9330-4efc0f8decad,2025-04-15,76,7,80bb22e7fff2b161643660cd5d888365
b90636b3-0286-48d5-ae72-7ae240fc5017,b3c6207e-69ae-4e95-8313-85db29001154,80ba7e77-5428-469d-8a18-a2387f574aa1,2025-03-09,15,43,b563b847dcdc7a74eaf4c133adae5635
8ac2d9dc-8742-4b75-850d-bad00e7bb873,bf927ba1-9005-458b-8e78-dd9aa1e382aa,9ae267dd-08d8-4a22-8ddf-c23615f46b48,2025-03-22,52,29,d06e7e98171920b9eeab34e7cfb055b0
a78e0b71-136a-445f-b963-18dc1e7b90a5,626c792a-1bd7-4d7b-b8a2-7364513d8a9a,fa5fc329-2475-445c-ac5c-b5971e95df3f,2024-12-12,76,49,3013cef2e5b36acaa18cd01c05e5438a
a5c6ef45-ed0b-4d4a-8a8b-cd632ec58a1c,075b10d3-562a-4a4a-99d8-9bcad1b783a3,55447c71-16f2-4cb7-937e-d49225f74df0,2025-04-06,49,1,dcc5a3e356775e976ba3aacb5d95b2d3
7bac4f6d-e507-4e3d-9fb3-541dcae58c23,8fab808c-0c49-41bd-ba85-6660f2f977ae,532af585-d4e6-4f58-b4c2-c0801179d805,2025-02-17,49,40,7b7d919e30a10d65195e435dc7106337
7bf9b582-3d72-428b-b900-a3332068f1e0,a17c10c0-9a1e-48c7-ae66-5143f6677a96,7457649a-9d1a-44bc-ae2c-66730c1f588c,2024-12-07,35,12,fcfa2c984f977c75bb54de699c6d3f8c
863d49be-317e-427b-b567-503363e6b719,b7c5a5ca-d832-4c89-b9fe-6357f56d3c09,fe3580bb-d4bd-42e8-9e9d-bac018c06757,2025-02-04,78,20,eefe10b143a907573b755696677573d5
5425ac95-bfa1-4da8-b3a8-d979cc0dca3d,958eb126-40d5-4aaa-8f85-3c7e2a0409b1,3bfeebda-77db-454b-a123-8c266d364c7c,2024-12-10,95,7,4d413ac6ff2f3a4860f581b9dd22b436
4d3cc43c-3630-438a-95ca-21c13f59615a,8a3d1109-9e81-4a27-9da1-3278e372a151,36baf033-fedf-418d-92fb-65329cb6113a,2024-12-14,30,17,00ea1c008a238277298795f54037d080
c6fcbbd5-123d-46a8-810b-a611964e3fdd,41bbd022-bd2f-4424-ad2d-9e748b774ffa,39ca1ffb-4dfc-4e43-8224-a6ced44a1c53,2025-02-27,89,35,dc4572bb49b60315524d07afe84d4070
f13f6e38-c8cd-42f0-bd51-fffa4f7a344a,296ecfce-32bc-43bd-af92-35a09c790a53,fa5fc329-2475-445c-ac5c-b5971e95df3f,2025-02-27,36,34,f4cb81af39628973d5b52209f4c085b7
e42f4f1f-ab62-4f61-bb65-36ad65f69b6a,a1c3228e-f0e3-4352-8b52-5cb54418c0df,b6992d0d-f05b-4297-a5e3-78089f1aeca6,2025-03-18,50,17,d5998fe837630f2eee0438211854ddf9
d233af82-077c-464e-a899-2fafb29c8426,da1a1b39-3826-4312-8001-62e063765da4,68474a6c-5174-4a85-a261-79c597e6a29c,2025-04-28,46,36,3baadc862d9c51620f4d8170505a77b0
c3749d9e-cf47-4c37-8537-fea37fe64d92,272ed81b-7dba-4b4e-b8d3-548ccbb1ab8c,b3b8e7c3-8107-47d1-9143-c1c55b541c76,2024-12-08,19,19,cc65acf254387f22bd6bfa53bc2324bf
1b8465d7-7ed7-465c-a2bb-bf64aa186f0a,cdb5a849-dc66-4686-b464-55236546b3b8,4bcbcd19-a8b9-4c96-a478-2b1cd84503ad,2025-04-01,79,28,50a05471166858d6f0104c68979dfe1c
84a83d97-6c78-4a79-8ad9-1cd729a887f0,3c0e0a48-743b-4934-b761-476dba7c98a9,4f99bbdf-ab21-48a3-b470-65c7a3e20bad,2025-04-01,13,30,c9323361d6581edffae4f8dd9f092f36
3301ddb3-200a-4601-aaec-b889359693f1,4527b92e-e8c3-4233-8a3c-e46b5df6c972,cfac686f-f935-4a2d-826f-516d4b13d7dc,2025-02-11,23,24,7a2966e0457643fb45757fd0520b081e
047bd0ab-a1ff-4a4c-8433-706013cecd40,2826d8f1-35e6-4900-8498-fdf07a4d7c64,9ae267dd-08d8-4a22-8ddf-c23615f46b48,2025-05-11,64,25,6eb154c9995dfa54de3535a6fe7225a3
0790e3d5-2ab0-4cf0-9371-5bc35d5558e9,a07d9562-a108-4742-9811-49ed549c6773,68474a6c-5174-4a85-a261-79c597e6a29c,2025-01-18,86,37,3d17046a1afc4d01b300f37e126e4adc
9fd0f5cc-9013-4839-a64a-c4e657509c4d,4e3f4260-de01-4fe6-adfe-966435fe4ae2,cdf26f11-a094-4d3a-be08-c6777cf93a80,2024-11-17,99,28,d7eddd7e40471355570d735e97b20693
e8366ebc-adaf-49af-9ffc-94660a48de30,9fa3a379-d7db-4484-8b71-5354f46c4166,d6e5f873-dbbb-4ac7-9a8f-61e1ed639420,2024-12-22,49,21,9dbfa82dc52c0ec15bef6a36bb85fbf7
1999a40c-99e1-4349-87e9-af7c8aa629cf,e037247b-0fa5-4dd6-8180-1295383d00c4,6d426eee-584f-4f00-9330-4efc0f8decad,2025-04-06,95,34,7eafe7e2c90dcf1de8c28940bd977768
1e3a2ddb-3183-4174-98af-7ea26b949f36,d8346418-a6fd-4790-a776-669ec930f2f3,4a9f6a13-d29b-461c-a316-6ce971bb8ef8,2025-02-12,69,36,f243cca5f68b71e6c454ce806802cc3d
5cdb3932-b72b-49ae-ad25-48e651a6d261,08c22a54-9f4c-453c-98da-bc0499e31b0d,9ae267dd-08d8-4a22-8ddf-c23615f46b48,2024-12-25,99,29,efc27ad7036df0ac10e00724f531e301
0e6761d6-b37c-47fc-b9df-d804ba331836,b1e25dd8-ad59-47b8-9137-a5a6c3550ad1,b9cdfa36-3f45-4ccb-9f52-28764e0691d8,2024-11-22,49,43,92a6699b62d3e2416c9d69ee8bcc1b83
347b0e66-006c-4278-806c-5263f301a5b1,0ef07e55-fbdc-463a-9e1f-4231bf293988,68474a6c-5174-4a85-a261-79c597e6a29c,2024-12-31,69,30,80130c4d83ec636a4216a36f759279df
8bde270b-5759-4be3-bbe2-d715221f6e03,fa531511-a71d-4642-905d-b8d9edb2c7bb,d1afb118-0a70-41c3-98db-2f8e35b1090f,2025-01-20,28,39,16f341a0a6897d57385dc359eb13e0ce
1e6126b7-4e75-4110-bcbf-da48057f8f04,98317645-3c94-4aae-9cff-a45ad134a373,b37a6090-d30e-4a42-b3a5-aea8250e219e,2024-12-25,60,11,59c968cec90bad98ed85d5c53997ac75
4459071d-ecfa-4532-a1b8-d0f135549d23,2a78fec1-5fde-4104-b7ae-93d0c3c9a8ba,1d5eb5ca-5cf2-4f8e-b40b-5e8501db8edd,2024-11-18,52,50,af0a6e2d8f97dcfa843f197d8ad9c298
99db651a-c806-4892-938d-91a58f2475e2,911e18b2-a5e5-4e2a-9886-3ac97b737548,b9cdfa36-3f45-4ccb-9f52-28764e0691d8,2025-03-19,72,1,dff7bf22778f7587e432b43458162ad1
1722f1ca-ce61-4952-ae16-600ba38f1822,a59e82a7-aab4-4922-9df8-d5a5c318a175,ac3ff1df-0ab7-4924-aaca-352012adab8a,2024-12-20,24,22,ec904b4f56a16c78f9b3bfeb983a18e1
7758a879-fab4-41fd-bb2b-9662bc8b5cf3,058c3a2a-b60a-4e7c-b559-b37c71752a30,d0a7785b-3a65-4ae0-9caa-ff4c01a392eb,2025-02-18,31,18,3144ebf164722d4948c7c88175ea8a26
80e362de-86a2-4d2a-8f2f-9980635e0b5b,f6c55da1-dffe-49e4-b771-807fdd6ce486,d9523a42-a27f-44d5-bc19-073461b7d895,2025-05-05,87,36,590f3f52fb21eabeecea12f0d6db0910
81617b7b-c7e5-47a6-8635-d91e27c02eae,81c9a254-98a5-40a6-8423-c982583f9808,cdf6b402-1000-4e51-935e-2b0ba1992db2,2025-04-12,23,25,a971d7cc31d41e53c0b5119bd4a63f71
793533a5-d81e-4070-8629-0977da776302,6a9b8db5-6a3a-422d-bc2d-ff8536baf79d,fa5fc329-2475-445c-ac5c-b5971e95df3f,2025-01-19,51,35,3df11c9a4266dc953c115c18a2b44acc
b670f850-837d-4da9-a8ae-98e651ec96cc,8469b845-acb7-496e-9ed5-764b1282b1d9,00ec2174-3ad6-4390-b568-5041268866df,2025-01-24,48,34,d2fdab2034ff15ad0828ea0d89d468f4
1dc20516-3d75-449f-b7e9-50338851b95e,9b437933-6c78-4429-bb3d-c932184be19e,220408e9-15b0-43fe-a258-a262673b758b,2025-02-09,85,26,647d4cd16be9bc091e2b876d443e2069
4c6f636a-87e9-448d-9b4d-0c704ce626bc,6b7959b4-fca7-45d1-8ef2-28bbb9f2aa07,78c64499-b99d-46ff-839f-635630c7fd4f,2025-05-07,41,35,0fc1e1e711f8b23ef7c3a6eede7ccae0
ddc9c57e-74f1-4330-8892-74a4c9c9827f,1ec6401c-af70-4c67-9fcb-d23f4d81c222,4e88655c-70bf-47d1-8b68-eaa00f575d8f,2025-02-06,59,4,15dce5d3c8661a99246192846931855a
38bff433-31b0-48b8-bf53-7609958b152a,67e1ddd9-9a02-441a-94c3-40b5171e11fe,ec380464-9e29-4a1c-bd24-698c87d967f6,2025-04-30,98,37,d0f2d55d77a52b3ffa29e6756b7bc634
aa955969-95e2-4bf3-8b22-94e7e99d3473,4bf43c4d-4d13-4e77-a50b-c176681c3f11,f12c73c2-5c5e-49dc-b5be-85633751679a,2024-11-19,82,50,346cf32432441514ac8bef8d653bbebe
10f6f14e-9b44-40b2-adef-727dc409641b,67e1ddd9-9a02-441a-94c3-40b5171e11fe,1eda0b9d-02d5-493b-97d4-2bb6e6bac6ed,2024-11-17,98,15,7a8580c112d43b3ef3c8a79a266e6f90
295b7821-de3c-4bcc-bc53-6cfa981b780a,88b476b3-2645-4198-88cd-e128acefbc1f,15ae4d17-8424-4bc4-86e0-2ae736c1d4a5,2025-03-15,95,4,d0153c8b5e548ac6b0294dab332e37ff
b6d6b478-e8d4-4ffb-aa48-8f82c85b9257,981d2954-8f3e-4f90-9b15-e2472cd3dee7,6d426eee-584f-4f00-9330-4efc0f8decad,2025-01-11,83,31,e442ca01ae80b8bc385e39f6f7c4b409
73b85ad9-08f5-4305-990d-27b1ece97f30,41bbd022-bd2f-4424-ad2d-9e748b774ffa,de99f36d-dcea-410b-8895-a0ecf97581ce,2024-11-30,86,29,0008135ade513ec4bc4b2e4111f63a69
7a28a2f3-6d4e-4d0c-8e5a-18e02ed8e5ab,911e18b2-a5e5-4e2a-9886-3ac97b737548,37d261ae-a75b-4750-8f7a-15a4182776aa,2025-03-26,22,28,2cea3b06da364762705bf21555524ba6
0af04e4e-7750-4caf-b3e1-b33ebc20bbcf,a07d9562-a108-4742-9811-49ed549c6773,80ba7e77-5428-469d-8a18-a2387f574aa1,2025-02-19,61,4,c7c23064045c175d067092c940c73956
ab9b2af3-11aa-413d-8f84-23fe34741453,2f4793c4-7778-4c9e-b186-1920172c8251,fa5fc329-2475-445c-ac5c-b5971e95df3f,2025-03-13,97,38,04714ab1d25171f837f8be0c9b3954e0
50faf736-f441-489c-8026-43ac01dea042,958eb126-40d5-4aaa-8f85-3c7e2a0409b1,ebaf5e1d-8f66-49a0-83b4-d458efb73390,2025-04-20,51,31,f0f882694b5d4ad6c0b642e273aae159
9ee9df18-802d-45ad-9c95-b8304e816bfd,2da9e68d-41de-4864-a528-1cb2ad71353d,15ae4d17-8424-4bc4-86e0-2ae736c1d4a5,2025-01-02,17,5,e151d11e2b1e65ce16047a62f385a040
fa04a382-492d-4c76-ad03-b37e5dc00b9a,278ca537-2d59-432f-8fb6-8c7ddf229383,719ff0c2-f1bd-436d-9b4d-797c9a070a85,2025-04-21,84,48,d6bc88e3c0374e723514196161e4d435
0b049ecd-26dd-43b0-872c-d30441c40515,0fd8efff-2556-4eb8-b525-f43645d78516,65fd7e0a-f795-499d-88ab-a4d7c44a6c8b,2025-04-03,28,42,376de50c4567689c6d40cfea6db8ebe5
9d1d747f-64aa-4b98-a73d-5fb509ca42d5,e8c0f45f-cd66-448c-a642-f4e05dd7ea59,3c353544-41f8-44a2-bf89-7707603086af,2024-12-31,78,18,3f88180d457e04f2ffc3269d31965e23
88d1294d-baa8-49ab-9090-a13deb3fab0e,2504155f-5368-4685-90bd-e391c20ab142,a7795bf0-42b3-4086-a3bd-662bf3b0dd82,2025-03-02,83,28,bbc795e5ff9a63483fcf8469494a050c
8aed6f44-edc2-48b0-a250-f37e13405dbe,e037247b-0fa5-4dd6-8180-1295383d00c4,ec380464-9e29-4a1c-bd24-698c87d967f6,2025-02-23,97,20,79c2106790eef7b5aa2b0176e8605052
222d7ca3-3c67-457c-8f80-d96b56b77d50,0c5ff0a4-cbc1-49dc-9ed5-9145530536a4,272ecf7f-e3d2-48ef-ab05-a1f655cc89e2,2025-02-28,96,19,a51d82cbcc59218661810aa07596dfa2
aeeda3a3-c89e-4e3e-9f09-b75ac647f5b9,9d0221e4-62a8-4f89-8c5a-ed4aa03cb467,6d426eee-584f-4f00-9330-4efc0f8decad,2024-12-13,54,5,b2e0563d3d754f89c12161b45c1b1258
a4fb7005-e5b5-4924-a872-89f0188db4d5,153e38f0-9cdc-4e47-a260-1bb56302850f,39ca1ffb-4dfc-4e43-8224-a6ced44a1c53,2025-01-22,88,32,95dd13155fdfbb557ce7c12c5e49d89f
f8fbd60d-36eb-4d43-81ea-6c3b64bfcefd,2b205523-ed3d-44f5-b558-9f90bea5b913,4f99bbdf-ab21-48a3-b470-65c7a3e20bad,2025-03-16,47,3,e7112a5b0ac78f0f95705cdf754f06b9
5f637d9f-351c-48f2-bb4e-54f4de627406,ede5d411-63b7-4378-9e5a-8cadd43829ed,b6992d0d-f05b-4297-a5e3-78089f1aeca6,2025-01-22,16,0,913d2bce429bb9e9c3857ed4b29f46a5
7ea2bc75-083f-4531-88be-487a77dbad74,c4eb9723-4543-4087-97fa-d43fd66fc6eb,37d261ae-a75b-4750-8f7a-15a4182776aa,2025-01-19,55,7,f5a9435aae27690a9f9f277ac972b0c9
47c50fcb-ffa3-4f0a-979a-6062022070f8,969aa8fd-d2ff-4dbc-8c7a-0b6dd57c1850,c89f132c-7bfa-4bee-b702-0c473e95f339,2025-03-04,40,27,9cfa691fbadadc2f2c768d121981954b
d06fa471-0e46-4932-90e1-38b9571dff36,2a78fec1-5fde-4104-b7ae-93d0c3c9a8ba,de99f36d-dcea-410b-8895-a0ecf97581ce,2025-03-16,60,40,6c446293be5e86675d3828a66b4ac59c
ee949b5c-9336-4b8a-afa3-bf9a05df3d31,741c9345-eee3-4239-ac18-487bba7f31b7,6d426eee-584f-4f00-9330-4efc0f8decad,2025-05-03,58,25,16e7c8e9311262a53f55db9668dbdfee
42eefb93-fb8f-4a6f-af76-01a00a3cd88b,562bb5ea-76a4-439a-9bc9-b14b71c6b2d3,f12c73c2-5c5e-49dc-b5be-85633751679a,2025-04-21,79,13,e6c517c2e1087e1b90ed35fb007e8c48
37401c4f-713d-4a07-b649-648a4a29edd2,cf39e338-2964-4b1a-9740-2933281a523f,ca0ef29c-b1fb-43e8-bf12-756643177da2,2024-11-25,70,8,319e6fae06ab68a771db8950b3647b00
2a1eecc1-3468-491e-89ae-ec353e382bc4,c2ee1fcb-57d7-4c69-acdf-65dba90a8b24,37d261ae-a75b-4750-8f7a-15a4182776aa,2025-02-18,59,23,6766d845111ced3c09500f2cbfbc0422
17c10649-4711-4264-a75e-3ba40fdcb930,229ff9ef-48f9-4c2a-beed-61c3dcdd5e96,36baf033-fedf-418d-92fb-65329cb6113a,2024-12-28,46,42,f50ad8bce94af79bf24cfff8821bc870
f60c0fa3-3bca-4d46-8286-f29c53df55a5,81c9a254-98a5-40a6-8423-c982583f9808,719ff0c2-f1bd-436d-9b4d-797c9a070a85,2025-01-22,11,4,a27ceba6d78f92a55d0fd04e8ec5efbd
f0764eda-5a73-44ae-8dbb-15af3714b050,2da9e68d-41de-4864-a528-1cb2ad71353d,ba8336ca-e388-4089-a695-28f6506e61b3,2025-05-05,28,46,773b15221398f3101cf4f4b30515c97c
0db8d5a3-8461-47f2-be1d-1033effc6897,0051b3f7-d60c-470a-a8f8-f42cbab5baf7,15ae4d17-8424-4bc4-86e0-2ae736c1d4a5,2024-12-23,65,8,709077cd45698dde7abd0d3a1afbbdec
3dea7b63-dc32-4f78-b29d-1e17ccdbc7ce,76aacce5-3da4-470a-ad74-66dc58e34090,719ff0c2-f1bd-436d-9b4d-797c9a070a85,2025-02-18,92,26,ddbf30dc010451a4201393d46bce4ea7
e288f36f-19e4-461e-956c-2cd31d026162,f53554cb-9eab-49c1-8b02-d7e29b1e7617,a2190e92-8d09-4e71-959c-55d897753259,2025-01-27,87,27,e0c1b3624d0e9b03ac9383a600e69afb
6b9bbb41-53a9-4fc6-aba8-58d00cc56cf7,69bc10f4-e734-4e23-971e-69f2eb89a078,6893163b-6c48-4ca9-b37c-e8c9c0d2c4e5,2025-01-17,68,32,a54fa6ef26bb3724d495fa0fb97f46a8
3c82e79f-9d1e-43e7-a3d5-cd32d171543a,efe0ba3e-eb60-41d6-ba63-e882f75b22aa,b6992d0d-f05b-4297-a5e3-78089f1aeca6,2025-04-17,67,24,d26ce4ec39066816348da33d38d8a0a1
cf68e634-e0c0-44b7-8c04-967021698448,35cd3389-a750-4471-b7cd-a6867eab2059,d1afb118-0a70-41c3-98db-2f8e35b1090f,2025-04-27,33,27,ed45bb745dafea9650334f796c3b18a7
e1a7609e-816c-4db7-8dd8-8dba0d839842,83dcbd2d-4fe0-4aab-a4dd-0fad8fa6abcf,65fd7e0a-f795-499d-88ab-a4d7c44a6c8b,2025-01-15,83,31,d1287aa4a01a1ddfac93ba2930e49177
ede0060c-5d7d-4e4b-8eba-e116f96b68cf,36e34703-85dd-4543-ae4c-71fd16b52d4b,f1eecd65-5723-4a76-bb05-8b4dbe6dc4ed,2025-02-12,74,17,247c8dbbdb8c9f7a95d0766fef5032d0
2d7c1baa-7cd7-4f12-9995-5a629254af19,1b7ec568-3332-4ebf-89e5-bfd949696208,1eda0b9d-02d5-493b-97d4-2bb6e6bac6ed,2025-04-12,83,23,07c6f83e5293586b260e431c35353928
8af9bb00-b61a-488b-8c47-a95b016ee6df,0f0752de-a05c-46f6-8cb8-490dc38ca71f,12c5f370-1c15-4340-9ead-ca27c8f9a41d,2025-02-11,82,30,d74314e596c6eab351c1aca3a663aaab
73591ca1-634d-41bb-8433-d649654f1616,c4eb9723-4543-4087-97fa-d43fd66fc6eb,4b0e63f3-edcb-459f-b92b-b4e50b09bdc0,2025-05-01,24,37,409134f00c2b1e392c7a17d8988b3c92
9868b1bd-5fde-4e3c-b165-6f22a902c88b,e2f5abe1-6f2f-4187-92a5-86e8e54741f5,cdf26f11-a094-4d3a-be08-c6777cf93a80,2025-03-07,20,9,df80a6e4280785886d8a11c70c563abc
fdc52b94-9086-4f99-b45f-59b22bb2ebc8,14208bc2-557f-4cb9-87be-855eb164da77,475e70dc-4784-4a3a-8435-faadf0057649,2024-11-11,77,48,e484337d66a6273d311a36c68d015baf
3dbcb1db-aac4-4f4e-bd42-e2239db191ed,c1f283d5-3c03-4036-ae57-6b02a706f6cf,fe3580bb-d4bd-42e8-9e9d-bac018c06757,2025-02-15,69,33,46dc46fe1ac66514c306774ea89b679c
585b1cfc-6016-471f-a4fd-4c62ee18f0e2,d8346418-a6fd-4790-a776-669ec930f2f3,7110291a-c1c4-4ba3-82d1-e286cb395af5,2025-04-30,88,5,c9a73293abd39bc33be9630588b41d43
d5b8e2da-a374-450b-a91e-eb75621cdea2,272ed81b-7dba-4b4e-b8d3-548ccbb1ab8c,ac3ff1df-0ab7-4924-aaca-352012adab8a,2024-12-06,90,47,ff421c38b0cfe07c33e8b35b186bea68
aefca4c4-3841-485a-84f7-49d489a2f54b,cf39e338-2964-4b1a-9740-2933281a523f,1d5eb5ca-5cf2-4f8e-b40b-5e8501db8edd,2025-02-03,19,43,9e75325ce2095db2bbf845759f61d72d
61c1b11f-5116-47b1-ace3-40cc38539ef8,0fd8efff-2556-4eb8-b525-f43645d78516,1eda0b9d-02d5-493b-97d4-2bb6e6bac6ed,2024-12-12,84,19,0768432c697d67793f71b4681c48eda9
604119ec-76e5-4199-9c40-e6b4b30baea9,cdb5a849-dc66-4686-b464-55236546b3b8,cfac686f-f935-4a2d-826f-516d4b13d7dc,2024-12-24,53,34,b84da7abf2e5c965e06ab5bea92432df
1f97af16-c007-44dc-a2e3-64bf5d4bd85c,c1f283d5-3c03-4036-ae57-6b02a706f6cf,39ca1ffb-4dfc-4e43-8224-a6ced44a1c53,2024-11-24,70,29,571d9ab67e977ae1c3b520eb42295110
01203070-cc11-4007-a510-137a3be9f83c,296ecfce-32bc-43bd-af92-35a09c790a53,ac3ff1df-0ab7-4924-aaca-352012adab8a,2025-02-17,83,46,f53783bafedbb9ae210c357f73b367ed
3ca2992e-e9c1-4654-95e1-514e5eb76b33,9fc769fa-e8aa-467b-bebf-8cad0a9bb523,3aecf2cf-dc56-47c4-99d1-c0885a4f5625,2025-03-14,55,18,55e8912d9900c6668e31ec7e42b4cb8c
02b87e2a-db4d-46b8-80a7-04b5194402d0,bd73d306-8507-49f9-a0c8-c20edc3ee0d9,b3b8e7c3-8107-47d1-9143-c1c55b541c76,2025-01-03,14,44,3baef83f7c5411b8e0b53cb2a6f60991
f60e6116-6b76-439c-bdd1-5bcfa6f32941,bf927ba1-9005-458b-8e78-dd9aa1e382aa,55447c71-16f2-4cb7-937e-d49225f74df0,2024-12-21,48,46,2a84a2be280b1c4c02c505cdeab78b3c
69083938-dc80-4ace-9d5e-2d6f058ff9bd,fc244a10-6f89-4ba1-9c7a-9618c0a14f29,c8abc236-0720-4444-811e-5e29e1062617,2024-12-09,17,40,e80c533b73ba91f35f20ee19906f56ed
3b9810e9-622f-4525-bec0-7add991f08ad,a0c5a1b5-a25a-4560-b43e-819595ce5967,b970acf0-c1b5-4916-bc91-1ebff4f67716,2024-12-16,31,36,85a8f2436d90448dcdf7d24bb2742472
610e6ddd-1c5b-4d0e-a794-eacf7c0c9849,2826d8f1-35e6-4900-8498-fdf07a4d7c64,15ae4d17-8424-4bc4-86e0-2ae736c1d4a5,2024-12-10,47,47,bd2dbff43b526d9899ab110cccfdd5f7
238ccb8e-b103-412c-a424-99f7673a8b8f,69bc10f4-e734-4e23-971e-69f2eb89a078,c89f132c-7bfa-4bee-b702-0c473e95f339,2025-01-19,46,31,e71b790cca93a652c8910c4a81bd55c6
973a3dcf-ace5-4847-b95f-81fb0b0eadd9,76aacce5-3da4-470a-ad74-66dc58e34090,4f99bbdf-ab21-48a3-b470-65c7a3e20bad,2025-03-06,74,4,f137860d68b76bfc4b7227f229feb4fe
20bfd25f-a451-4cb7-84ec-5f24e3d25f99,d0dab7cc-d47f-4b01-9bb5-5baec13a9699,91036e32-71b3-4898-8c9b-0be0a468596f,2025-03-29,26,39,0522ba0de713940fa6c2fb58c9dd72c7
a5312ef3-055e-41c8-b046-dc5bae644c57,d0dab7cc-d47f-4b01-9bb5-5baec13a9699,fe3580bb-d4bd-42e8-9e9d-bac018c06757,2025-04-17,42,0,d2c20a11da50e50ff1b4eb1be4944929
1410ec7f-84da-4175-b777-a829671ac109,981d2954-8f3e-4f90-9b15-e2472cd3dee7,aa058c41-b53b-469a-ad84-c1cfea762c87,2024-12-02,87,11,06fd47ad87fe0cbcb91ea04947e23970
496f8c25-ef4a-4aff-829d-0979baf66fa7,40fa3b88-71df-4dde-9671-1346206672c5,095b749d-3772-4790-aff6-d8a4c07f92b4,2025-03-18,29,42,f58d19401ac5f219ecadc8812dbfa362
46ba32d4-c94e-42b5-8761-3ffb8b46a603,f19c7f61-61c6-42ff-a94f-7aca97200bda,4b0e63f3-edcb-459f-b92b-b4e50b09bdc0,2024-12-24,32,16,55467a95a3368e69268f326a2a3d0bdc
cd69730a-4ab4-4ef3-82b0-2c8ef9732cf9,2a78fec1-5fde-4104-b7ae-93d0c3c9a8ba,f1eecd65-5723-4a76-bb05-8b4dbe6dc4ed,2025-01-29,72,11,89e118ea9a45457c673c7537daf435ed
22b3c7b2-77eb-441d-980e-9b96fd3c30e5,54586ec1-8a90-47ed-8f4a-46bd59c8de6c,12c5f370-1c15-4340-9ead-ca27c8f9a41d,2025-04-16,53,5,37a95e6dc7c32a50b98601b66a5efbbd
02bf8bf0-8eb7-41d7-8851-1c63adcf9864,34a42ee2-59d9-456f-85f7-7c7c53c7eee4,70391d4d-ede1-4378-b240-560c75868d42,2025-01-13,29,31,69bb58ddfc5b99afd972f10c17e4450c
08178bb5-88c2-44e8-95af-92279e2699e2,5f85f833-7720-4f8f-bf18-8f883b2ec93b,239e4af7-7462-475b-9339-b468ad2a5a01,2025-03-29,59,15,5911dac33585c7d06718d7e815647355
851b05f2-bfce-48c4-88a4-02db29e78881,cf39e338-2964-4b1a-9740-2933281a523f,3bfeebda-77db-454b-a123-8c266d364c7c,2024-12-02,91,10,01498b1a4997ffa5d61c992f682d3b72
68a09a3f-83f3-4a77-be7e-c7af160de150,a17c10c0-9a1e-48c7-ae66-5143f6677a96,69859c50-7137-46bb-b6e0-fb014ae7b800,2025-02-11,54,3,872b33528ed1e0f28511bdb9193c7803
19d68bcb-ea86-4ac0-91a6-ebb268e6783d,0ef07e55-fbdc-463a-9e1f-4231bf293988,c8abc236-0720-4444-811e-5e29e1062617,2025-03-21,24,3,894d4f114642a2b20ca952ee05313737
262308fb-2810-49fe-8383-84db6f7047d9,9c6a6f3c-8c91-4e75-8ae9-2539b2cc07d6,d0a7785b-3a65-4ae0-9caa-ff4c01a392eb,2025-02-10,61,30,982df1f285e340c1fa18ed7f92a547f3
8d670ef9-8df9-48db-bdab-28c5cd55705f,32207c48-3db8-496a-bb65-491ecffbcb17,ac3ff1df-0ab7-4924-aaca-352012adab8a,2025-02-11,78,14,67226f71e2185b2cfb830aede0960ed5
a28ee735-b11d-49a5-bbb4-f215af345cbf,562bb5ea-76a4-439a-9bc9-b14b71c6b2d3,7aa02ca7-2572-44b6-b108-8d04cf082af5,2024-12-20,100,24,48e1788c58136457da6b30b7b0e5511e
af4e8f1d-b61a-470a-9a7e-d485aba1f66d,a0c5a1b5-a25a-4560-b43e-819595ce5967,c8abc236-0720-4444-811e-5e29e1062617,2025-03-04,28,33,7b6e1a55664ad3b6cbbd1070c09576b3
e58f4ae5-cad2-43d0-bd69-bbcd327d12c4,9d0221e4-62a8-4f89-8c5a-ed4aa03cb467,39ca1ffb-4dfc-4e43-8224-a6ced44a1c53,2024-12-11,46,28,03601ae9af3010bba0761d79249bd8ee
2ee6e1a1-cd4e-4308-8a39-a771c75d48eb,562bb5ea-76a4-439a-9bc9-b14b71c6b2d3,e01f4c05-a6b2-4376-8918-c63cfa0f8c20,2025-03-15,50,33,b9e3ca77700f2ab98c6b244d5b931d54
7a0e54df-b631-429f-89cf-aee083410015,4b79b189-50fe-4f41-bcbd-ac972e12cec1,21867063-0fd3-4fa4-8837-d6a15fb0b78c,2025-04-20,22,34,831233bdbb616175bd7c63e8b62481bc
f59425cf-d4c9-4489-ae93-4b855aa0c6c0,6834204a-54db-4e3c-a5a8-745b8c83b914,d6e5f873-dbbb-4ac7-9a8f-61e1ed639420,2025-01-28,65,39,fcf2052aba84d1c79549b4962743325f
b75ac5e6-0598-4e87-acf1-406a58c211ff,8469b845-acb7-496e-9ed5-764b1282b1d9,54cbc056-7724-4667-8c4e-963609ccb51f,2024-11-14,52,17,93b66be797d06b1d2eb22e025c0f59b3
38c0cf5f-df7e-45c5-a4af-c989e89cac1f,f773eac5-4296-45f0-a1c0-988ee03e6a07,f937c540-2bf5-4e4c-8f45-ffdd77a30f6e,2024-12-27,42,41,a6883e268208e555b07e21ed4ea1b772
7e651c8a-8e8b-4de2-a2c7-ea23f37ff9ec,153e38f0-9cdc-4e47-a260-1bb56302850f,d037d449-5678-42ab-a6cf-8cd17fd118e0,2024-11-18,69,49,3d7591d3fedb200f52f48358b55a4a34
84036b66-8def-4eb8-a021-6dbad14f99b6,4527b92e-e8c3-4233-8a3c-e46b5df6c972,55447c71-16f2-4cb7-937e-d49225f74df0,2024-12-04,40,46,d084d002552b156e187bbc5128eefdb5
7ae2101c-9350-4554-bc32-acadb3011396,4527b92e-e8c3-4233-8a3c-e46b5df6c972,de99f36d-dcea-410b-8895-a0ecf97581ce,2025-03-01,34,33,546e0262c2fb91ae7f2f59a6707c4d12
c0598972-3b73-41af-befc-2383ed798ee5,1036f013-cf05-4733-8326-ac9a3cdbd600,e01f4c05-a6b2-4376-8918-c63cfa0f8c20,2025-03-05,98,11,953caeee50dbd74f14c09b8efb1c634d
874df08f-88b7-4173-97ec-cf9e7e7e0548,479a87ac-a1be-453d-ac95-29ef6bd781dd,b6992d0d-f05b-4297-a5e3-78089f1aeca6,2024-12-11,11,43,32b26628f98649309857615fdfaf97af
f86d08f5-af42-446d-bae9-1de0144f6ca6,3f8ffb48-69f6-4c26-b9b9-6889039406d6,40b577a9-6d4c-440e-a219-47607450c772,2024-12-06,11,26,dd392cbbe63825483c7f7486849743fd
65df87c1-f2f2-4f77-87a8-1e11e7ca6a5c,89a0c5ae-6d0b-47da-a9b5-51389b71ef39,5c74edc1-2ad8-4c09-ba53-deeb4cdeb37b,2025-03-12,23,43,158593cdff3c336ad1a26a9d840ab3f1
01c13d8b-cc61-4df1-9b46-12bceecc597b,f19c7f61-61c6-42ff-a94f-7aca97200bda,d9523a42-a27f-44d5-bc19-073461b7d895,2025-02-17,38,46,f424f90966225bd1515be49f80024068
