RestockOrderID,SupplierID,ProductID,StoreID,OrderDate,Quantity,RowHash
474e6c91-ae50-45b9-b0c8-c52283f874de,f6223b7a-d6fb-4ec5-a898-6f8c823344a4,488,681c4fda-26fa-44ac-9682-e052faf1d3fb,2025-01-26,47,f62deb55b5ef84afe8d3db2226795a39
c2971fc5-ac38-4fb5-b8a0-5c0211ce8cc4,717fcab8-9707-4595-adca-fa8a50604ff7,1161,bbcd1342-0d08-4318-ae1f-7e2ff8d83071,2025-05-06,38,06fca96c85edf6e7a5ddfadcac2d57b9
c1430b13-1067-4cfb-b622-1bc2b34cabd3,bb37b5ed-dc18-44b7-a77d-ec3a62eae616,2990,6410565f-b02b-4016-b97d-6d7f8710d655,2025-02-03,105,48addd30210b866cde988e6ed3b82ef0
ccf9dd7a-696f-4163-abf8-518ebacce2b8,71a6f293-0c20-48fa-82d0-24f3ca01cdeb,3241,1424c333-ef79-42af-bcf5-5d41521a0e9b,2025-04-27,35,9fad0390bcc97e2fc1860011b9461c1f
08f13767-8b7a-4881-a9c3-4b55924dc328,df6113ca-df8f-428e-afc8-25e46b387180,2473,d826fea5-d663-4b8b-a010-a7b330fd9922,2025-01-02,44,1e6592eae306331d633334aa030d254b
442e5cae-f8b8-4f4c-a561-eb18d87bee5f,2d161670-8c69-4e18-a8fe-decce52732bd,3579,d44227f2-ae3a-4cf8-9728-df324b9ca0e4,2025-02-13,134,45ad64db6904c8854b622d21d1abbcd7
de2b23d1-b102-4170-b672-99aba05d7312,be98a698-ef0b-4a46-8429-f75187e63193,2600,e65aca15-c7da-4cf0-8f86-97057eb6e41d,2025-02-19,191,f515cc1a97f7191a490be42b14d38b31
77d5635c-74af-429f-bb3b-829050edd46a,bf188d08-b606-441b-b7b1-0735c36ba58b,2924,035dca7b-d212-4a49-8f9f-3bd9aa44f0e6,2025-04-29,180,d02aecac2a63c7672510e3bc85266d3c
b70ef8c8-fd25-486f-a5c7-e48c5e9c002d,717fcab8-9707-4595-adca-fa8a50604ff7,1437,7874faf7-fb69-4ae2-a738-b4c599358eeb,2025-03-01,88,051983708bd6bbbd2bb8e75f85c29389
61ab666d-6aa6-4420-bac8-ff3c07642cf2,111e16ce-1009-49e8-9792-b01200cbe1e4,2413,128c966a-64f4-456d-9fd0-3d628c9d517a,2025-05-05,55,5401c948da07fdb7926f999448db7521
7a85a135-d5aa-4260-9b34-052278d50585,111e16ce-1009-49e8-9792-b01200cbe1e4,15,2d046cbe-43bd-402d-9b0c-0adb463c5111,2025-02-23,156,a0e7fd65890ab1617cb1450a47c847aa
f1b42000-f0a6-4ca2-bd0f-9fa3619afc24,3afa8ccd-21e7-4fb8-9070-81ff7c7a4926,4649,0481f8c0-ef1b-42c1-b53f-512d8d8db267,2025-03-24,56,700467d752c5527c79a9f03ece8b7837
4679ee5b-24d7-4444-bc9c-f7bf39b138ba,cb2416eb-2b7e-47f3-b19b-458a594bab51,2607,17fb2169-7a01-4654-8005-9db3d086ba75,2025-03-15,66,155f109548870cb5bc4d98abf5ceb8cf
dc35f6f2-1612-4ed1-9880-1a9c0672aa9e,39e3f31e-86c1-4cd6-822b-bbf5e5b05672,4633,449e10e4-a998-443f-8f47-b8f5ce345a9a,2025-03-09,137,1ff96594ffe4a31b8bd0b79267de4990
bed76543-882e-4b54-b3c9-7fb15bed7220,7c4af886-f52d-4c33-bcff-9789babdd7c6,2713,01adb8ae-ae19-4b3d-805f-5485251f2e61,2025-03-31,29,92a7fa8508c15b8aa8375ef45101efea
54474533-f3bc-4367-ac09-feaed4541326,b29cfbb8-f493-4460-ad6d-59d18b18a0c4,2842,d826fea5-d663-4b8b-a010-a7b330fd9922,2025-02-18,52,8f521a81ef9d1cc17ac8c935095c255d
eeb8ed6e-67f2-429c-bfdb-8c1e4a35f9d5,39e3f31e-86c1-4cd6-822b-bbf5e5b05672,727,876d3f78-e0fd-4ed9-94e2-95f1f49a6678,2025-02-12,181,20dbf50941f45e6331094605a93e1625
68c29b58-83aa-4d69-85f4-6b5d87fa6440,39e3f31e-86c1-4cd6-822b-bbf5e5b05672,2751,35e27300-4661-4cc1-883a-60fcc46d1705,2025-04-01,12,b32763176a4caf472e6ad2c6513031a5
f0c2a7e1-3ef9-4dce-9806-955f46431988,d15f6ed4-f9b3-41d6-bd89-24154fc5aa0e,1718,57b082e7-cf0c-4a8d-978e-d3dea718b8c4,2025-02-28,187,3028fd9066754c3183c533edb1f08e7f
7a0d8d2b-8289-4cb9-b0b3-6d0bd8c8366c,80fefa0a-4f23-457d-a9b8-0a42d179e050,2872,576ca2ee-5c98-4032-8085-4a11312f9e78,2025-04-12,37,45ed7681e686b5e6b9e56b198fa40665
9d07296d-54b1-4cf5-a363-9a11987944f8,111e16ce-1009-49e8-9792-b01200cbe1e4,11,9745ebde-bd1a-41e4-90f7-9d2cd2bda746,2025-05-02,108,0994178c5545b8b1e779ccdc6b42f396
78507da0-2d12-4a56-956e-c95851b1b806,edbc5ad2-b988-4ec2-8df1-b3f017b20920,3438,754ca431-4c26-4237-a234-fb658c2226c4,2025-03-19,115,b6e77e3e7d6d66c3f79795fce0e82558
79bc018f-0ac7-48e3-bc9e-b6104af76bf4,47e17369-8736-45ef-a1bc-427a275c9dd2,3103,2325976b-ebd3-4af4-ab95-cf6c75dd167e,2025-04-24,149,5f4abc0d918fe6dc0fb1edd0cbe79730
c891cb6d-e609-4204-a508-6b237b869b10,8d4a5b0f-e2b3-46f3-ac5c-02bb9758acbd,831,c8a6eaf0-cf95-4b23-9b68-cf0190892dda,2025-01-20,157,be13ecd6250444a7568ebf9fcbf38973
eda4031f-6319-44ae-b0c5-12c6f06906e2,be98a698-ef0b-4a46-8429-f75187e63193,1848,754ca431-4c26-4237-a234-fb658c2226c4,2025-01-02,125,eb4d43051811adfe55f2d7c8581b20f9
0cdf3f69-fbf4-42d3-8fa5-9f38b63b6e68,80fefa0a-4f23-457d-a9b8-0a42d179e050,274,3412d299-a203-47c4-bde2-ecd5ef09fe58,2025-04-10,15,c4b59c244ef168870319e419f1f02126
e3bf9414-1848-4fc3-bbec-8c94c449b597,f6223b7a-d6fb-4ec5-a898-6f8c823344a4,2140,449e10e4-a998-443f-8f47-b8f5ce345a9a,2025-05-09,28,3b713a5c87ccf3cd16955f4a2a55e55a
5b099da1-0bec-4886-a973-704724750e62,df6113ca-df8f-428e-afc8-25e46b387180,1394,7874faf7-fb69-4ae2-a738-b4c599358eeb,2025-03-14,51,281c4a113b0dbc6af8b617e3c3bc023e
c138cea4-61a9-424d-b495-b3d5c4309bc2,111e16ce-1009-49e8-9792-b01200cbe1e4,615,9baedba2-7d8f-482a-91c0-53cf8f987158,2025-04-20,33,701d69b39f8b9d2a039aeddbb93265e3
5209e248-233c-4e31-8258-f8be36d2095f,df6113ca-df8f-428e-afc8-25e46b387180,4867,17fb2169-7a01-4654-8005-9db3d086ba75,2025-05-06,133,f4969835993ccea49c0a77e99771fbea
1fdfd1e5-c004-4fa5-9f79-024b4d3b9093,71a6f293-0c20-48fa-82d0-24f3ca01cdeb,254,de0add2e-3497-444e-bd97-c641b5754d2e,2025-04-26,177,03c6f5742cdb6766704bb38b20ca6b36
a025f4a5-e2f3-4b6f-9751-6a26070a2344,2d161670-8c69-4e18-a8fe-decce52732bd,4976,de0add2e-3497-444e-bd97-c641b5754d2e,2025-04-29,50,dfc62f3238aa9e363c7649538099d3b2
2930e2fe-6c0a-41b7-8a0d-f800377aa923,e6d7f390-e2e8-4324-b1c2-59686ed30bbb,830,d3a44b3c-e1f5-44f7-81a9-2aabc2ee0469,2025-02-24,62,619568a9b002d2812a4f2546918b8681
7e05fc0a-8f23-4d6f-b525-ee6ac7fd3fea,416412a1-3616-4692-af09-d48f4b258258,3353,2d046cbe-43bd-402d-9b0c-0adb463c5111,2025-02-27,151,0801f6daaca02461af0ebee11967946f
a4007679-a27d-4d73-9e6d-e80b708e23fd,111e16ce-1009-49e8-9792-b01200cbe1e4,4425,576ca2ee-5c98-4032-8085-4a11312f9e78,2025-01-21,179,1d4d501f237b023fb077c013347f9b4c
248470d6-6a60-499a-92a4-d479b128e3f1,725b146e-9cff-4fed-8c33-99a9b2cd8ebe,2437,57b082e7-cf0c-4a8d-978e-d3dea718b8c4,2025-04-04,34,d8ab1855171626d02013933d49ec460c
2a8f2f23-bfc2-4ae6-9b1c-c5d5d7d23466,e6d7f390-e2e8-4324-b1c2-59686ed30bbb,3219,a3027ea6-3a7b-4285-9b82-5ab90b244a50,2025-01-13,150,c3feb9a7d41ac553e0d554d9dd76508b
39038119-5d65-4272-b67e-7fb504659b38,47e17369-8736-45ef-a1bc-427a275c9dd2,1259,9745ebde-bd1a-41e4-90f7-9d2cd2bda746,2025-03-07,102,3f4b58375a522db01e9ca4f93a45501c
6f8bbe9c-e611-4a82-895b-5cafc2f4d49c,78441627-5dc8-4d21-9e7e-b5de61c1836f,3503,9074b54f-8c90-47bd-8850-d5995b99dfd6,2025-02-23,85,c6e40bcf7db879a8e0aa9b822656c14b
78ed9776-15fa-486c-a5f8-0797725e1639,cae5b015-3829-4a48-ba22-40234800d730,4917,c8a6eaf0-cf95-4b23-9b68-cf0190892dda,2025-05-05,61,02c71ab75a7d0a70cd9d0c6318bab271
4e198766-195a-4b30-990d-627d1054ca5b,68dcee38-64e5-4110-8e1e-94d3cb77fbe1,211,a87d51a3-8ba7-4050-a5ae-3c0e1e33ad7f,2025-03-05,53,b20966d0ba707834f65ccb5107e3854e
e5de7dde-47e8-4855-b588-02d88ac92a2f,39e3f31e-86c1-4cd6-822b-bbf5e5b05672,2391,9074b54f-8c90-47bd-8850-d5995b99dfd6,2025-02-23,131,7bd99798fda6a62695c28e219716474a
bbb367a5-1184-4cac-b0a7-2ba9a9997da1,c764644f-2d8b-4a25-b637-6363eec2e85d,2527,bcffdf26-2889-4b0d-929a-8e779c6e851b,2025-02-20,130,4c05c506a5fcc007828130da1523ab17
283c8dbf-3d5b-409e-b279-971a7788e602,47e17369-8736-45ef-a1bc-427a275c9dd2,2171,9074b54f-8c90-47bd-8850-d5995b99dfd6,2025-05-08,174,ac1e3ec5cedc5f1317f247f29cdba165
a2f58de6-c662-496e-818d-74e148c33be5,a5096009-d0b6-4426-8752-a273e8e85779,3175,e65aca15-c7da-4cf0-8f86-97057eb6e41d,2025-05-07,104,2eec4ad115ff20a31ae71a3354e89051
b5f1cf6b-9dec-46e6-ab65-409aeb2ab945,8d4a5b0f-e2b3-46f3-ac5c-02bb9758acbd,3027,e65aca15-c7da-4cf0-8f86-97057eb6e41d,2025-02-28,124,098cefd1af88ea49f7964c7669f4c5d5
511c3bb4-295b-44c3-b641-5c8ce15603d6,65e9b285-9f58-479d-8730-79837ec6cd57,2157,35e27300-4661-4cc1-883a-60fcc46d1705,2025-02-06,129,20cbee9ff39171a2a6f5000f5ecf8e36
305c9ade-429c-4723-9a78-c2b74165ce0f,d15f6ed4-f9b3-41d6-bd89-24154fc5aa0e,1854,0db94890-c654-49b6-b76e-e535bc387855,2025-01-30,154,5d9ee77a27c09ee775c611ba96680eff
dfea00f5-2d4f-43fb-b0b5-1501d4402174,e6d7f390-e2e8-4324-b1c2-59686ed30bbb,1239,68a7d329-0366-49ce-986b-f2741f43d010,2025-04-11,188,e45cd3c973377747e285b747073d9c42
ef301511-4964-47fe-8d16-c209aad2c1fc,cae5b015-3829-4a48-ba22-40234800d730,793,9074b54f-8c90-47bd-8850-d5995b99dfd6,2025-02-16,181,f454aabda17a869faa4a918447049c08
a44671fb-724f-415f-8826-13e413e97084,420f9abe-1464-45b5-86cd-4df0ab0f2ee8,4436,21a2cafc-d878-40bb-a232-e14e9eda02f3,2025-01-12,160,efe55561078badb014801ee071cfd6a2
f029e384-bbb7-40fd-b378-1c89c298b217,bbaee465-d02b-468a-b50b-067e6bc68e67,4536,9745ebde-bd1a-41e4-90f7-9d2cd2bda746,2025-04-27,109,cbcd2916cc3316740e3ff391223c632e
28ff6e6b-8856-4fd6-bf6e-df99f549b63d,bb37b5ed-dc18-44b7-a77d-ec3a62eae616,3430,3c32b582-67e5-49c3-affc-7e44572ba0ae,2025-03-20,185,678f99b1bb020c3bb5805fbfe8aaaa41
4f0d6104-7e2d-4ce1-9873-e6f8e7740272,3114b2dd-8df3-4f42-98d3-7c5652ef32f7,4692,57b082e7-cf0c-4a8d-978e-d3dea718b8c4,2025-05-09,131,766219db3f281d6a63a8d829dbdca6f7
bd79333c-2254-4e64-8805-e6d6f501aba2,63c77a44-db83-43d0-b671-73d4f846b60b,647,bcffdf26-2889-4b0d-929a-8e779c6e851b,2025-03-04,192,9f44c588d7b27d2027d1aac22e9d3f6c
a04e6922-680e-420f-9850-ad2bc5204ab8,65e9b285-9f58-479d-8730-79837ec6cd57,4114,a3027ea6-3a7b-4285-9b82-5ab90b244a50,2025-01-28,142,4383961cb26eb3202065ffe4ff24dd91
90741986-222d-423b-ae3d-b283bd6ab32b,0f081c8e-48e1-4a4e-88d6-6b1e6cd96d94,1208,6396ee21-ad50-4b0b-97e3-d0b7ad2ab151,2025-01-05,124,de5da72b70b6e84341cd3a02bdde0650
d3e8693f-eea2-4edc-8222-02ce52d05fc0,d98166ba-9bce-4d06-899f-ee399a53bedf,1370,a87d51a3-8ba7-4050-a5ae-3c0e1e33ad7f,2025-05-08,59,d5133e9b0d92f5214a5faabda5b0d04c
191a77fb-6da4-42bd-b149-ff4efbbf9d21,890728a3-1f15-40c4-9f33-588c319e4d6b,350,de0add2e-3497-444e-bd97-c641b5754d2e,2025-04-07,30,2f2995a19d1e106c7c5a1832dea9d5de
dac5c8bc-83ad-4301-bc52-e662ac14fd26,32f31366-6143-4aee-9e76-b793f1d31932,3567,82e03202-e75b-485c-a987-57c392f25f18,2025-02-27,170,14a7a24b0e39e7c87caea576749192fe
cc48300b-5423-4186-a9b7-eaccfa9010f4,7c4af886-f52d-4c33-bcff-9789babdd7c6,4875,576ca2ee-5c98-4032-8085-4a11312f9e78,2025-02-20,91,19b62bd17230104c1abb32b70483d148
6b971d65-8ce5-4816-912f-2528a0a36494,111e16ce-1009-49e8-9792-b01200cbe1e4,549,9074b54f-8c90-47bd-8850-d5995b99dfd6,2025-03-23,109,cf2c6432b81bb86d4b35f6b4d7bee37d
8c43d95f-cdab-49e8-ad57-8705b3711b8d,bf188d08-b606-441b-b7b1-0735c36ba58b,3256,9baedba2-7d8f-482a-91c0-53cf8f987158,2025-03-20,93,3b93feea4b5ca404b0b3f1d4a8f5ab85
aa40807a-3771-44a5-8cd6-be64ead5b321,003841f7-ef6d-4f91-b93c-4ae41b69d21b,4258,4043f2fd-ddb7-4123-94b1-704bb06dbec6,2025-03-17,13,668507d50e1d4f17b14b44a34e237a0c
a0c500c6-20e2-4ad6-a1af-df242a4fd34f,284d0f6a-2446-4d78-9af6-8bbfe3c28a3e,4814,a412573c-b3f6-4108-9682-f95775c56a2b,2025-01-07,117,150a9096c8d13911a521ffdc62d3254e
1b3b10f2-52af-418b-97a2-903e6fb7c509,c764644f-2d8b-4a25-b637-6363eec2e85d,3396,545e803e-892a-4417-b123-bc3d2f548566,2025-04-24,47,b450e9e96a64e57284f03f4c02e44e05
8f42544d-9209-4ba4-abe3-01ed1830391d,0f081c8e-48e1-4a4e-88d6-6b1e6cd96d94,4817,1424c333-ef79-42af-bcf5-5d41521a0e9b,2025-04-22,35,c07c7bdff6a82c619dfcb052774b42af
87fa4007-3032-4e7a-b51a-5c8f75f27b67,68dcee38-64e5-4110-8e1e-94d3cb77fbe1,4610,bbcd1342-0d08-4318-ae1f-7e2ff8d83071,2025-02-06,35,2617b2702f8d6b5ac1e7de382fd91a9d
80349c50-d237-42fb-a624-69ab44606f66,725b146e-9cff-4fed-8c33-99a9b2cd8ebe,4388,2325976b-ebd3-4af4-ab95-cf6c75dd167e,2025-03-08,115,e9433e4b6ce7dbf810d15a6816f1475d
383f0d77-15ec-47b3-94e7-87e5da06d15d,d15f6ed4-f9b3-41d6-bd89-24154fc5aa0e,3138,50a26c10-fd86-4364-8549-75c2f73d6e74,2025-02-13,134,2b452baa86f21cfd738d9b3227f6f8e8
b5bcdd8e-aee0-4088-968f-da1b5472ac06,0f081c8e-48e1-4a4e-88d6-6b1e6cd96d94,4989,c8a6eaf0-cf95-4b23-9b68-cf0190892dda,2025-04-14,19,d19bb9571916832222a61546bfc3ba1d
a3d7fd97-46dc-49f2-b967-86a3d9943960,d98166ba-9bce-4d06-899f-ee399a53bedf,2257,bcffdf26-2889-4b0d-929a-8e779c6e851b,2025-05-04,46,3168d183c400841fc9033476b2934ec8
f5f4f0ea-7697-4143-9a20-87cfc8cd960c,6530f8be-a040-4aed-9783-8de932aa94c2,4987,5338a24d-bd24-49b6-80c7-ceb5d88d8923,2025-04-03,187,63883d45d17784400e266a3758790e3c
980618bf-c0df-45c5-bb5b-24d0ed35c98d,3afa8ccd-21e7-4fb8-9070-81ff7c7a4926,318,bcffdf26-2889-4b0d-929a-8e779c6e851b,2025-05-11,94,f9ac388bbef005955aa5fbcdd6d7d031
83b7081c-a737-436b-8374-6a902c72b864,284d0f6a-2446-4d78-9af6-8bbfe3c28a3e,1947,9745ebde-bd1a-41e4-90f7-9d2cd2bda746,2025-03-11,200,3957e45f1ed582d3cbfdb04b19296fa0
21a20d7c-582e-47a4-9964-13055aec633a,3114b2dd-8df3-4f42-98d3-7c5652ef32f7,2201,066320f6-15d5-4240-b39a-1d9697acf693,2025-04-09,15,01f6b18e41932f9599bbae11dde273ca
6641a1a0-687d-4389-9aaa-07fe8bf6d05d,df6113ca-df8f-428e-afc8-25e46b387180,2483,b8877c9b-300e-4619-9c17-285548f42c1a,2025-02-28,81,842c419e1e8bd385f0048b7239dd2d95
a35e2ae7-78a5-4bdb-b908-facef4fdd57a,47e17369-8736-45ef-a1bc-427a275c9dd2,805,035dca7b-d212-4a49-8f9f-3bd9aa44f0e6,2025-02-03,44,ba8be8b32ca74687e3b4c9fb8fe21f4f
9103f64f-5b61-4f73-9217-26a2e805831a,63c77a44-db83-43d0-b671-73d4f846b60b,3630,bbcd1342-0d08-4318-ae1f-7e2ff8d83071,2025-05-08,92,65544df6f183f7b0d499648703e0c28e
b7dfb525-2b4f-4255-ad7a-95622f04737e,003841f7-ef6d-4f91-b93c-4ae41b69d21b,3415,adfe1367-c650-47bc-ab26-c65be37eb483,2025-04-19,175,9a78772741f19e475e24fa3de45471c2
fa11e728-7be5-4c41-a5ac-4c44bed88a63,5446b455-36c0-41bd-8330-d72404d16428,1540,35e27300-4661-4cc1-883a-60fcc46d1705,2025-02-05,64,522883bcd9f528b27a16cd02da12da1b
54ac8153-6a5a-4604-ab3c-599c964778d8,bc572b67-d528-4074-b373-01fff697aa44,3969,68a7d329-0366-49ce-986b-f2741f43d010,2025-02-27,142,4fb1b65ea8e1a141bf58180e18b64cc5
f1b9a289-a29a-49fb-8f99-4b0bde42c488,8fcfbf53-8684-4250-8964-2b3be0d7212f,461,4df0f4bc-ed9c-4fcf-b4b1-bb6d648bbb21,2025-01-19,50,76d6ae69556e6f990f40b1d7e6770e0d
48dbb459-09b0-4c0e-b64f-c6c87a4b7ce1,80fefa0a-4f23-457d-a9b8-0a42d179e050,2549,876d3f78-e0fd-4ed9-94e2-95f1f49a6678,2025-04-02,139,82916bf96f6c6ac13809262e009a43c9
dd8a0883-f55d-4653-a4c7-c9966ea88a1b,3afa8ccd-21e7-4fb8-9070-81ff7c7a4926,1112,bbcd1342-0d08-4318-ae1f-7e2ff8d83071,2025-01-25,144,c54028dd05b6db691b38d0a5f96fbcc9
56ede8cb-7370-427b-ab22-323148ad9d95,0f081c8e-48e1-4a4e-88d6-6b1e6cd96d94,238,e65aca15-c7da-4cf0-8f86-97057eb6e41d,2025-02-20,59,0dd1da8e279caba447a65566e784a27c
e10bc942-127a-4eed-a810-e0a74b297d11,416412a1-3616-4692-af09-d48f4b258258,473,57b082e7-cf0c-4a8d-978e-d3dea718b8c4,2025-04-19,18,bf810116c8d0205b2e083a49da60ed7c
66fe7f6b-a704-4d1f-a7f0-6ab48a8fd254,9383f19a-ab4b-4657-b617-ae9c60c25476,415,066320f6-15d5-4240-b39a-1d9697acf693,2025-02-05,190,7bb132187f392ea48ba13aacc94bfbca
fd2a953d-9313-442d-a4d9-8c1ebe20e4f5,416412a1-3616-4692-af09-d48f4b258258,2245,066320f6-15d5-4240-b39a-1d9697acf693,2025-03-07,128,dcb05b7d83ebf166055ad7fd7ea03bcb
7c4824a7-828a-4445-b88f-61bb7ee9e623,ace90f05-959a-4fd2-8ad5-f77517d06d70,3252,d44227f2-ae3a-4cf8-9728-df324b9ca0e4,2025-05-08,41,972b98dc833027e303a30782bdcd69f1
831cbd50-4f1a-40d6-9d45-5cc2e3e015f5,32f31366-6143-4aee-9e76-b793f1d31932,251,57b082e7-cf0c-4a8d-978e-d3dea718b8c4,2025-01-18,105,06eada078942e56add6550c4cb5339be
2797a9d6-c590-465c-804c-1ed35ce7061b,47e17369-8736-45ef-a1bc-427a275c9dd2,4867,35e27300-4661-4cc1-883a-60fcc46d1705,2025-02-13,55,60a188a61a9a33e755778b14f80b236c
c4f7151d-0b05-4686-9303-a25839fe29d1,3114b2dd-8df3-4f42-98d3-7c5652ef32f7,4808,9baedba2-7d8f-482a-91c0-53cf8f987158,2025-03-10,99,2af469d96b6806b1c71758d6c5db49e2
aca2980d-9d34-4447-b113-a7b7f7ff5ba6,420f9abe-1464-45b5-86cd-4df0ab0f2ee8,1340,576ca2ee-5c98-4032-8085-4a11312f9e78,2025-02-13,186,7372bd902a781fd633f12ca0ca668332
a96ce51b-4e31-4688-af4e-67e57f46844b,5446b455-36c0-41bd-8330-d72404d16428,2336,681c4fda-26fa-44ac-9682-e052faf1d3fb,2025-03-01,108,8122734fb5bfd4e1597699b967e6e84d
33e67494-27c0-404b-bbf1-9ad3925afb6b,e6d7f390-e2e8-4324-b1c2-59686ed30bbb,1335,a3027ea6-3a7b-4285-9b82-5ab90b244a50,2025-03-23,64,dd5d69b36d018429472f9b2e0ddb5fe8
94da879c-2bed-4395-a2f1-001fe3566d90,bbaee465-d02b-468a-b50b-067e6bc68e67,1845,5338a24d-bd24-49b6-80c7-ceb5d88d8923,2025-03-06,62,96ac82f4f5c4468d040d9a5ecf902e5a
a87b6d17-9a54-40c6-aa9d-2e897b0ef8f9,003841f7-ef6d-4f91-b93c-4ae41b69d21b,3355,4df0f4bc-ed9c-4fcf-b4b1-bb6d648bbb21,2025-03-14,15,66ba6842a91fc3f6864cdb52c4da6e7b
af0b66f6-8df9-4455-a409-59970133d2bb,5cfea3d7-c2f2-4735-a096-29154722be12,73,c8a6eaf0-cf95-4b23-9b68-cf0190892dda,2025-02-20,43,63c319ea615013c1e53ff26253887f1c
4b2eb44d-5030-48fc-a5a1-b7b2af3237dc,be98a698-ef0b-4a46-8429-f75187e63193,1419,adfe1367-c650-47bc-ab26-c65be37eb483,2025-04-24,12,cb81de7bd6a0b13366870152b8e50adb
02b96608-c524-4009-bc43-ed2a86585fa4,bbaee465-d02b-468a-b50b-067e6bc68e67,2068,adfe1367-c650-47bc-ab26-c65be37eb483,2025-02-27,88,4866e3f7e32da6b848c820db0b0d1c5c
565fe180-7f76-4f18-aace-9ad4feea78e2,71a6f293-0c20-48fa-82d0-24f3ca01cdeb,2256,de0add2e-3497-444e-bd97-c641b5754d2e,2025-04-01,106,4e1aa16a37e04b7d575ea784eac27d34
cb9b489d-f516-43ff-84d8-d82173c54e2d,420f9abe-1464-45b5-86cd-4df0ab0f2ee8,3761,576ca2ee-5c98-4032-8085-4a11312f9e78,2025-01-23,65,50860425fa60b19fc0685397cc0d9df7
2b4c6b4a-fec5-431c-baec-335408a18288,9383f19a-ab4b-4657-b617-ae9c60c25476,2476,5338a24d-bd24-49b6-80c7-ceb5d88d8923,2025-04-02,143,0a0fac69182f22ac4e5e13faae2cb5e3
4b085630-9e9e-4836-8426-782c4800291a,6530f8be-a040-4aed-9783-8de932aa94c2,3254,1424c333-ef79-42af-bcf5-5d41521a0e9b,2025-01-11,36,e7a62f494107ea9367c8b0bfec2c7d4e
fbe72ac1-ccbb-4e58-816a-bf0bbc3b8e3b,78441627-5dc8-4d21-9e7e-b5de61c1836f,4191,674d43e2-b564-4df9-83e0-08d8d378e820,2025-05-04,105,f66391bea731d8a29ef38b1142376a8c
a7d298de-b27c-4d4b-91cb-a1a6bf09f4ae,bf188d08-b606-441b-b7b1-0735c36ba58b,4865,adfe1367-c650-47bc-ab26-c65be37eb483,2025-04-24,82,20b594026eb924212d57b7df8308840f
87db8ec1-5f75-447c-b04f-2743f301c716,63c77a44-db83-43d0-b671-73d4f846b60b,886,c8a6eaf0-cf95-4b23-9b68-cf0190892dda,2025-04-23,26,9494e038f28cfd8ea96bd443106bc5a4
1ad827fb-a921-4367-9daa-4e795ed09388,df6113ca-df8f-428e-afc8-25e46b387180,2265,d44227f2-ae3a-4cf8-9728-df324b9ca0e4,2025-05-01,93,a0e642e766ac955a305993048eb1abe6
b1b73993-1966-4985-95e1-2290f1f3af9c,003841f7-ef6d-4f91-b93c-4ae41b69d21b,2140,50a26c10-fd86-4364-8549-75c2f73d6e74,2025-01-14,192,01e6db48181cae222e30fd726568f16e
bbdb7d84-fa5c-4045-b1fd-ccbb89862a88,be98a698-ef0b-4a46-8429-f75187e63193,2448,82e03202-e75b-485c-a987-57c392f25f18,2025-04-02,48,9d71a82a2a078bfbaa4c556b0762d2a6
c511207e-5a74-4c5b-a4f4-dff8497b05c3,bb37b5ed-dc18-44b7-a77d-ec3a62eae616,1969,9745ebde-bd1a-41e4-90f7-9d2cd2bda746,2025-02-07,163,ececa316427c2a6653564438b0e8ee90
6139cdff-bbcd-442a-be05-846e21665a0c,3afa8ccd-21e7-4fb8-9070-81ff7c7a4926,2619,5338a24d-bd24-49b6-80c7-ceb5d88d8923,2025-04-08,45,9c35b1e7c40d627157a0a5e0adb0d46b
4e71bb23-e875-46ee-8565-680e4300e583,111e16ce-1009-49e8-9792-b01200cbe1e4,209,50a26c10-fd86-4364-8549-75c2f73d6e74,2025-01-24,137,6ff40a24531c59c8a52879b7ef78bbae
336c9eb4-dd76-4b66-a1de-07c48de91f5c,725b146e-9cff-4fed-8c33-99a9b2cd8ebe,2126,21a2cafc-d878-40bb-a232-e14e9eda02f3,2025-03-16,113,966c07e026b49417b4f298668770df48
24904e92-c7ce-402f-8ab2-5f402c04579b,8d4a5b0f-e2b3-46f3-ac5c-02bb9758acbd,290,1424c333-ef79-42af-bcf5-5d41521a0e9b,2025-04-13,191,2d615d6aca429926718863a3f8c94c00
07ef8ad5-9241-4de7-97e6-3f00cb2542ed,0f081c8e-48e1-4a4e-88d6-6b1e6cd96d94,1556,d3a44b3c-e1f5-44f7-81a9-2aabc2ee0469,2025-02-27,195,62f3449c52646f74771015d17b27f0e8
6dcc01b6-2016-407a-804b-071dc3977640,71a6f293-0c20-48fa-82d0-24f3ca01cdeb,1822,5338a24d-bd24-49b6-80c7-ceb5d88d8923,2025-03-22,146,fa74fbfeba00bb15fcbb532454e54223
a1a11179-b7d1-4896-92dd-54da205c59a9,39e3f31e-86c1-4cd6-822b-bbf5e5b05672,3898,674d43e2-b564-4df9-83e0-08d8d378e820,2025-01-11,101,9e3eeb2b000ccd3b1f0fd872f03375f6
87aba281-993b-46df-b375-fe94b12c1f5a,ace90f05-959a-4fd2-8ad5-f77517d06d70,2460,754ca431-4c26-4237-a234-fb658c2226c4,2025-01-30,178,001bc83b2c5661298ac75efc7119a925
fe921d1c-465e-4707-87be-a354a366f7bb,bf188d08-b606-441b-b7b1-0735c36ba58b,1484,3412d299-a203-47c4-bde2-ecd5ef09fe58,2025-01-27,34,63f9368ca8e64bd2d5cd8b6343f6dec1
89a36cba-4db2-45c9-9371-6ad173e9aa91,3114b2dd-8df3-4f42-98d3-7c5652ef32f7,1049,01adb8ae-ae19-4b3d-805f-5485251f2e61,2025-02-08,76,98cc47c6344b27650a6bf2c7110120ca
5617c32b-4057-4a4b-88ee-f07a1bdcb094,111e16ce-1009-49e8-9792-b01200cbe1e4,4580,68a7d329-0366-49ce-986b-f2741f43d010,2025-03-08,56,89506377f947e3326b630774a793e84f
a4b6850d-632d-4d9a-bf56-70fe40abca74,32f31366-6143-4aee-9e76-b793f1d31932,2750,50a26c10-fd86-4364-8549-75c2f73d6e74,2025-03-21,32,bd7550139abfea7f2130c62e2b8d3946
10d1fdda-a425-4e8a-b8e3-737f74f6f87c,bbaee465-d02b-468a-b50b-067e6bc68e67,2911,035dca7b-d212-4a49-8f9f-3bd9aa44f0e6,2025-04-21,200,7a48b4d7d9f2d5b044cb10635772afa6
0bff544a-adb7-4ce7-a9b1-6dff3eedc958,63c77a44-db83-43d0-b671-73d4f846b60b,3445,d3a44b3c-e1f5-44f7-81a9-2aabc2ee0469,2025-03-30,105,ba6de7a19d5ca1a41ba15049631c4b66
bb335164-9fd9-4caa-b3b6-fd96ca2e4874,d15f6ed4-f9b3-41d6-bd89-24154fc5aa0e,4797,3412d299-a203-47c4-bde2-ecd5ef09fe58,2025-01-28,128,4f79592f8aa42a4f2377043fc39342ac
9098f139-f0f1-42ba-ac25-785f99f204db,c764644f-2d8b-4a25-b637-6363eec2e85d,3855,9745ebde-bd1a-41e4-90f7-9d2cd2bda746,2025-03-03,172,8fc128d83cdea7094be141c4140a4361
1ecdaac0-6c59-40a1-af8f-c3410909ce9c,717fcab8-9707-4595-adca-fa8a50604ff7,4754,17fb2169-7a01-4654-8005-9db3d086ba75,2025-02-05,28,d223b94df11cb4ad153ad8109f4f9d63
b9cb2f37-cdd0-4186-a51a-8e6f07a5eb2d,3114b2dd-8df3-4f42-98d3-7c5652ef32f7,1594,4df0f4bc-ed9c-4fcf-b4b1-bb6d648bbb21,2025-01-16,40,3de32afa99656559aab9f736259a837c
4df65678-0ff7-4261-9494-9a89bad5a201,32f31366-6143-4aee-9e76-b793f1d31932,3127,a412573c-b3f6-4108-9682-f95775c56a2b,2025-04-05,86,9e5a189e7613aab599fc6db377df8995
497148a4-a0b6-4eec-958f-578212501071,bc572b67-d528-4074-b373-01fff697aa44,443,545e803e-892a-4417-b123-bc3d2f548566,2025-03-06,45,696a5dde4a65ebc7fda46ed0c2641c5a
b794c68f-a8cc-4aa9-8f6b-8cf58f635392,416412a1-3616-4692-af09-d48f4b258258,2808,21a2cafc-d878-40bb-a232-e14e9eda02f3,2025-05-03,155,e173991656e7e9476d4e5c7ea1f63257
0a499a07-1a86-48d0-9d61-a314ba39186f,9383f19a-ab4b-4657-b617-ae9c60c25476,1174,d826fea5-d663-4b8b-a010-a7b330fd9922,2025-02-04,193,2e071601c8b75243af09c91ea0679e4f
b6b7aaa1-9fe0-44c6-9dc6-3fdee88b5f51,d98166ba-9bce-4d06-899f-ee399a53bedf,663,dea48fdc-5533-48f4-9d69-3e89b5fa379e,2025-03-02,95,689af8373f9b207febdbbffe472f4562
0f7aadfe-651b-4a7f-bedb-f733dec591ed,39e3f31e-86c1-4cd6-822b-bbf5e5b05672,1449,d826fea5-d663-4b8b-a010-a7b330fd9922,2025-05-04,172,cd144fb949fab475f6e6261a7b5be4cf
e49fbde2-d165-470f-a0a9-8393c7daeb2b,e6d7f390-e2e8-4324-b1c2-59686ed30bbb,39,35e27300-4661-4cc1-883a-60fcc46d1705,2025-01-12,80,556332ff02bf78429fbbedc335f4ecfa
2facc082-5b1b-466b-a8e8-5f7aa3ada43e,422d3cfb-a615-4379-8678-ceb91dcc6a81,1382,a3027ea6-3a7b-4285-9b82-5ab90b244a50,2025-01-01,50,42e470b257e37c76292fb094f4a2532d
66d1d287-68ab-4e4f-878e-278d4d41f4de,47e17369-8736-45ef-a1bc-427a275c9dd2,722,128c966a-64f4-456d-9fd0-3d628c9d517a,2025-03-29,167,16064d26963972e4f0738f9b9c7dea90
1c6f2c03-0b2e-4e29-8069-5c591dd58cc6,e7fc9674-947c-42d1-8de5-0a9f762cc441,3518,bcffdf26-2889-4b0d-929a-8e779c6e851b,2025-02-23,119,c5f63e92ef186ee68e54b4b200532737
0b4223fd-d1ca-4b47-9835-3ef053d609a8,3114b2dd-8df3-4f42-98d3-7c5652ef32f7,3141,cacf17b4-cc76-4a81-a2a1-99b245d85f9e,2025-02-10,19,e335c7b3b51ba8cf004ce55740d600d5
64bfc950-1b27-4125-a211-3f6da9d90d33,a5096009-d0b6-4426-8752-a273e8e85779,1634,bc2a6082-d587-43ad-b368-78b70dcb5f55,2025-02-02,105,a5a031d4de56ced7232592281553c44d
80ff4c9b-e575-4f36-bc1f-665145f4ad95,78441627-5dc8-4d21-9e7e-b5de61c1836f,2640,68a7d329-0366-49ce-986b-f2741f43d010,2025-04-22,145,6c7ec046aafa7d67b0ede334f0dc8824
93b9621f-7273-4e80-9c37-1d0cc1d635c5,416412a1-3616-4692-af09-d48f4b258258,147,5338a24d-bd24-49b6-80c7-ceb5d88d8923,2025-01-31,11,0a0d8350cc7dabe321771e227011388a
429ece8d-5197-4d85-bb2a-7767acf68984,39e3f31e-86c1-4cd6-822b-bbf5e5b05672,2039,035dca7b-d212-4a49-8f9f-3bd9aa44f0e6,2025-04-06,187,d086c307026f0c78af35382ce044b549
ae6e31c9-bff5-4355-ba33-d2e731962c8e,420f9abe-1464-45b5-86cd-4df0ab0f2ee8,2557,128c966a-64f4-456d-9fd0-3d628c9d517a,2025-01-18,36,91144d820e4e87e7cd8b228f205e9b30
c38d5dae-2493-4134-99e3-46ce675d4e5e,8d4a5b0f-e2b3-46f3-ac5c-02bb9758acbd,4124,1424c333-ef79-42af-bcf5-5d41521a0e9b,2025-01-26,88,47d15cdcb376290734fcc8f1103b7f4c
8a21ec33-f3d0-431f-b5d6-a31915663929,2d161670-8c69-4e18-a8fe-decce52732bd,535,0481f8c0-ef1b-42c1-b53f-512d8d8db267,2025-04-30,86,99b7e4fe3fc1e6c055e7288cd75e0d2b
ee174a7c-6bd3-4b40-bcb9-5afef7954997,725b146e-9cff-4fed-8c33-99a9b2cd8ebe,3735,bc2a6082-d587-43ad-b368-78b70dcb5f55,2025-03-26,143,ec9fab95edef1863e5e66739274b0ae1
3cf19f43-ef9e-4230-a33e-ef7f3a130669,cb2416eb-2b7e-47f3-b19b-458a594bab51,4294,d3a44b3c-e1f5-44f7-81a9-2aabc2ee0469,2025-05-04,121,cb1a1ab5482c49a12709c2fa70929918
0e51d869-5c25-4cde-89aa-5ced5f0cf6ed,32f31366-6143-4aee-9e76-b793f1d31932,1097,d3a44b3c-e1f5-44f7-81a9-2aabc2ee0469,2025-03-25,135,66871341e13f9302295ae166aa371471
0313189e-aab3-453b-bcd6-ce15bb1d2e9f,420f9abe-1464-45b5-86cd-4df0ab0f2ee8,1544,754ca431-4c26-4237-a234-fb658c2226c4,2025-03-20,113,45bedee1e30806c12ff50fa42a4512c6
6ae6632c-433f-404b-9d75-b1a3524fa58c,a8886235-f9dd-457e-b8bf-2541c29c8620,1872,035dca7b-d212-4a49-8f9f-3bd9aa44f0e6,2025-03-25,196,03e91a1f7f73508201a74c2aaa560f21
59b3bd82-227a-4fb7-b11c-a08844f9cdb9,890728a3-1f15-40c4-9f33-588c319e4d6b,1731,bc2a6082-d587-43ad-b368-78b70dcb5f55,2025-04-03,15,3eb3e2c77dd08be4f1c4c4abe88d5f22
a4076a09-a3b4-4c9c-9692-68d086eef8f7,717fcab8-9707-4595-adca-fa8a50604ff7,4134,754ca431-4c26-4237-a234-fb658c2226c4,2025-03-16,41,ebbd315d8e95c18e05c0330fc2b900ec
b9aa2823-aefb-4850-b61a-b2c195888a3b,8fcfbf53-8684-4250-8964-2b3be0d7212f,307,7874faf7-fb69-4ae2-a738-b4c599358eeb,2025-01-01,173,0dc1ba985388be53f27b0f477669b7de
c7dd985b-f42c-4c44-bd2a-8336a30e8983,d15f6ed4-f9b3-41d6-bd89-24154fc5aa0e,4381,17fb2169-7a01-4654-8005-9db3d086ba75,2025-01-08,22,0d70171b3d44ade9c927b479d99b12f7
bff9515a-27b4-40bd-8805-78295c81c5a8,cb2416eb-2b7e-47f3-b19b-458a594bab51,393,674d43e2-b564-4df9-83e0-08d8d378e820,2025-04-14,37,085a0f6c7e8752f65961fc1160406de4
fba5f85e-9c2f-49af-a7dd-b988408c8a15,be98a698-ef0b-4a46-8429-f75187e63193,162,9745ebde-bd1a-41e4-90f7-9d2cd2bda746,2025-02-08,186,e228db44626aab0aa7b49acb52f134ee
3c6286aa-3150-4bc2-885a-e044dc74b920,c764644f-2d8b-4a25-b637-6363eec2e85d,3415,35e27300-4661-4cc1-883a-60fcc46d1705,2025-03-14,107,bada95953398da372ce6a13d339e14a7
787c1d92-5bce-4e3e-92a1-8cde515064ea,c764644f-2d8b-4a25-b637-6363eec2e85d,4484,576ca2ee-5c98-4032-8085-4a11312f9e78,2025-01-03,131,abfbff60c13035d2c516abf67addc841
f5111f42-446f-4148-a894-87bcd6af9644,284d0f6a-2446-4d78-9af6-8bbfe3c28a3e,1255,a87d51a3-8ba7-4050-a5ae-3c0e1e33ad7f,2025-03-04,187,a1ecf5b5c50b40e186fe114a51fc6b76
149b64a4-cab0-43e1-aee5-f4d6db3ca453,32f31366-6143-4aee-9e76-b793f1d31932,77,b8877c9b-300e-4619-9c17-285548f42c1a,2025-04-14,117,6eca431ed8daff38e52818d7153565fa
44d3fe9e-7304-4b4c-b6f8-eaa28fc50020,cae5b015-3829-4a48-ba22-40234800d730,828,674d43e2-b564-4df9-83e0-08d8d378e820,2025-02-07,143,e439fc03ef83403e557b5f38d3c3401d
ab2aac8d-846d-4734-b5dd-b8403ce2dad6,003841f7-ef6d-4f91-b93c-4ae41b69d21b,4962,2d046cbe-43bd-402d-9b0c-0adb463c5111,2025-01-04,45,6356101e6cb65a36722973fb2c8e1fd0
a555ddcd-bf17-4967-bc98-11c2e357f5a2,bc572b67-d528-4074-b373-01fff697aa44,860,4df0f4bc-ed9c-4fcf-b4b1-bb6d648bbb21,2025-01-01,194,79846b2d736559e9ebaa88ab4f6fa369
dd38e272-2530-4693-9044-4306fe55dc32,6530f8be-a040-4aed-9783-8de932aa94c2,965,3412d299-a203-47c4-bde2-ecd5ef09fe58,2025-05-02,39,ac35d758a6787de862b9a0bb9dc3cd97
b6df2c2f-3d33-407e-a33a-27dc4785fdb7,68dcee38-64e5-4110-8e1e-94d3cb77fbe1,4078,82e03202-e75b-485c-a987-57c392f25f18,2025-02-18,165,2ef5ef928230fbbaf8f10153d608d809
e267a917-6e08-464f-8810-21e5b0c890c7,416412a1-3616-4692-af09-d48f4b258258,2155,a412573c-b3f6-4108-9682-f95775c56a2b,2025-02-13,61,890336b65dbbe92c57e51676f957f3ca
a23ae995-7b9b-4da9-9a79-823b84f200c8,420f9abe-1464-45b5-86cd-4df0ab0f2ee8,3357,3412d299-a203-47c4-bde2-ecd5ef09fe58,2025-03-08,51,7b21d2201336dd0a5c7f2cf2488c31f0
a6e3ffcd-a240-44ee-998f-c34c9bb6ce34,65e9b285-9f58-479d-8730-79837ec6cd57,4491,dea48fdc-5533-48f4-9d69-3e89b5fa379e,2025-03-02,63,26c4b6a55085cb675cecaf030b7471a8
748f7cf0-d398-4f19-9b65-7228d9510b09,284d0f6a-2446-4d78-9af6-8bbfe3c28a3e,3938,d3a44b3c-e1f5-44f7-81a9-2aabc2ee0469,2025-01-26,70,2b632861ec55bce76cc2c435899d7bce
11f4d317-8a21-4531-98fe-ffc161e10bdb,78441627-5dc8-4d21-9e7e-b5de61c1836f,105,674d43e2-b564-4df9-83e0-08d8d378e820,2025-01-20,32,0da2f28fa2b661a8369d15df90e88a1c
6c681dcc-9cdd-4e84-abe8-5f6a22dde183,c764644f-2d8b-4a25-b637-6363eec2e85d,4704,674d43e2-b564-4df9-83e0-08d8d378e820,2025-03-16,136,5c06466c5c9581bda17c940944b7b976
153ae826-dff8-49f6-b79d-85f944df8efb,7c4af886-f52d-4c33-bcff-9789babdd7c6,738,bbcd1342-0d08-4318-ae1f-7e2ff8d83071,2025-04-08,140,c0c626b886e28a1a56830915f3657ed3
c819796b-788f-4a01-ad25-f6e0a0e69ecf,80fefa0a-4f23-457d-a9b8-0a42d179e050,830,576ca2ee-5c98-4032-8085-4a11312f9e78,2025-04-25,174,866bcb890640d919b64a9ce6f12b5681
2883b02a-f307-4a04-a63d-425751389537,bbaee465-d02b-468a-b50b-067e6bc68e67,3742,3412d299-a203-47c4-bde2-ecd5ef09fe58,2025-03-01,77,307b0cb7892af6a282ed622ba5481eb0
02df83b4-fa42-4120-83e2-836518a562c4,9383f19a-ab4b-4657-b617-ae9c60c25476,411,449e10e4-a998-443f-8f47-b8f5ce345a9a,2025-02-02,54,2a5efcaccf283702cb4be85a7e26a8b1
5f1d5dc7-77da-4bb2-aed0-0b590048cf85,65e9b285-9f58-479d-8730-79837ec6cd57,2381,066320f6-15d5-4240-b39a-1d9697acf693,2025-01-13,183,278c4fa0aaed6b0ea5c86a248f304aab
96a36e81-ed82-4fde-b926-8402f8b5be4b,f6223b7a-d6fb-4ec5-a898-6f8c823344a4,3490,01adb8ae-ae19-4b3d-805f-5485251f2e61,2025-01-09,39,819c169fe4693b875325ddc82324e608
2da1f4de-139c-4a40-96c0-277dd577095f,68dcee38-64e5-4110-8e1e-94d3cb77fbe1,376,cacf17b4-cc76-4a81-a2a1-99b245d85f9e,2025-02-27,45,75e8384d9728ffba16a66375bf261324
8014ae54-1fe6-4507-947b-8806ba461413,cae5b015-3829-4a48-ba22-40234800d730,1397,d3a44b3c-e1f5-44f7-81a9-2aabc2ee0469,2025-02-26,101,36fecef55e83968e06601a887fe1979e
5821df1e-0a6d-4e01-8098-50eeb36cd2fb,edbc5ad2-b988-4ec2-8df1-b3f017b20920,2198,bc2a6082-d587-43ad-b368-78b70dcb5f55,2025-03-30,33,8db91dd9b76baf58ad4dddd3659aa677
8b157a4a-868f-443f-983b-a879b7d8cd55,8fcfbf53-8684-4250-8964-2b3be0d7212f,2808,e65aca15-c7da-4cf0-8f86-97057eb6e41d,2025-04-12,39,043e9bb7bb9aae7c850a4c212eece649
b48ccd02-5c02-481a-b196-b44bded97833,3afa8ccd-21e7-4fb8-9070-81ff7c7a4926,3279,4043f2fd-ddb7-4123-94b1-704bb06dbec6,2025-04-26,79,ceb5343744bcdcf794dc1de90a973f4a
f14e8a5c-856a-4680-80c2-b28194c7d3fa,8d4a5b0f-e2b3-46f3-ac5c-02bb9758acbd,3918,21a2cafc-d878-40bb-a232-e14e9eda02f3,2025-04-12,176,f98fe32d031266120ee50e534d2f3689
e0fa2b20-81fc-4b06-b3ce-06d15b8ffae7,2d161670-8c69-4e18-a8fe-decce52732bd,927,128c966a-64f4-456d-9fd0-3d628c9d517a,2025-03-07,188,032503759fe7d52e4f1a8b91e6c6c98a
779dfe8e-c59a-4906-9c39-cd7c04f5e2d9,111e16ce-1009-49e8-9792-b01200cbe1e4,481,754ca431-4c26-4237-a234-fb658c2226c4,2025-03-26,36,fd2103f2928a08a1a044edf95ca38547
95acf312-87ae-4676-84d6-adc7bff05fb6,bc572b67-d528-4074-b373-01fff697aa44,4840,c8a6eaf0-cf95-4b23-9b68-cf0190892dda,2025-01-26,155,3effada72b28f60fcf907ca1f0ab3b51
fe1a264b-0100-40f3-bdb2-03d6640a9191,32f31366-6143-4aee-9e76-b793f1d31932,3590,e65aca15-c7da-4cf0-8f86-97057eb6e41d,2025-03-08,166,13104c6b666f2526394c2f324d2d7bfc
68de16cc-6d66-4e7a-a071-23dfbdd60878,8d4a5b0f-e2b3-46f3-ac5c-02bb9758acbd,2938,17fb2169-7a01-4654-8005-9db3d086ba75,2025-04-06,17,40c0aa7f522cf8e0ba99d1ca38934fd2
c9110f6e-f8f4-4ceb-92fc-1e94d8e97a8e,32f31366-6143-4aee-9e76-b793f1d31932,1071,c8a6eaf0-cf95-4b23-9b68-cf0190892dda,2025-03-11,134,920d4669dc836fa41e74acad331eff0f
21c86531-9216-4595-9e0d-8220d50ef051,c764644f-2d8b-4a25-b637-6363eec2e85d,3370,35e27300-4661-4cc1-883a-60fcc46d1705,2025-02-06,21,2e6700004eb63194c4e7e7d8b16801ab
015a383e-9d4a-4620-97c9-4488f3aab8d4,80fefa0a-4f23-457d-a9b8-0a42d179e050,2144,50a26c10-fd86-4364-8549-75c2f73d6e74,2025-02-02,90,5b3c1a488e28592f6e6fac8999379da0
43af8686-be55-48d8-9761-67bf57e6fcec,78441627-5dc8-4d21-9e7e-b5de61c1836f,4300,bbcd1342-0d08-4318-ae1f-7e2ff8d83071,2025-03-20,200,18744cf4c62a82a5376673c6be2302ff
34dcf413-8c3a-41b6-b290-37968affa76c,0f081c8e-48e1-4a4e-88d6-6b1e6cd96d94,4629,035dca7b-d212-4a49-8f9f-3bd9aa44f0e6,2025-01-04,181,6cf20c9da08a98137514cb1197ac7346
784963bc-99f4-4632-93c2-c18b982e5711,df6113ca-df8f-428e-afc8-25e46b387180,4253,a412573c-b3f6-4108-9682-f95775c56a2b,2025-02-14,186,bf6df6c2e1ed772e51f8668ae75383ad
6ba10828-665c-4412-a5a6-33d29337c639,284d0f6a-2446-4d78-9af6-8bbfe3c28a3e,781,de0add2e-3497-444e-bd97-c641b5754d2e,2025-02-13,179,c8105c058501496c000abf27bb636701
ebb8a6a2-d6a8-4fa6-a620-3884f207aebf,111e16ce-1009-49e8-9792-b01200cbe1e4,2037,c8a6eaf0-cf95-4b23-9b68-cf0190892dda,2025-01-26,98,035c28285e3f467ddc9c494efd0bde5b
97a82c28-7494-4aeb-acc0-dbf3d1af70e9,cae5b015-3829-4a48-ba22-40234800d730,3153,545e803e-892a-4417-b123-bc3d2f548566,2025-02-11,152,b1c0377220f92d5ca86082d3da27de83
7a48fc8e-aef7-426b-9fe6-8474370e5af7,6530f8be-a040-4aed-9783-8de932aa94c2,448,cacf17b4-cc76-4a81-a2a1-99b245d85f9e,2025-01-05,174,2eae461ae4de762bd23ec04c82448ed6
453ca35b-2d81-4f6b-bd10-4b40dad1b01b,2d161670-8c69-4e18-a8fe-decce52732bd,4142,c8a6eaf0-cf95-4b23-9b68-cf0190892dda,2025-04-25,136,eef8111e5550772846a62799922401d3
5270ff1b-1993-4090-bc8f-9f5107eecc78,2d161670-8c69-4e18-a8fe-decce52732bd,614,68a7d329-0366-49ce-986b-f2741f43d010,2025-04-08,135,bd3e21d82a236bcf3fb635f1b7f79078
4d2ba55d-fb15-476e-8437-c5bdc0bb142c,f6223b7a-d6fb-4ec5-a898-6f8c823344a4,1974,d3a44b3c-e1f5-44f7-81a9-2aabc2ee0469,2025-02-02,81,f1b9324f3e6d7c10656ff2dd0723e40a
728aecd1-f38e-496a-b713-e8a0bafba45d,e6d7f390-e2e8-4324-b1c2-59686ed30bbb,4153,035dca7b-d212-4a49-8f9f-3bd9aa44f0e6,2025-01-24,150,1aec2c152221c1a1ee29fec3e39d97b6
579f089c-376e-4198-a88e-c2b309486ba3,be98a698-ef0b-4a46-8429-f75187e63193,3102,bcffdf26-2889-4b0d-929a-8e779c6e851b,2025-03-13,70,7261418758f494e6f3c4c660162a6f64
d8d3775e-90c8-4bec-b883-f0d6f3a7185e,5446b455-36c0-41bd-8330-d72404d16428,3761,35e27300-4661-4cc1-883a-60fcc46d1705,2025-05-07,156,e1bae2299915425b4d3a8bb4fe59f483
d9f1f0d5-0662-4f8e-a78f-384e98b7df52,edbc5ad2-b988-4ec2-8df1-b3f017b20920,722,dea48fdc-5533-48f4-9d69-3e89b5fa379e,2025-01-08,124,387904a56f3f3d39309dfc9b2ae67e63
5caf28b0-951d-41f5-a27a-07cc3ec9355e,f6223b7a-d6fb-4ec5-a898-6f8c823344a4,973,dea48fdc-5533-48f4-9d69-3e89b5fa379e,2025-03-14,200,550a8392083896a669c4d5b12ff11bca
9f5bb734-e6f8-46fa-9c4c-938ca5fc1ccd,be98a698-ef0b-4a46-8429-f75187e63193,146,449e10e4-a998-443f-8f47-b8f5ce345a9a,2025-05-05,113,b84cde1dba08c27554f0ce8bd43d349b
ceb16e5e-ce4e-4744-8182-a8429829d28c,bc572b67-d528-4074-b373-01fff697aa44,294,9baedba2-7d8f-482a-91c0-53cf8f987158,2025-02-19,150,f8c99cf3b4caab83812f038bcebecc62
830dc3bc-238e-4d78-a1d8-cb8020010f0c,78441627-5dc8-4d21-9e7e-b5de61c1836f,745,adfe1367-c650-47bc-ab26-c65be37eb483,2025-04-14,168,3e3eaf1306dfe0834ac4820d1d735478
94a67b7d-9e77-470f-b65c-73b7be1212d7,39e3f31e-86c1-4cd6-822b-bbf5e5b05672,2496,4df0f4bc-ed9c-4fcf-b4b1-bb6d648bbb21,2025-05-02,153,19636c6576f73a89760da170b5568d5b
33365eee-d907-4627-a652-d7bdaad29df1,422d3cfb-a615-4379-8678-ceb91dcc6a81,3738,d3a44b3c-e1f5-44f7-81a9-2aabc2ee0469,2025-01-10,103,e58f68b6b8227d985c0056abf3ba6f45
9ac427b7-9eed-4f23-9cff-9c74cf6e9c1f,e6d7f390-e2e8-4324-b1c2-59686ed30bbb,1827,4043f2fd-ddb7-4123-94b1-704bb06dbec6,2025-04-26,94,a80fceba750db5084cf59aaea9e74497
dd375f14-2903-4df9-9bef-34c73dff3b1b,bf188d08-b606-441b-b7b1-0735c36ba58b,4915,c8a6eaf0-cf95-4b23-9b68-cf0190892dda,2025-01-10,193,9fe5a9b2c5887712d365ef9c844b703b
56c84c11-1b2f-4bf8-b792-8ddcce1b2168,cae5b015-3829-4a48-ba22-40234800d730,2977,876d3f78-e0fd-4ed9-94e2-95f1f49a6678,2025-05-09,125,735653dc4174b45081c45ab1f5f1f56d
d82cc4e5-20d3-4c76-8de6-5559001d3f6d,c764644f-2d8b-4a25-b637-6363eec2e85d,799,68a7d329-0366-49ce-986b-f2741f43d010,2025-01-21,178,681998ce13a4d46305fcea82f13eedbf
ee506314-c610-4979-9d0d-2135824cca21,bbaee465-d02b-468a-b50b-067e6bc68e67,18,d3a44b3c-e1f5-44f7-81a9-2aabc2ee0469,2025-05-07,100,f5e630072ae472c84319c72c0575c66e
843d720d-4177-4ce7-a7ce-738aa57e5e68,39e3f31e-86c1-4cd6-822b-bbf5e5b05672,2392,9baedba2-7d8f-482a-91c0-53cf8f987158,2025-01-04,143,e2eb1ab82bfacf28fb45244af011d0fa
307aa49a-b1f0-46dc-9bfc-5474cd935e6e,8fcfbf53-8684-4250-8964-2b3be0d7212f,871,0481f8c0-ef1b-42c1-b53f-512d8d8db267,2025-01-10,52,bf889194c695b709b48dc5477f243dd3
ced23ef1-479d-42d8-8826-f53e344a7673,47e17369-8736-45ef-a1bc-427a275c9dd2,1151,876d3f78-e0fd-4ed9-94e2-95f1f49a6678,2025-01-23,200,99ddb78c9836dd8fb88a393de6854b07
76cdbfb3-e629-4123-b745-cd8b62a1309d,111e16ce-1009-49e8-9792-b01200cbe1e4,3353,449e10e4-a998-443f-8f47-b8f5ce345a9a,2025-03-22,75,841d1448abd4229bac23e650ee7e8ff2
9818cb1f-018a-41e2-a5bd-4cb6ab0b98c8,6530f8be-a040-4aed-9783-8de932aa94c2,1605,82e03202-e75b-485c-a987-57c392f25f18,2025-03-28,40,45d62deded6bafd71f98d523378eac87
60bf2ae0-de33-436f-bd2f-6d770ce0a06d,3afa8ccd-21e7-4fb8-9070-81ff7c7a4926,1767,4043f2fd-ddb7-4123-94b1-704bb06dbec6,2025-03-15,58,17269deb90d994ceffb26e0864e46610
ee264d3f-7aef-4c46-bc48-4766cd3c3202,71a6f293-0c20-48fa-82d0-24f3ca01cdeb,2769,449e10e4-a998-443f-8f47-b8f5ce345a9a,2025-01-24,116,06e1ad3683b8516adfcea2f3c600e1f6
c18bb7dc-39bd-48e7-bee5-68c297e8fcce,65e9b285-9f58-479d-8730-79837ec6cd57,4824,6396ee21-ad50-4b0b-97e3-d0b7ad2ab151,2025-04-17,125,54f9ff14c5022b6ac851e743e616525b
dbd631f5-d391-4863-93b6-70d114f255d6,9383f19a-ab4b-4657-b617-ae9c60c25476,4828,4df0f4bc-ed9c-4fcf-b4b1-bb6d648bbb21,2025-02-19,44,dbc2ca4e24ff55a7c926b028cb666048
44f15756-2d4e-4063-b562-bc4afd1fa289,47e17369-8736-45ef-a1bc-427a275c9dd2,36,a412573c-b3f6-4108-9682-f95775c56a2b,2025-04-03,198,31a1dae5194bb9d1a3bc95cc59f9ba13
8f4cb0dc-4209-4f00-8b1c-a2326c9512c5,e6d7f390-e2e8-4324-b1c2-59686ed30bbb,4533,de0add2e-3497-444e-bd97-c641b5754d2e,2025-01-30,159,c1c2594f772e3fa47d35e2ad37399d55
2975ba50-9e6f-4db5-82fc-d08f7e109bda,3114b2dd-8df3-4f42-98d3-7c5652ef32f7,4165,bbcd1342-0d08-4318-ae1f-7e2ff8d83071,2025-02-09,55,d125e78a1f41c1e4b686cdb3388457e0
7d7ae91a-8a18-46bf-8446-29f4f7a13eda,284d0f6a-2446-4d78-9af6-8bbfe3c28a3e,4740,e65aca15-c7da-4cf0-8f86-97057eb6e41d,2025-05-03,197,94f5d951f88ec184458404a6cdeae1ed
7c44f458-02a7-423f-adea-3026ffffbea7,890728a3-1f15-40c4-9f33-588c319e4d6b,849,7874faf7-fb69-4ae2-a738-b4c599358eeb,2025-01-02,178,ed02f6e2922d028d0be067ba260719db
3f3efc0a-2e8f-4d6a-8002-38a3cac18307,cb2416eb-2b7e-47f3-b19b-458a594bab51,4966,d826fea5-d663-4b8b-a010-a7b330fd9922,2025-02-28,139,5e839c0d4e949b352dfd4b5901a3704a
e4a15106-d29a-45e2-9d43-1155017f2875,8d4a5b0f-e2b3-46f3-ac5c-02bb9758acbd,3430,adfe1367-c650-47bc-ab26-c65be37eb483,2025-03-23,187,de9766622db9b693e49eede70478473a
b7a4f455-70ba-456d-a1a3-705ea715825a,857729ef-02d2-4f70-a144-d2e9efdb893f,2034,0db94890-c654-49b6-b76e-e535bc387855,2025-05-09,111,6b9b5a89f90916919af4db17758cb603
aba6a359-f461-4a90-b844-b6cd70df6aca,df6113ca-df8f-428e-afc8-25e46b387180,2410,35e27300-4661-4cc1-883a-60fcc46d1705,2025-01-20,44,eaabe48f7d19771cc3fb795ca6df43a8
319a1d52-b57c-4312-ba38-409d755254a8,890728a3-1f15-40c4-9f33-588c319e4d6b,3382,adfe1367-c650-47bc-ab26-c65be37eb483,2025-05-09,189,e5e982390978d426d76abcab4d679baa
80198076-943e-4f45-93eb-aa358fc49a7c,f37a1345-4321-4733-b150-c6f4ef9ee640,4197,b8877c9b-300e-4619-9c17-285548f42c1a,2025-04-12,189,ff70289622dc70885bc450b69d3415e8
9e59f8fc-727e-48a3-88ff-70e3e1f79e5e,bf188d08-b606-441b-b7b1-0735c36ba58b,2572,876d3f78-e0fd-4ed9-94e2-95f1f49a6678,2025-02-22,198,63eabc3909fa4dbf192bc84e9b3b2f90
b62c7abc-6553-4ce7-aeb6-25150f39674f,bf188d08-b606-441b-b7b1-0735c36ba58b,1781,82e03202-e75b-485c-a987-57c392f25f18,2025-05-01,63,f6c4e4e72cbdd0dc7ca0532c5c934b74
88145db2-affe-4e18-b394-dec3e1257073,6530f8be-a040-4aed-9783-8de932aa94c2,2381,5338a24d-bd24-49b6-80c7-ceb5d88d8923,2025-04-28,98,e429f4da873fbef6ecb5b26aac202231
16e7acb7-4bac-4af8-9da7-3b6858b7d89e,32f31366-6143-4aee-9e76-b793f1d31932,1087,876d3f78-e0fd-4ed9-94e2-95f1f49a6678,2025-01-27,176,fc1e2720c3355fde1a369c1530fc064f
e3188cd6-0732-4cf2-8f78-e80b9cfa5196,d98166ba-9bce-4d06-899f-ee399a53bedf,4128,3c32b582-67e5-49c3-affc-7e44572ba0ae,2025-03-23,187,a9d91270020186bf59fd6dd5ef0d1029
ddf712b2-d244-450c-b94b-ca79a86013ac,39e3f31e-86c1-4cd6-822b-bbf5e5b05672,2641,876d3f78-e0fd-4ed9-94e2-95f1f49a6678,2025-01-21,39,dba51641ce4ad82ff708deb96da3eb17
07531ee2-b6f9-4276-a990-c1345c7efc63,857729ef-02d2-4f70-a144-d2e9efdb893f,2886,9baedba2-7d8f-482a-91c0-53cf8f987158,2025-04-10,132,504ee710908c172508bd4481d046fbf0
2364ddfc-9c86-4337-8b85-a95ad1f9cea5,717fcab8-9707-4595-adca-fa8a50604ff7,4675,674d43e2-b564-4df9-83e0-08d8d378e820,2025-04-30,191,42a373d85b2168c56229ffe1fc522a58
54610f02-b5ac-4ecf-ada9-33d98197cab6,bc572b67-d528-4074-b373-01fff697aa44,4374,3412d299-a203-47c4-bde2-ecd5ef09fe58,2025-01-23,118,57f3cba7b004d38ee71a66c9abd180dc
ec28a8c3-8007-44d8-8981-5ec379297cc7,78441627-5dc8-4d21-9e7e-b5de61c1836f,4283,449e10e4-a998-443f-8f47-b8f5ce345a9a,2025-02-24,16,a4170541609fab60688d71d7d9578e45
0ed84a4f-329c-403d-b30f-5043d778902a,8d4a5b0f-e2b3-46f3-ac5c-02bb9758acbd,1191,9745ebde-bd1a-41e4-90f7-9d2cd2bda746,2025-01-23,181,d1c23be2dda9b27f4508f611ffd47917
d077f790-dec0-4d85-a887-dcb24b62f3f6,e6d7f390-e2e8-4324-b1c2-59686ed30bbb,1638,0db94890-c654-49b6-b76e-e535bc387855,2025-01-21,51,15b08cb7c54fa7464e197569a68e481a
2ba42808-75e2-44d6-a8dd-eccf7e20f665,725b146e-9cff-4fed-8c33-99a9b2cd8ebe,2053,545e803e-892a-4417-b123-bc3d2f548566,2025-04-07,25,bd184f82e142745e831e0a23fdab7ac3
6b27c3d4-4e74-4119-b792-4206c63ba0b1,284d0f6a-2446-4d78-9af6-8bbfe3c28a3e,2418,a87d51a3-8ba7-4050-a5ae-3c0e1e33ad7f,2025-02-08,148,433618cf0a68395adabbc36e48b3a9e2
bd3afae5-5973-498f-be00-6bb1b0cf3b83,65e9b285-9f58-479d-8730-79837ec6cd57,2939,35e27300-4661-4cc1-883a-60fcc46d1705,2025-04-29,36,ed07968b3623f3f4e0c9e101c07c31b1
f22fc7cc-3fce-43bc-b0fc-0af1ff7bbecc,6530f8be-a040-4aed-9783-8de932aa94c2,4603,035dca7b-d212-4a49-8f9f-3bd9aa44f0e6,2025-02-08,200,3217c4cc8e0c92e6f599459bc8ed0118
f328f067-57ff-4355-bb3e-8ee3b2eae49d,be98a698-ef0b-4a46-8429-f75187e63193,4598,7874faf7-fb69-4ae2-a738-b4c599358eeb,2025-02-21,70,6513bfd70bdc7eceb10e3db9e24c52c1
f4a4f9a8-4da4-48e2-b0a1-343fd6fd3e94,ace90f05-959a-4fd2-8ad5-f77517d06d70,2357,2d046cbe-43bd-402d-9b0c-0adb463c5111,2025-04-12,180,5236d92b8816804bfcb1d5a51ae9dc11
6ce9098c-ba16-42f7-9875-bcd7eb87b127,e6d7f390-e2e8-4324-b1c2-59686ed30bbb,3126,7874faf7-fb69-4ae2-a738-b4c599358eeb,2025-02-09,116,84e79c62d842235291ef26e7f76c8250
3794b426-0262-4d1e-8b48-52bf54e77c86,32f31366-6143-4aee-9e76-b793f1d31932,2562,9baedba2-7d8f-482a-91c0-53cf8f987158,2025-03-11,23,c69ad883272081db827b396e1817465c
8072fd05-25a7-4575-af9a-78ded8532074,78441627-5dc8-4d21-9e7e-b5de61c1836f,2059,82e03202-e75b-485c-a987-57c392f25f18,2025-03-21,168,86fe452cc201002eddd1d8945b390947
94fc08bb-715d-4fe1-bf62-5bad2a7d7fd0,5cfea3d7-c2f2-4735-a096-29154722be12,3630,035dca7b-d212-4a49-8f9f-3bd9aa44f0e6,2025-02-27,172,b43eadf5f7fa5fcc01bb284610870205
b29260a7-b923-458f-a94b-ebb56ff44a76,71a6f293-0c20-48fa-82d0-24f3ca01cdeb,3013,68a7d329-0366-49ce-986b-f2741f43d010,2025-02-01,160,f6c1975befd66bbd6022e821b08d32d0
18196c0f-3c8f-4940-a731-63e200e1729a,a5096009-d0b6-4426-8752-a273e8e85779,4943,82e03202-e75b-485c-a987-57c392f25f18,2025-01-08,195,60d7c04c177f5840b797e4a85fed4df2
ab068874-8f0a-473f-ad0a-11e17187b912,416412a1-3616-4692-af09-d48f4b258258,2410,35e27300-4661-4cc1-883a-60fcc46d1705,2025-04-17,55,4ce2ccc161515e35610c13f0d60c2bb2
e31760c8-100f-405d-86c3-97ac4b6d8306,32f31366-6143-4aee-9e76-b793f1d31932,611,e65aca15-c7da-4cf0-8f86-97057eb6e41d,2025-04-07,54,064458350eed18c619d10cd1d7bb87bb
f23d5f3d-a758-4755-b07d-e49b3f8d1300,f37a1345-4321-4733-b150-c6f4ef9ee640,4210,6396ee21-ad50-4b0b-97e3-d0b7ad2ab151,2025-02-10,106,21dfae898e5e52d70e047350518caaa2
2d2ad94b-0770-412b-8d27-4bd74e1d7296,65e9b285-9f58-479d-8730-79837ec6cd57,3511,0db94890-c654-49b6-b76e-e535bc387855,2025-04-04,152,c3c6c7a5135034cb0f986011f80d9138
8d0fd479-b97e-4efc-b477-3a3983a80bd8,d15f6ed4-f9b3-41d6-bd89-24154fc5aa0e,1066,754ca431-4c26-4237-a234-fb658c2226c4,2025-03-06,159,ec03653bf04cc3d9538a5bff896393c3
36e10a33-7f64-4335-84de-c6bb76ce6f94,d15f6ed4-f9b3-41d6-bd89-24154fc5aa0e,47,d3a44b3c-e1f5-44f7-81a9-2aabc2ee0469,2025-02-15,129,e47cb275a21001f6b15c25a762c518be
a1594c4b-fe6c-45b5-9bf3-fd1a91a6db96,71a6f293-0c20-48fa-82d0-24f3ca01cdeb,1269,0481f8c0-ef1b-42c1-b53f-512d8d8db267,2025-01-01,49,2944f81b6641a636f113ba2bc339ea53
bd3962e9-45a3-40a6-8da2-c194ede366dd,f6223b7a-d6fb-4ec5-a898-6f8c823344a4,4890,9745ebde-bd1a-41e4-90f7-9d2cd2bda746,2025-01-03,170,5fa6a7abb021d47e5f07dd7e998097e4
020b53ad-6e36-45ab-80e5-dfedfb212127,6530f8be-a040-4aed-9783-8de932aa94c2,2468,dea48fdc-5533-48f4-9d69-3e89b5fa379e,2025-05-11,156,261b4c904d205857c21e7821662de4fb
be9541e5-72cb-4c00-a507-15e19b755af3,bf188d08-b606-441b-b7b1-0735c36ba58b,2934,6410565f-b02b-4016-b97d-6d7f8710d655,2025-01-18,191,1bc0a42d2a6aa3c006168552a6c5bf3d
8fb0cbed-3e80-4801-b1bf-9845f30ed180,f6223b7a-d6fb-4ec5-a898-6f8c823344a4,4305,035dca7b-d212-4a49-8f9f-3bd9aa44f0e6,2025-01-22,57,c7ebd2843e75305c6155f4a73192e8ba
2f4470ab-4fcd-4ead-93b3-a4ffcd43d77c,bb37b5ed-dc18-44b7-a77d-ec3a62eae616,559,4df0f4bc-ed9c-4fcf-b4b1-bb6d648bbb21,2025-04-22,50,7431bc890692826986aa664d028dc39e
469f1273-011f-41b9-aa37-71fb301a329e,bc572b67-d528-4074-b373-01fff697aa44,4449,3c32b582-67e5-49c3-affc-7e44572ba0ae,2025-05-10,113,7bab6c22fe8b3ddbb8dd4087157e676d
660674ce-877c-4644-8fe0-411d9d589b19,5446b455-36c0-41bd-8330-d72404d16428,2863,035dca7b-d212-4a49-8f9f-3bd9aa44f0e6,2025-04-06,64,77f0c42d3cf66e6d7ee31cc649212f5b
dbff3d1d-51db-4cd6-af58-f3aaf46a3486,cae5b015-3829-4a48-ba22-40234800d730,2719,d3a44b3c-e1f5-44f7-81a9-2aabc2ee0469,2025-01-29,102,d95542c5a45734b75abb1957bb8eb495
9e6881c7-d585-447d-8a52-a59e32675ae5,725b146e-9cff-4fed-8c33-99a9b2cd8ebe,1790,68a7d329-0366-49ce-986b-f2741f43d010,2025-01-18,168,3c9dc4020fcea4e891b6c9b375e0e10b
e90e54f6-869d-493c-8560-7e73297d3e3e,bb37b5ed-dc18-44b7-a77d-ec3a62eae616,3891,9baedba2-7d8f-482a-91c0-53cf8f987158,2025-04-10,176,9cd0c42c2ac29cb97a9455528e97f265
b215f189-8c7a-4dc9-a268-8737c88a1f0d,78441627-5dc8-4d21-9e7e-b5de61c1836f,940,674d43e2-b564-4df9-83e0-08d8d378e820,2025-01-15,98,7fb4b379a30ba1a0ed8ea0ec361ee43f
ae9fec93-025c-4483-ac39-c6a156c5bca0,edbc5ad2-b988-4ec2-8df1-b3f017b20920,1969,50a26c10-fd86-4364-8549-75c2f73d6e74,2025-01-20,167,8fe3b7655cb8ce22031e983d46f35049
a3404a38-8030-4a5a-808b-463e648e1fb1,6530f8be-a040-4aed-9783-8de932aa94c2,1998,0481f8c0-ef1b-42c1-b53f-512d8d8db267,2025-02-19,184,4c7bdde749a1d0ef248f51020f3b71e7
e116687a-326e-491d-80d8-008043fcd729,f6223b7a-d6fb-4ec5-a898-6f8c823344a4,3125,6396ee21-ad50-4b0b-97e3-d0b7ad2ab151,2025-05-06,108,09b109b96d6ba8a22e822a1b23325aff
a9c60efc-73f6-4a68-80cc-8b6fbe0efa37,d15f6ed4-f9b3-41d6-bd89-24154fc5aa0e,4426,bc2a6082-d587-43ad-b368-78b70dcb5f55,2025-02-14,82,1e41d3e90f9971d1c51556e2b5a576b4
ced08717-2332-4c43-9295-6568700737d4,a8886235-f9dd-457e-b8bf-2541c29c8620,4235,bbcd1342-0d08-4318-ae1f-7e2ff8d83071,2025-03-30,105,ddd92c792d824a6b1ec28bcd7e955018
959b0aed-fb90-431e-8d24-b61b2fdc38d8,ace90f05-959a-4fd2-8ad5-f77517d06d70,4168,35e27300-4661-4cc1-883a-60fcc46d1705,2025-02-27,134,963e16134bd04fdce0db375df088400c
594d862c-8d30-496a-b2d9-9c42ad02a948,65e9b285-9f58-479d-8730-79837ec6cd57,2429,50a26c10-fd86-4364-8549-75c2f73d6e74,2025-02-21,59,2cd0c9fa0b3794ca7b16b8ea80ee053c
1e38d270-13d0-45e8-a52f-2e2d6ded3bfb,f6223b7a-d6fb-4ec5-a898-6f8c823344a4,4210,9074b54f-8c90-47bd-8850-d5995b99dfd6,2025-04-01,34,3894826ebb01c7372b23ddaee0b71386
c2a0e322-4b00-4188-b96b-946779032fd0,2d161670-8c69-4e18-a8fe-decce52732bd,4408,3c32b582-67e5-49c3-affc-7e44572ba0ae,2025-01-10,11,86cd9d005fa80d84a9fe5a6346528f81
4c6b6097-7bbd-47c2-b743-741f34d22df8,39e3f31e-86c1-4cd6-822b-bbf5e5b05672,537,a87d51a3-8ba7-4050-a5ae-3c0e1e33ad7f,2025-01-20,181,c34c2bd6d5aba1288369ca1f7d20fd7d
e4504a34-4906-49c7-b761-6ea46e84d0e3,39e3f31e-86c1-4cd6-822b-bbf5e5b05672,1747,5338a24d-bd24-49b6-80c7-ceb5d88d8923,2025-02-03,118,b8bb146dfb5d05b74cb991c902d67ad6
895ad66d-e782-4252-a726-484c3d2652e8,68dcee38-64e5-4110-8e1e-94d3cb77fbe1,1685,3c32b582-67e5-49c3-affc-7e44572ba0ae,2025-01-08,189,ddca73d50516c4c1b025ef9f3bc6ebc6
d0df62b6-c7c2-4a1b-b52f-708bef96c085,f37a1345-4321-4733-b150-c6f4ef9ee640,3566,50a26c10-fd86-4364-8549-75c2f73d6e74,2025-02-26,28,96c61e17a3b8386278f8db1644428e1b
f8cc7733-e373-4ba1-b1ac-3f18b33ed3f7,f37a1345-4321-4733-b150-c6f4ef9ee640,1260,681c4fda-26fa-44ac-9682-e052faf1d3fb,2025-03-11,127,35faed5bbf62eb0065b77dd3fc5c232e
eba619ea-b122-4db4-917c-1e2cbb1fcdc6,71a6f293-0c20-48fa-82d0-24f3ca01cdeb,2718,0481f8c0-ef1b-42c1-b53f-512d8d8db267,2025-03-02,32,3fca555769aa659d09d37f59cc13b5d4
56d0d263-17bb-449f-8e44-478da366ea53,80fefa0a-4f23-457d-a9b8-0a42d179e050,445,e65aca15-c7da-4cf0-8f86-97057eb6e41d,2025-03-24,74,27e2f34ea072d209fcd995468693a6fa
9c1d7b2d-c919-401e-8277-7625c2da1b0e,bf188d08-b606-441b-b7b1-0735c36ba58b,578,a3027ea6-3a7b-4285-9b82-5ab90b244a50,2025-01-23,68,4680931b36ba112b167e6733ef7d36b8
6f6b41ff-f69b-4dd5-a892-b5ad8258735c,d15f6ed4-f9b3-41d6-bd89-24154fc5aa0e,3340,7874faf7-fb69-4ae2-a738-b4c599358eeb,2025-01-19,125,2cc8c81b9c61755af091980e63a71248
2af156ea-49cf-44ac-b0bc-92057d816170,39e3f31e-86c1-4cd6-822b-bbf5e5b05672,3314,de0add2e-3497-444e-bd97-c641b5754d2e,2025-01-09,90,a63cfdb5cb903a2cea67c9f89ed0e97c
