StoreHoursID,StoreID,DayOfWeek,OpenTime,CloseTime,RowHash
45c70cdf-fd63-47b5-b236-de78826e439f,cacf17b4-cc76-4a81-a2a1-99b245d85f9e,Monday,08:00,20:00,0d09bc29a813135a0edc53328ee141f0
1e2e1c39-6e54-4406-8698-67699cb6bcd2,cacf17b4-cc76-4a81-a2a1-99b245d85f9e,Tuesday,08:00,20:00,18265a72c8701f3de2bbd5ab4b817b49
f87755ce-3857-4c75-adf6-9bea698f9f4f,cacf17b4-cc76-4a81-a2a1-99b245d85f9e,Wednesday,08:00,20:00,0bb60c2d7da645ea884699e28ebd8d48
7618db9b-9500-40ac-9bcd-07b1b3bc6f42,cacf17b4-cc76-4a81-a2a1-99b245d85f9e,Thursday,08:00,20:00,faec91b131904f83b44074120de6e8e0
27af8186-9286-4636-a910-0c69077d7d37,cacf17b4-cc76-4a81-a2a1-99b245d85f9e,Friday,08:00,20:00,7c9f03b6a10c1fab1c392ea6fd9c7629
3cfc7889-14ba-49a6-ac40-12f76b11d840,cacf17b4-cc76-4a81-a2a1-99b245d85f9e,Saturday,08:00,20:00,0d86276093a4440f1edd2cd69201dc6c
c4a80622-69be-442d-832b-01bbb3bd414b,cacf17b4-cc76-4a81-a2a1-99b245d85f9e,Sunday,08:00,20:00,5b5cb61094b8825cb0b9b8deb398a5bb
c7b083fa-c061-494b-9506-b81a3ef7d868,681c4fda-26fa-44ac-9682-e052faf1d3fb,Monday,08:00,20:00,19fc771224c72b8d4525096bcad368ac
b3ff0325-6199-4996-b653-af1e32173a8b,681c4fda-26fa-44ac-9682-e052faf1d3fb,Tuesday,08:00,20:00,813b3bc3cbe467ee0e4fab54d457fec6
9c82d78e-4ec4-4ace-8c10-6ae8649d1acb,681c4fda-26fa-44ac-9682-e052faf1d3fb,Wednesday,08:00,20:00,e6fd0425e44dae6c178c536c79b23b02
01d854a4-01f3-4bef-8294-7160b5a690dd,681c4fda-26fa-44ac-9682-e052faf1d3fb,Thursday,08:00,20:00,5d5cb60347794a36d9cb9e992c2bc245
569d92de-2fd7-4f1b-8e99-f99110134d70,681c4fda-26fa-44ac-9682-e052faf1d3fb,Friday,08:00,20:00,7456e54d5cef4b90bb4dd7810e43481a
101cb761-5f5c-49c7-919c-936eca6454c0,681c4fda-26fa-44ac-9682-e052faf1d3fb,Saturday,08:00,20:00,5886f25f5a8c922705f72c811e897ffb
9fbe40ea-53c3-4134-94ba-c951db710462,681c4fda-26fa-44ac-9682-e052faf1d3fb,Sunday,08:00,20:00,d52ef6d3dd3012b69d34e5038da8e80e
39877302-0a0d-4d52-a9e0-adfd4ec79bbf,0481f8c0-ef1b-42c1-b53f-512d8d8db267,Monday,08:00,20:00,be11b8f0e6775858b3c09ced3ef3f1fe
05ac6ce2-329d-46b0-bc96-c5bfdf5e7acf,0481f8c0-ef1b-42c1-b53f-512d8d8db267,Tuesday,08:00,20:00,34ca049e2f24bfccd9d21bb42e162f37
b4bf25af-03dd-48c2-b7a9-0b3593e36f88,0481f8c0-ef1b-42c1-b53f-512d8d8db267,Wednesday,08:00,20:00,131cc68545d56ee1394de4a462ca6a9f
f87a0d36-6c29-42a7-89dd-35d947cc7550,0481f8c0-ef1b-42c1-b53f-512d8d8db267,Thursday,08:00,20:00,e85df939e1e7efe16a31e96ae27a99a6
33ad1b9b-9a05-40d5-ab32-83c21ece8ee4,0481f8c0-ef1b-42c1-b53f-512d8d8db267,Friday,08:00,20:00,c7a1672f269e534ded9737d5ab8e32f0
e08d83a9-9f90-41a3-ab45-cecb07f3e1d4,0481f8c0-ef1b-42c1-b53f-512d8d8db267,Saturday,08:00,20:00,c1ce5e5ca02344addb1b8e00305495de
33a5d40b-d100-4d4e-8b47-94b2d975b9c9,0481f8c0-ef1b-42c1-b53f-512d8d8db267,Sunday,08:00,20:00,b52f119c68e61910706df18cdc3e7ac0
96e6c9a7-b718-4568-87bb-2bab963358e7,9745ebde-bd1a-41e4-90f7-9d2cd2bda746,Monday,08:00,20:00,c3698b263aca8409c2c7bab427235bd7
2083080a-30cb-45c6-a929-d0a64dc84f95,9745ebde-bd1a-41e4-90f7-9d2cd2bda746,Tuesday,08:00,20:00,a351e7fe1bbd510786e6a6069e0714ab
7a669c12-28a1-4591-afd0-31759a71eb74,9745ebde-bd1a-41e4-90f7-9d2cd2bda746,Wednesday,08:00,20:00,1eec1a6fa6ae14e6af58da8366159e72
b61e69d6-0c6c-42c9-be50-7732e1a7deae,9745ebde-bd1a-41e4-90f7-9d2cd2bda746,Thursday,08:00,20:00,23978524d161a284d696dd3cfdda0f05
d9520489-5841-4af0-96ee-c15a280fe7d6,9745ebde-bd1a-41e4-90f7-9d2cd2bda746,Friday,08:00,20:00,d9666b24a0275f8c2411f51f6333dd87
d7f959fb-7da7-4748-971e-2ac85f976e89,9745ebde-bd1a-41e4-90f7-9d2cd2bda746,Saturday,08:00,20:00,6cecc85e66bb2126c7729dc1cd243222
5307ded2-9f38-42c4-a8bc-601d1ceeed93,9745ebde-bd1a-41e4-90f7-9d2cd2bda746,Sunday,08:00,20:00,cb0bf287ab83ee47d03da6a8ed5938d4
c2ff0454-6946-463d-b82f-5bb94227a47c,6410565f-b02b-4016-b97d-6d7f8710d655,Monday,08:00,20:00,c4685b4759b6a7e52d28297ca7f0f15d
236c870b-0e84-4e1b-9389-607ed90fee93,6410565f-b02b-4016-b97d-6d7f8710d655,Tuesday,08:00,20:00,b60732892f9e06193512f12231e7492c
7a48ce05-1d04-489b-958e-7f1af3572bb1,6410565f-b02b-4016-b97d-6d7f8710d655,Wednesday,08:00,20:00,ca889e20ef9b98567c47ce5eb59e3798
157a6a07-e508-4c98-8f68-76dd12df0348,6410565f-b02b-4016-b97d-6d7f8710d655,Thursday,08:00,20:00,8b4c64d64a21401a97b7350b84619520
4e7e9797-a529-48e4-90c5-055e7c8f2652,6410565f-b02b-4016-b97d-6d7f8710d655,Friday,08:00,20:00,c3e666a9482363159564d22aa8dce87c
8dfeef87-184c-409d-9c75-84826c22a834,6410565f-b02b-4016-b97d-6d7f8710d655,Saturday,08:00,20:00,8e6cab20b763a204e940abd27599f944
4b3d1fd5-9a06-4da8-9ab4-8981d40c5b2a,6410565f-b02b-4016-b97d-6d7f8710d655,Sunday,08:00,20:00,c80837eef04daeac750041f8d63967ee
e59a6f4e-641c-47f4-a064-189281a13d54,9074b54f-8c90-47bd-8850-d5995b99dfd6,Monday,08:00,20:00,9f409cad1ba51632a264b5dfa51e895d
fa050a3f-559a-4df9-b768-2ebfbdd6011f,9074b54f-8c90-47bd-8850-d5995b99dfd6,Tuesday,08:00,20:00,c9ca26bc1f18ca5dd68e7272f4206343
e813389b-04c1-4532-be65-96dc1b900bd0,9074b54f-8c90-47bd-8850-d5995b99dfd6,Wednesday,08:00,20:00,847929c0da2f0e0327b51b8633e3f219
d9f0457a-e414-401f-b5f5-d794cc6ac06a,9074b54f-8c90-47bd-8850-d5995b99dfd6,Thursday,08:00,20:00,7e244dc0b22b9166ec5dc06fdb185081
306f349a-2010-4221-9347-2f583742557a,9074b54f-8c90-47bd-8850-d5995b99dfd6,Friday,08:00,20:00,4a9d69f6b2aa34c242941f5759a2bf06
34b6c3c0-6da9-4e79-b252-5a6d75a34cfb,9074b54f-8c90-47bd-8850-d5995b99dfd6,Saturday,08:00,20:00,7d3117c3cb80b001c91432deb4942f98
e11284f7-89c1-45c6-9cea-18aeddfdea7c,9074b54f-8c90-47bd-8850-d5995b99dfd6,Sunday,08:00,20:00,3d08ef932866d224e67a883a1d881fc3
281cafbf-c905-49ae-8795-9df6b80c9c77,449e10e4-a998-443f-8f47-b8f5ce345a9a,Monday,08:00,20:00,acafe9e29f36d93d8a6ff36ba1b0e7c3
a5b5bca6-8edc-4353-91db-88c18ebd4590,449e10e4-a998-443f-8f47-b8f5ce345a9a,Tuesday,08:00,20:00,67d620d3c4c4e529d29e95b641c08ce2
9e131a54-d733-4fb0-9e7f-3f4e6ef0163f,449e10e4-a998-443f-8f47-b8f5ce345a9a,Wednesday,08:00,20:00,53d81c5774e65155984d10d1cd819504
1809e0ec-08ba-4f15-9f7f-79ab9894c7a7,449e10e4-a998-443f-8f47-b8f5ce345a9a,Thursday,08:00,20:00,d5803677207c7ab10cfb7af722f0bd0a
9c49edb0-6c99-4e6f-8091-a63642b9ef87,449e10e4-a998-443f-8f47-b8f5ce345a9a,Friday,08:00,20:00,f158f81b9533c4ed05583665a159ed03
0d9fc654-4ed2-4b56-85d5-53e7d4814303,449e10e4-a998-443f-8f47-b8f5ce345a9a,Saturday,08:00,20:00,1ddc9a7f047a323710a44ca99c02919c
1dc80fb1-3fd9-4149-99c8-7a11853a4540,449e10e4-a998-443f-8f47-b8f5ce345a9a,Sunday,08:00,20:00,f5c93b53512b52aa6c9cf1e3a23518c8
7321dc33-d9b4-4e23-89aa-db55ed15729b,6396ee21-ad50-4b0b-97e3-d0b7ad2ab151,Monday,08:00,20:00,0686b6a87cd4eec9428a0fb6fefac7ea
892f9b09-1180-4635-9390-00951ab25979,6396ee21-ad50-4b0b-97e3-d0b7ad2ab151,Tuesday,08:00,20:00,2847edce622a842cdd8d3ec1f32def86
5fb1de6f-bfe8-43df-bbf7-013791c7a63c,6396ee21-ad50-4b0b-97e3-d0b7ad2ab151,Wednesday,08:00,20:00,922695c416a99196bc875f8a2a3efdee
b2ec53b8-c327-4fcb-8538-62d118cb70f1,6396ee21-ad50-4b0b-97e3-d0b7ad2ab151,Thursday,08:00,20:00,a1163da551593b643788112dc3ca8db7
00fe5961-2ce4-48f4-83a7-bc65459717e0,6396ee21-ad50-4b0b-97e3-d0b7ad2ab151,Friday,08:00,20:00,d767ec8e9122b1c9fb7a796a45988fa3
be918333-a04d-4465-8d04-2fcccb45bfe9,6396ee21-ad50-4b0b-97e3-d0b7ad2ab151,Saturday,08:00,20:00,3a28afb960040249f5d0fb0ec3765b09
76c4586f-ed1f-44dc-879b-dd32c6220990,6396ee21-ad50-4b0b-97e3-d0b7ad2ab151,Sunday,08:00,20:00,2023d22a6f39ea9d663d26be1af4978c
69e126b3-a9eb-4577-8ff7-3a6abc5b6497,128c966a-64f4-456d-9fd0-3d628c9d517a,Monday,08:00,20:00,4f5a3352dab8c69e6d954767b24e7b8f
37732522-b55a-49bd-b2a1-0bc03e219599,128c966a-64f4-456d-9fd0-3d628c9d517a,Tuesday,08:00,20:00,29115f65d524097c563bbcace334a012
fe00bd6a-8fc6-4418-8b9e-313da450fa1c,128c966a-64f4-456d-9fd0-3d628c9d517a,Wednesday,08:00,20:00,7ca68f07037620170fb79e45b6260c04
becf8806-24eb-48b0-8497-16fade581d83,128c966a-64f4-456d-9fd0-3d628c9d517a,Thursday,08:00,20:00,ecad90d79ce0f4730a5ecc70b228a554
ed17f296-1051-426c-8924-5e4a23148de0,128c966a-64f4-456d-9fd0-3d628c9d517a,Friday,08:00,20:00,9cc312d087081b1bfba7e481cb685c79
e0af701f-ef13-4c01-97a5-ff5d5cc4c43d,128c966a-64f4-456d-9fd0-3d628c9d517a,Saturday,08:00,20:00,c3cf9ac9a34a3beed4dd66cafc8a15af
88090372-092d-44c9-b308-b4b946b42497,128c966a-64f4-456d-9fd0-3d628c9d517a,Sunday,08:00,20:00,b40a6e8a48c4c239b5a041fc525d815c
e1b1bffd-0e65-4035-801a-ba91298717c4,545e803e-892a-4417-b123-bc3d2f548566,Monday,08:00,20:00,7ae42b33bb730f086810fce56c84a816
bbed7574-8461-419c-b026-fcc55180a639,545e803e-892a-4417-b123-bc3d2f548566,Tuesday,08:00,20:00,a275ab82e84be755cee1740dea1609bc
a8d749ad-130f-4dcc-8654-208e57c7f5ee,545e803e-892a-4417-b123-bc3d2f548566,Wednesday,08:00,20:00,4c371e582c70604d19ab05613cd7d1af
9afd3bab-c6b9-40f9-9a31-87ca0afd1c1f,545e803e-892a-4417-b123-bc3d2f548566,Thursday,08:00,20:00,8628e3e70c6a36785b1a9bc3414a49e3
ffdefa9f-5668-4035-9c47-50f194fb14de,545e803e-892a-4417-b123-bc3d2f548566,Friday,08:00,20:00,5fb700bce69859d27eca51aa38c85718
f0e59dc2-c7b9-44c9-9551-1b4df43ed0e3,545e803e-892a-4417-b123-bc3d2f548566,Saturday,08:00,20:00,b103c0c4bffb9a2eae5b7fdaf91cbee3
7d82c4a6-9058-4520-8505-7fe680f73cf6,545e803e-892a-4417-b123-bc3d2f548566,Sunday,08:00,20:00,51299369a7ad75940967eeb9220c0bfe
19bc96f0-1813-444e-9c9c-a96c8b40e9d3,754ca431-4c26-4237-a234-fb658c2226c4,Monday,08:00,20:00,0e8b00d3aebe24240cba7f269793e625
f2688a35-2bb2-41e4-a126-62f1111649fa,754ca431-4c26-4237-a234-fb658c2226c4,Tuesday,08:00,20:00,3ea8ba83acebb4ff1f97bb39c352b104
a2e14221-e8b3-42bd-8a77-d0b72e4c7b17,754ca431-4c26-4237-a234-fb658c2226c4,Wednesday,08:00,20:00,0af5e33b332018386d85eb6f6aef4dc3
de2db659-b12e-4116-ba65-c71f629d3003,754ca431-4c26-4237-a234-fb658c2226c4,Thursday,08:00,20:00,b144063cb0f7f15fbd352d9151e2b547
575af830-80e8-4348-a358-384dd0bb6dd1,754ca431-4c26-4237-a234-fb658c2226c4,Friday,08:00,20:00,795b1f506cacebb333605dcfb7453c35
4567f886-5e11-408e-9b47-fdc2354386f9,754ca431-4c26-4237-a234-fb658c2226c4,Saturday,08:00,20:00,6e80b237b8f554c41ea6afe21c8bbca7
a39d215b-d0ff-46f5-8e6a-897a91009cca,754ca431-4c26-4237-a234-fb658c2226c4,Sunday,08:00,20:00,ec3ad082b19dda9cc78455c46551b595
063b2852-0508-456e-889e-7b25f087fa2e,e65aca15-c7da-4cf0-8f86-97057eb6e41d,Monday,08:00,20:00,2bd608d89e0a0cc87ca53982cbd07b72
7b9cf06b-83f4-48d8-a8fb-dfdb51dd730a,e65aca15-c7da-4cf0-8f86-97057eb6e41d,Tuesday,08:00,20:00,ced39e476e5354404316124b50cbc6e0
7fe6a456-45ac-44e5-bfb8-2c648fcb940d,e65aca15-c7da-4cf0-8f86-97057eb6e41d,Wednesday,08:00,20:00,9452cf4b7e8e931f2cc62e3ae9c487ee
d21eb699-03fd-4d02-a597-24c686f25fc0,e65aca15-c7da-4cf0-8f86-97057eb6e41d,Thursday,08:00,20:00,f503cd00543d144800bf0c6e58bf083a
9ab81848-4333-4eba-9330-ef86ca5c623e,e65aca15-c7da-4cf0-8f86-97057eb6e41d,Friday,08:00,20:00,3686f249688c53cfe9c425de4349ceff
c60d23db-cc74-4ddd-a1f1-4d0c82b74d56,e65aca15-c7da-4cf0-8f86-97057eb6e41d,Saturday,08:00,20:00,f2107855942cda6fc29802f33ff46ab4
05fa0841-3d96-4ad0-b273-617e02777dbf,e65aca15-c7da-4cf0-8f86-97057eb6e41d,Sunday,08:00,20:00,d0e756a13c307ef12c4d31f1ef81a88f
25ff46ba-f55b-465d-97a3-5c0623f7bc4f,82e03202-e75b-485c-a987-57c392f25f18,Monday,08:00,20:00,938c396cd5202ca8e30453599d7415cd
43590e64-e6ee-45fb-9214-2deca1044a99,82e03202-e75b-485c-a987-57c392f25f18,Tuesday,08:00,20:00,7854bc9fe02b9e5e1c6bf0848c8866df
6a517711-f4c5-415e-9b33-482c67e9352c,82e03202-e75b-485c-a987-57c392f25f18,Wednesday,08:00,20:00,7a2a9a90d105ab845d9c2343459b624d
a4201a63-c8b6-4310-b623-a9ea4deb5ece,82e03202-e75b-485c-a987-57c392f25f18,Thursday,08:00,20:00,3a1e8c224a43d087a2a9a5a0337ef279
eb130b7b-d046-49b8-8aa9-bb3199a3cbcc,82e03202-e75b-485c-a987-57c392f25f18,Friday,08:00,20:00,3764c946fafb332969c2e4284c68939f
bedde65b-1e76-4b8e-bdcc-4dae8aa651e7,82e03202-e75b-485c-a987-57c392f25f18,Saturday,08:00,20:00,462259afa06c3818554440bdd771f4f5
344f2933-adb9-4f6d-8f2b-8f1782d1b1da,82e03202-e75b-485c-a987-57c392f25f18,Sunday,08:00,20:00,98b2e9440eb8654db7330e708998368c
be38b79a-1c70-44ba-b6ae-cfe0e9c4f028,a87d51a3-8ba7-4050-a5ae-3c0e1e33ad7f,Monday,08:00,20:00,10a02c47e7fa0d8963f7d796823c502e
30346665-93a9-4d37-9b7b-7f2677b5a3f7,a87d51a3-8ba7-4050-a5ae-3c0e1e33ad7f,Tuesday,08:00,20:00,12e6985d6e86d86361e143022c5e5f5d
b38b1cb9-6cbc-4065-919c-4783d77095cb,a87d51a3-8ba7-4050-a5ae-3c0e1e33ad7f,Wednesday,08:00,20:00,70a8385bea1c494204390620d9fb9cb0
6d6a7503-2d79-4fb8-be9e-7d6c0f079cad,a87d51a3-8ba7-4050-a5ae-3c0e1e33ad7f,Thursday,08:00,20:00,39af1e0ca823df3497fb51b871b211d1
f203e240-7a75-454a-882a-f96de98bd015,a87d51a3-8ba7-4050-a5ae-3c0e1e33ad7f,Friday,08:00,20:00,143b11368c352911c534c6741d3c2486
f5c8beb7-da51-43a2-837f-2f27263a92e7,a87d51a3-8ba7-4050-a5ae-3c0e1e33ad7f,Saturday,08:00,20:00,dcd3a529b62403f7463b7fbc4b9dd22d
cede1f11-9e04-4d0d-8fef-274ce8f92027,a87d51a3-8ba7-4050-a5ae-3c0e1e33ad7f,Sunday,08:00,20:00,6c5a0ed86ff8a3c9a49b2a8995f3638a
4afed9b7-c079-414d-bf66-b34d2bdcbd6b,035dca7b-d212-4a49-8f9f-3bd9aa44f0e6,Monday,08:00,20:00,ce84572fdceb281f331932f9ff237238
dded9efa-3737-41ef-8fdd-461c4f7835f9,035dca7b-d212-4a49-8f9f-3bd9aa44f0e6,Tuesday,08:00,20:00,0b4957c406c2cb0a44ba95a8c31fc4d3
7e87e49d-68ac-4fc4-be3a-6e029630e5f4,035dca7b-d212-4a49-8f9f-3bd9aa44f0e6,Wednesday,08:00,20:00,2191e32089dac49f5e80142643fdf53b
31694a39-1023-4a0a-b6ce-4e7887a6bf59,035dca7b-d212-4a49-8f9f-3bd9aa44f0e6,Thursday,08:00,20:00,ee49b528b3091b625a1da1a3051326b0
10151cb7-1106-4d37-b1a6-4b3254a1818f,035dca7b-d212-4a49-8f9f-3bd9aa44f0e6,Friday,08:00,20:00,61200ff2322d286f2642eb3d1371fbf7
6ce7c2f3-5c8b-467a-a34c-2ae27954ff3e,035dca7b-d212-4a49-8f9f-3bd9aa44f0e6,Saturday,08:00,20:00,9b5085f28b4c0f620b7d1623c8aff947
9ee8dd6f-1eaf-4171-9fc8-4383a7a952c9,035dca7b-d212-4a49-8f9f-3bd9aa44f0e6,Sunday,08:00,20:00,016ca53b40e55966eca429d026bd3e5d
a7c4c317-efa3-4210-a410-604710769ab2,57b082e7-cf0c-4a8d-978e-d3dea718b8c4,Monday,08:00,20:00,167e9c3716ab9508d9ac54c2afcfa728
7a0ba001-3c71-419d-b58b-00b9b65dccf3,57b082e7-cf0c-4a8d-978e-d3dea718b8c4,Tuesday,08:00,20:00,62de140475461882f86f73a513217013
a0628cd2-fed7-4c9e-bbd8-68a9a1b31267,57b082e7-cf0c-4a8d-978e-d3dea718b8c4,Wednesday,08:00,20:00,eefcbc7157b6b8fde8b1e56c212e2b02
3d12165c-164c-4d0d-b9c8-6139b7e11b21,57b082e7-cf0c-4a8d-978e-d3dea718b8c4,Thursday,08:00,20:00,a8014c9bba94f5576931bb0e5d03e436
2fa81494-2303-4433-96ae-b0c9b343ad02,57b082e7-cf0c-4a8d-978e-d3dea718b8c4,Friday,08:00,20:00,3f24e9e1ceb969fdf26b1f34ced3810f
2b16fea5-6714-4fa1-909e-7a9039705990,57b082e7-cf0c-4a8d-978e-d3dea718b8c4,Saturday,08:00,20:00,f08ca4511c38008555975255188d170c
4399ee56-eaf1-42e0-b866-0f6d064e3f26,57b082e7-cf0c-4a8d-978e-d3dea718b8c4,Sunday,08:00,20:00,e73818ce975d7fb4fcfe7f22b8ee104a
d7bbf7fe-d4df-49ee-a854-e16dd0ef284e,576ca2ee-5c98-4032-8085-4a11312f9e78,Monday,08:00,20:00,34112ce2a036a6f912d2170b45a72897
9bdfcf77-143a-4c0d-aa19-599ffb3e7dc3,576ca2ee-5c98-4032-8085-4a11312f9e78,Tuesday,08:00,20:00,5ab64232c5e9d46dab2b539626c1d86e
427307e7-a527-4018-9974-6fc26cdf0fad,576ca2ee-5c98-4032-8085-4a11312f9e78,Wednesday,08:00,20:00,2a821313fdde3a4cea7b031123b95f11
bdc8cfbe-558d-4ab0-b508-afb12a51a63c,576ca2ee-5c98-4032-8085-4a11312f9e78,Thursday,08:00,20:00,4f82950db0c4c656329b04bf4f340809
48340d00-fbdd-43eb-baca-74ae8a11b06c,576ca2ee-5c98-4032-8085-4a11312f9e78,Friday,08:00,20:00,ad4bf48bccb082904db7d998f1fa9b02
de641134-f1cd-48b8-8879-449440a9d6ff,576ca2ee-5c98-4032-8085-4a11312f9e78,Saturday,08:00,20:00,e679a02df2ece1fa222f54caa61dcaca
478ad495-7638-4f54-845d-949c6347062f,576ca2ee-5c98-4032-8085-4a11312f9e78,Sunday,08:00,20:00,9f5518d23575b07c2c1611db87c942b6
d9a3da5f-13ec-4583-ac78-6ac5296bbe57,0db94890-c654-49b6-b76e-e535bc387855,Monday,08:00,20:00,7b16c0ca5b7ac082e1701e5a99f8a011
56a1775d-2c7c-4f2d-a672-ff664eef3af7,0db94890-c654-49b6-b76e-e535bc387855,Tuesday,08:00,20:00,08b1b7c2457662aa99bf61017997e3c9
098b9169-5e4b-4205-b095-5bce3ee2d08f,0db94890-c654-49b6-b76e-e535bc387855,Wednesday,08:00,20:00,78e4ef518f35973eb100d55f271be045
6a1f97eb-0cdd-4866-9c4b-a9605edc6582,0db94890-c654-49b6-b76e-e535bc387855,Thursday,08:00,20:00,f4641ac14f53b37e42604e1e68e5fcb2
39ead4d5-06b3-4856-bcee-aa5e7cde180d,0db94890-c654-49b6-b76e-e535bc387855,Friday,08:00,20:00,dae8d4d1d54bedb0299bf50cc386be2f
97697912-cf22-4ee2-b1bd-2c79aa091fce,0db94890-c654-49b6-b76e-e535bc387855,Saturday,08:00,20:00,03a3021002e096817cb78e55cb2d3447
ceea5902-597d-472a-93c0-ecc69f7f61d0,0db94890-c654-49b6-b76e-e535bc387855,Sunday,08:00,20:00,ff9b9c9c8e11ce301db8e80a84af33cb
688c0672-a880-4c15-a4cf-0364f7ff020e,3412d299-a203-47c4-bde2-ecd5ef09fe58,Monday,08:00,20:00,c1fab8e0146abd563ca890be6a539922
7c99b9bb-fa6c-49e6-8d93-c453313de18e,3412d299-a203-47c4-bde2-ecd5ef09fe58,Tuesday,08:00,20:00,529033540757941f1644616c9ad63014
8d92bf1c-654d-411e-90d5-938c86e971e7,3412d299-a203-47c4-bde2-ecd5ef09fe58,Wednesday,08:00,20:00,392c429437eecdd7a79039b2494f2856
9084d44f-4364-4e30-b489-a512e384397f,3412d299-a203-47c4-bde2-ecd5ef09fe58,Thursday,08:00,20:00,ea83c95aa2b8acb3850a208d10e6d5f8
0db04327-e5f0-4f81-ac40-ebe58b4358f5,3412d299-a203-47c4-bde2-ecd5ef09fe58,Friday,08:00,20:00,29426d142042807d73d3d9d32d77c651
eef7d7bd-44b8-4a5e-a251-7f1641cc186d,3412d299-a203-47c4-bde2-ecd5ef09fe58,Saturday,08:00,20:00,3ba4120601870fd20beacdc461333aab
edad2872-6c78-4736-939c-8907c3c36459,3412d299-a203-47c4-bde2-ecd5ef09fe58,Sunday,08:00,20:00,a66a0cd325a7e1e63122b5781193ca30
550c2ca4-3081-4ffd-b191-49742149cf0d,b8877c9b-300e-4619-9c17-285548f42c1a,Monday,08:00,20:00,5103227d74ce9dcb8c0840f61875fb96
6bff7660-7366-488e-86df-6cbc22390a11,b8877c9b-300e-4619-9c17-285548f42c1a,Tuesday,08:00,20:00,84c531e0faac9a3709158a3a8a5d3387
32fb2853-154e-4e9b-beef-d0824d182f29,b8877c9b-300e-4619-9c17-285548f42c1a,Wednesday,08:00,20:00,0bdbe95bd5e201556cc88c524f5441a3
a63a6c06-d91e-446a-8869-3ab356664047,b8877c9b-300e-4619-9c17-285548f42c1a,Thursday,08:00,20:00,2cf80b3963e8c6d46aa7ab1e653dcab9
c80f59bd-b76c-419b-a7f7-34b1d1c4a885,b8877c9b-300e-4619-9c17-285548f42c1a,Friday,08:00,20:00,4a186f0c1b5a9a1855d71ff687be1da6
a747d0ae-341e-433f-becc-21313f5d17d0,b8877c9b-300e-4619-9c17-285548f42c1a,Saturday,08:00,20:00,56d52ca7cbb37d5b8ed17bb0d8d7278f
2593bfdf-c67f-4162-b432-e9a3e20b7b5c,b8877c9b-300e-4619-9c17-285548f42c1a,Sunday,08:00,20:00,68653ee7302d8eec513c9bbd8760d2d3
2cfd93a8-348e-48d4-9ce4-d3c626aa6b18,d826fea5-d663-4b8b-a010-a7b330fd9922,Monday,08:00,20:00,99940d72717a69b12503c556c957ad40
382f81ba-1516-428f-a115-6555d1b9b5ee,d826fea5-d663-4b8b-a010-a7b330fd9922,Tuesday,08:00,20:00,6c44b77817941caac55c245703d27af9
25b8509d-8040-43a1-a6fd-80c0493eaa85,d826fea5-d663-4b8b-a010-a7b330fd9922,Wednesday,08:00,20:00,3522563d590ee49f6f133b5ae015d8ee
7ba77798-0548-4913-8ef4-b9a486a4b140,d826fea5-d663-4b8b-a010-a7b330fd9922,Thursday,08:00,20:00,c9a1dc7e178cf4e8c75a74a7e51a9686
b9bcd3ef-edc4-4f52-87de-1ffc20f0c115,d826fea5-d663-4b8b-a010-a7b330fd9922,Friday,08:00,20:00,cf7390024d9da34f1f29890df5448af1
4d38efa4-c205-4864-a082-4118fd8e320c,d826fea5-d663-4b8b-a010-a7b330fd9922,Saturday,08:00,20:00,f67b0e7a51a0492a9e40e1c7484a4604
ae1fcf28-ebc9-4282-b46a-8eeec8149b1b,d826fea5-d663-4b8b-a010-a7b330fd9922,Sunday,08:00,20:00,41aabdd5882ed1ff38b66006caf43fe1
0ce5daaf-602d-4b78-a314-4353d168f8fa,d3a44b3c-e1f5-44f7-81a9-2aabc2ee0469,Monday,08:00,20:00,53df881c29f54699b7fd7e7b7e952824
879084a6-4888-45f0-911f-90896ee5ae35,d3a44b3c-e1f5-44f7-81a9-2aabc2ee0469,Tuesday,08:00,20:00,847c3179feadfa7ab599aefa86f549b8
628e2427-5e33-4329-b66c-76aaa1f1cc5d,d3a44b3c-e1f5-44f7-81a9-2aabc2ee0469,Wednesday,08:00,20:00,af174f9fb15a7f1c060345fc5ce966b5
31a4ef16-4991-43df-a19b-9b73d93ac2ad,d3a44b3c-e1f5-44f7-81a9-2aabc2ee0469,Thursday,08:00,20:00,6592bc095b5aa219bfdbb4effb2f18d7
a72a0a9c-5ff0-44b6-8284-4582e5e78ce5,d3a44b3c-e1f5-44f7-81a9-2aabc2ee0469,Friday,08:00,20:00,148127b59baddd61c3b5f7b92cc8152e
b34256ee-2128-441c-8368-4f93c77ead34,d3a44b3c-e1f5-44f7-81a9-2aabc2ee0469,Saturday,08:00,20:00,1f14f2bbd3b1842cf883f733b61a6fd3
d6f06c9c-3e08-42d7-81c8-6e2583d8644a,d3a44b3c-e1f5-44f7-81a9-2aabc2ee0469,Sunday,08:00,20:00,8f8432b682cd63183dd2dd0909081bdf
1abd4709-cbd5-4a6a-9ea8-19cb4f14d8da,2325976b-ebd3-4af4-ab95-cf6c75dd167e,Monday,08:00,20:00,31c76ab3e1fae8c5bcfda0549e9fa7c9
6b702a6d-d382-4395-b9a8-37d906753a89,2325976b-ebd3-4af4-ab95-cf6c75dd167e,Tuesday,08:00,20:00,09e42b85a219facd0d63036f443021ca
0d386cc9-91d3-44eb-a618-c7aa097c96ec,2325976b-ebd3-4af4-ab95-cf6c75dd167e,Wednesday,08:00,20:00,797bcbcce30176a01c797dcd43cb8d21
022ead4e-eb38-4beb-ade6-cc152926b53a,2325976b-ebd3-4af4-ab95-cf6c75dd167e,Thursday,08:00,20:00,4c5e2c6cee7a21fe499123460d7de2a4
35f7f4f0-c834-47c0-896a-b1bd41155ee4,2325976b-ebd3-4af4-ab95-cf6c75dd167e,Friday,08:00,20:00,765179e15dc45909ec216f80814e078c
756107a2-f1a2-4b91-92cf-d63094012f3c,2325976b-ebd3-4af4-ab95-cf6c75dd167e,Saturday,08:00,20:00,53cb8eac9001e3d60e0371c2ee456686
a42134b9-f9a7-4b13-bb6d-95ddc0740e3f,2325976b-ebd3-4af4-ab95-cf6c75dd167e,Sunday,08:00,20:00,baba9cad0ce526e19a988676ec5eca02
e05c75b4-590b-4d8a-a4b7-993010131d44,066320f6-15d5-4240-b39a-1d9697acf693,Monday,08:00,20:00,a8121c44cd4e32deb1e9ad7d4af0ab5f
900053fe-2b9a-4dfb-b688-7e0e3929100d,066320f6-15d5-4240-b39a-1d9697acf693,Tuesday,08:00,20:00,6bd3e58739cca8828c78be129f861cd1
e7f862c1-5443-44b3-9532-0aeae7312e57,066320f6-15d5-4240-b39a-1d9697acf693,Wednesday,08:00,20:00,e0b21613ff31b8a39b29650e38312764
d90978b9-2e3a-4d13-82a6-96e448049b2b,066320f6-15d5-4240-b39a-1d9697acf693,Thursday,08:00,20:00,4da9fe8825fa7c52732440820951eab4
51d7afb5-f871-49b7-9517-7e0f337d7500,066320f6-15d5-4240-b39a-1d9697acf693,Friday,08:00,20:00,18675952ce9256ae8a21446aa1c63802
6bf2a6c5-8afd-435a-adfd-7ad2116079f6,066320f6-15d5-4240-b39a-1d9697acf693,Saturday,08:00,20:00,9a9b0d724ebc3296db30de275b6e69c3
cc7ea482-cc93-472c-a86e-ae5c30a14c03,066320f6-15d5-4240-b39a-1d9697acf693,Sunday,08:00,20:00,2b848405be7613654fbe2ec52bb7f4c6
ae18e71d-2fc1-4184-bcee-4beab0a1ca75,7874faf7-fb69-4ae2-a738-b4c599358eeb,Monday,08:00,20:00,0a2cfd6fe1f6989f5e39940fe35ec35a
82485d15-4842-494b-ac47-8f0d5d450810,7874faf7-fb69-4ae2-a738-b4c599358eeb,Tuesday,08:00,20:00,a9f9fb29ad3a9b13c193e8862019b30b
1713dd06-9dfc-4e09-a20b-1e4fe36061b6,7874faf7-fb69-4ae2-a738-b4c599358eeb,Wednesday,08:00,20:00,0a2968a8fcc6b3527cf54cc4ea2da01c
4dc68d61-7498-4c53-9d18-ed31a30e356c,7874faf7-fb69-4ae2-a738-b4c599358eeb,Thursday,08:00,20:00,3381d9fc9025fe078cdfc19333eb3026
32276c41-1766-49b2-91b9-2cdc08c033a9,7874faf7-fb69-4ae2-a738-b4c599358eeb,Friday,08:00,20:00,6800831ed902838c30f4cf634aac0442
90b95ade-b6dd-40dc-8af9-fd8a0a3773ef,7874faf7-fb69-4ae2-a738-b4c599358eeb,Saturday,08:00,20:00,90fc91b6fbbc105b484c151b52e6b43d
1ffa8bc8-0b1e-4076-a170-7fe58ab560c5,7874faf7-fb69-4ae2-a738-b4c599358eeb,Sunday,08:00,20:00,15f5e16b40e35a4d6c212e0c96ec4dae
e62c41cf-5d1a-4a8d-a660-262c9e72c7e7,bcffdf26-2889-4b0d-929a-8e779c6e851b,Monday,08:00,20:00,62cf4ed127f78ae18d63cd755ad4cf87
e2ac21a8-1cdf-41a2-b863-443ef6f4dea4,bcffdf26-2889-4b0d-929a-8e779c6e851b,Tuesday,08:00,20:00,12a7bcb235a49e48a1d822ce7213dc18
c5c053f0-bef3-410a-aa85-4f9c524c2a52,bcffdf26-2889-4b0d-929a-8e779c6e851b,Wednesday,08:00,20:00,b0c8a4327e58789c996cc8c97fe2f635
49db85ec-4bbc-40fb-b92a-c53b7a21b762,bcffdf26-2889-4b0d-929a-8e779c6e851b,Thursday,08:00,20:00,47da3a3b872b20c03d31b533eb793907
cef86492-09b1-4746-9c60-d2a82cd5eca0,bcffdf26-2889-4b0d-929a-8e779c6e851b,Friday,08:00,20:00,01b41380e96144c8227df73424f1e261
cf9518af-8ebe-48af-83bf-9c51772aaadf,bcffdf26-2889-4b0d-929a-8e779c6e851b,Saturday,08:00,20:00,19f5190b777b9cde7b73fc23481b0696
ce0f46b9-7ab1-4c68-b815-53326edd4d6e,bcffdf26-2889-4b0d-929a-8e779c6e851b,Sunday,08:00,20:00,1192d66578f44e160e217e092a07c292
d43885a2-fcab-42f5-8dad-c332940710b8,21a2cafc-d878-40bb-a232-e14e9eda02f3,Monday,08:00,20:00,2321d5f014d60fcb74bf5632fd065101
a093ab4e-12a6-464f-b76c-e2aae7922b47,21a2cafc-d878-40bb-a232-e14e9eda02f3,Tuesday,08:00,20:00,b3b468bcdfc228cdcfda70c0c11002c5
f5092164-c2c0-4048-aad3-2e086aa04dde,21a2cafc-d878-40bb-a232-e14e9eda02f3,Wednesday,08:00,20:00,84b3487b14feaaba3f7e0b07db5b652d
0d57c91a-42ca-4de3-a362-07e07fb13403,21a2cafc-d878-40bb-a232-e14e9eda02f3,Thursday,08:00,20:00,ed570c1ea705ec6a95e3cb55b7283106
81262ebc-5ea6-4c9b-8b8a-cc94519141f2,21a2cafc-d878-40bb-a232-e14e9eda02f3,Friday,08:00,20:00,c8adc7933c898fe7a9da9585602efb01
000da010-c860-437b-9bb6-382c72054977,21a2cafc-d878-40bb-a232-e14e9eda02f3,Saturday,08:00,20:00,1e81aef4bf02db32dee4895e43539dc8
9dae34aa-abf6-4d79-83d9-d5adce8df3a8,21a2cafc-d878-40bb-a232-e14e9eda02f3,Sunday,08:00,20:00,f06bcd3a1f13755e12ea8cac09d30374
40a2c8ae-e944-4bbf-bc8f-b7e8e2bbf97d,de0add2e-3497-444e-bd97-c641b5754d2e,Monday,08:00,20:00,419f27a655e9fe3e5eed2fad07c068c0
56d0c75c-14a0-4783-a19f-6657bffe1a8e,de0add2e-3497-444e-bd97-c641b5754d2e,Tuesday,08:00,20:00,4a24a64bb287dc68ae6684bca5626257
b64cb447-a1eb-4c26-b97d-257dfd9c818d,de0add2e-3497-444e-bd97-c641b5754d2e,Wednesday,08:00,20:00,3bb833b99b1154f392a7530e81de625d
da39331f-f8ff-447d-87bc-27707ca01e17,de0add2e-3497-444e-bd97-c641b5754d2e,Thursday,08:00,20:00,3879153f6c132ba74cd32b9b2447e1c6
27be27f4-94db-44e2-85ba-04a0c07b7d7a,de0add2e-3497-444e-bd97-c641b5754d2e,Friday,08:00,20:00,8bf58ddf19f1f0c9aa80bce604b34167
0e5618bd-772f-4d13-bb53-fba4ef8abc3f,de0add2e-3497-444e-bd97-c641b5754d2e,Saturday,08:00,20:00,ef7b05e5aeac98f3412c456dc64a727e
7147a9cb-9e49-447a-97b5-07b283a15308,de0add2e-3497-444e-bd97-c641b5754d2e,Sunday,08:00,20:00,4e9dfaf7ab19d21626b00d0829c41833
5485a3e1-a91b-48c4-8321-f0e68c210619,35e27300-4661-4cc1-883a-60fcc46d1705,Monday,08:00,20:00,da0a29000b577c61c3927688b4714e38
36a4ce16-a1d0-4333-9e38-e48bd2013c4f,35e27300-4661-4cc1-883a-60fcc46d1705,Tuesday,08:00,20:00,82e229c41f6e2d33a41e3ac70ef9e65f
8ee060ac-53d7-47ac-aa4d-0b84df2aa07b,35e27300-4661-4cc1-883a-60fcc46d1705,Wednesday,08:00,20:00,3599dc0740348aa6acaa510dfc4d0bcf
b4c3ee0e-9dfd-4d95-9b29-223e3fb5d3ba,35e27300-4661-4cc1-883a-60fcc46d1705,Thursday,08:00,20:00,bd0c9572274383cdbf3c0768d7534dbb
d6a93e6a-0cf9-47e7-8ca4-0b6125293d8e,35e27300-4661-4cc1-883a-60fcc46d1705,Friday,08:00,20:00,0b9f178cd8501618cc7710a267ace36e
ed313d5b-1e2c-4242-9625-79e951da7d85,35e27300-4661-4cc1-883a-60fcc46d1705,Saturday,08:00,20:00,5501a5b14a71459210529a705594240f
4b06ac9c-30df-4f28-b227-9b7e7dcb0b80,35e27300-4661-4cc1-883a-60fcc46d1705,Sunday,08:00,20:00,70a842e17dc7c68083d09ef0691fc602
0582c0ec-d8da-46bb-8447-b69097b74ba1,4043f2fd-ddb7-4123-94b1-704bb06dbec6,Monday,08:00,20:00,51d5e746bcb6b2e2592ced1e9e357a18
a84c7e31-acd0-453c-aaaf-ac82c8ed85b9,4043f2fd-ddb7-4123-94b1-704bb06dbec6,Tuesday,08:00,20:00,586d89e7ab3c0adb9e2512e01245c839
46c3067e-c46b-4972-9343-272e04813364,4043f2fd-ddb7-4123-94b1-704bb06dbec6,Wednesday,08:00,20:00,71695058dd6a17fec8de0f32b559aaf7
039429df-0f0f-47d2-8968-40c2f86db6ee,4043f2fd-ddb7-4123-94b1-704bb06dbec6,Thursday,08:00,20:00,6b2c3f41d9930e09d7c4e2cddccaa3c1
0b74d7e2-271b-4e0e-b29c-86407c3f5cdc,4043f2fd-ddb7-4123-94b1-704bb06dbec6,Friday,08:00,20:00,89cf1c19cf95913f917892ccb2a0f2e7
4a7f4c77-9031-430f-8a01-a5276af5ffff,4043f2fd-ddb7-4123-94b1-704bb06dbec6,Saturday,08:00,20:00,e7370a3e1c713a20ee171ed8444e346c
9866ea0d-3625-4cf2-921f-c4c1f0e48b46,4043f2fd-ddb7-4123-94b1-704bb06dbec6,Sunday,08:00,20:00,af2a1591380782e8ad385307a094079f
51542815-fd18-4f1e-b810-3a54934b1dcb,c8a6eaf0-cf95-4b23-9b68-cf0190892dda,Monday,08:00,20:00,ff0542d3d3d0b7e96712b202ac94a785
d10363ca-4d83-4188-9f89-1a3c54ed659c,c8a6eaf0-cf95-4b23-9b68-cf0190892dda,Tuesday,08:00,20:00,a4869bc96e756aaaeea37c4fd5c4bca2
8f533d6d-7010-42fb-9b11-0956d788567a,c8a6eaf0-cf95-4b23-9b68-cf0190892dda,Wednesday,08:00,20:00,6ca650722078bd34eb8f368816ebb53b
f48f339f-b743-4c71-91ad-90d0890dc9e0,c8a6eaf0-cf95-4b23-9b68-cf0190892dda,Thursday,08:00,20:00,5acec6f5918ad13b888cae7bb568105e
8426d05c-a4b0-47e1-8aaa-1d5f708bc8c7,c8a6eaf0-cf95-4b23-9b68-cf0190892dda,Friday,08:00,20:00,59ee7d3b235e87fa302d187528e4f081
4744f312-60d5-4d00-808f-4d76e15be213,c8a6eaf0-cf95-4b23-9b68-cf0190892dda,Saturday,08:00,20:00,60b97da22029eeb64c35d0366204dfa5
d0a96ecf-4da4-43f9-8564-b0cf873e6223,c8a6eaf0-cf95-4b23-9b68-cf0190892dda,Sunday,08:00,20:00,27b920d0928503c6d3eff7af9df98c89
ebd0b78f-0979-4bf1-9ce1-05605914228c,dea48fdc-5533-48f4-9d69-3e89b5fa379e,Monday,08:00,20:00,f5d531c10934262ca6bfa4665a65d4bd
88e18987-8341-4dd8-bb69-141fffd46f5c,dea48fdc-5533-48f4-9d69-3e89b5fa379e,Tuesday,08:00,20:00,bb954dffd6133a8bf1dfc7d86b3e4336
89eb0277-f7c4-425a-87fc-4ed6feb232d6,dea48fdc-5533-48f4-9d69-3e89b5fa379e,Wednesday,08:00,20:00,4fd354f611990955c26ea16e84e2daa5
30e4f036-d8db-4250-9b28-ba7e4e98fb37,dea48fdc-5533-48f4-9d69-3e89b5fa379e,Thursday,08:00,20:00,684bf31af52b1f0f473da4924308d2e1
6051df98-5d75-4b97-8107-c7f6ed2d90d7,dea48fdc-5533-48f4-9d69-3e89b5fa379e,Friday,08:00,20:00,aa9d6a98389c2d290f002c559a109563
76fd3f44-9d27-44e8-b84c-5769f0c74db8,dea48fdc-5533-48f4-9d69-3e89b5fa379e,Saturday,08:00,20:00,c6665017570eb563a545ed6305a6a4e6
2df69901-c58a-420b-a3c1-be4cc1a7f1e8,dea48fdc-5533-48f4-9d69-3e89b5fa379e,Sunday,08:00,20:00,7c1f1fa3b5eebd04aa4ecae95e44be4b
5729509b-963d-4bf1-ab19-a5596546916e,4df0f4bc-ed9c-4fcf-b4b1-bb6d648bbb21,Monday,08:00,20:00,736c65d5732b88f93d7bf18117d89c7c
574b9fb5-32dd-453f-a548-88330a44134d,4df0f4bc-ed9c-4fcf-b4b1-bb6d648bbb21,Tuesday,08:00,20:00,aa02c93bd2d39a038139463100a34a34
327585e9-2221-4db8-a82b-92be0b197b0c,4df0f4bc-ed9c-4fcf-b4b1-bb6d648bbb21,Wednesday,08:00,20:00,5a0c3cc50068031d8b7c574ea87c93d6
9a4543b8-a2dc-40a5-a5d6-0efd99796854,4df0f4bc-ed9c-4fcf-b4b1-bb6d648bbb21,Thursday,08:00,20:00,cecaef71e2d2fc0d57e6aa8482a3fdee
1d0c72c5-ff75-4968-ad0e-9ffe19f1479e,4df0f4bc-ed9c-4fcf-b4b1-bb6d648bbb21,Friday,08:00,20:00,174dceac3a3eef04ce573a56241fd75a
754d7492-7da3-4a4d-9c1f-5f4c140b78be,4df0f4bc-ed9c-4fcf-b4b1-bb6d648bbb21,Saturday,08:00,20:00,e97f59547e02bc1397325cb88fe27b3c
dbcd438c-f6cf-417f-afe9-7d542c0206e9,4df0f4bc-ed9c-4fcf-b4b1-bb6d648bbb21,Sunday,08:00,20:00,078832f7d091c976fa4ec52674f59a01
da62c413-6963-47bc-9205-0666676d03d0,a412573c-b3f6-4108-9682-f95775c56a2b,Monday,08:00,20:00,15309467f3496966f44fdde613fbc84a
fa412f58-23e4-4b15-a044-97ace0152ccf,a412573c-b3f6-4108-9682-f95775c56a2b,Tuesday,08:00,20:00,a08a7d2d4a4860f54ed18159aa760493
57f61bdc-40ad-4ba1-82b5-a398e3fbdd06,a412573c-b3f6-4108-9682-f95775c56a2b,Wednesday,08:00,20:00,cd87aefbe92d811e652a2befcc0b22fe
6860f937-f19c-4e4b-ae60-d59f9674bd47,a412573c-b3f6-4108-9682-f95775c56a2b,Thursday,08:00,20:00,afa58df64d8dcd441ce82e4a9ca76f45
b2163531-6d5f-47b5-aea1-1939265fb33f,a412573c-b3f6-4108-9682-f95775c56a2b,Friday,08:00,20:00,bee0906b1eed978a722e67ed4f152ab0
dd4c7815-5475-4b86-b0a2-7f11f87dcf4a,a412573c-b3f6-4108-9682-f95775c56a2b,Saturday,08:00,20:00,29058888e0df32a87df6c1047cbcda71
ebb212be-bab0-482c-b3c4-8d74a0903fc0,a412573c-b3f6-4108-9682-f95775c56a2b,Sunday,08:00,20:00,dbad3f4a86b1feaa857a124a6c00127c
1eb305b5-8608-4aea-82a4-5c1120da8338,3c32b582-67e5-49c3-affc-7e44572ba0ae,Monday,08:00,20:00,e04cde80780c50a1451864cdb37fa5f0
87a96f37-33ca-4d7a-bbb0-a990cd48bd61,3c32b582-67e5-49c3-affc-7e44572ba0ae,Tuesday,08:00,20:00,f055cac4335e21ec20d4327211c92fa3
73ef372f-7595-4549-adbb-855086e3ff90,3c32b582-67e5-49c3-affc-7e44572ba0ae,Wednesday,08:00,20:00,c7bc74906a8d10c2c9f8d34345773fea
e1e6df1a-e7fc-4cf4-9d65-8c8c5fdf6eed,3c32b582-67e5-49c3-affc-7e44572ba0ae,Thursday,08:00,20:00,78dec27223961bc7c4eac5e52e0317ba
32761962-4210-46f5-b883-05bb6ae7a01f,3c32b582-67e5-49c3-affc-7e44572ba0ae,Friday,08:00,20:00,42d46788f3197bc5e2a41703462ba262
b1f1f9ac-32da-4369-9781-d92510257768,3c32b582-67e5-49c3-affc-7e44572ba0ae,Saturday,08:00,20:00,4cd442a25be10a7ff059519134de4acc
99deb71d-e333-44cd-97a8-016b482d55d9,3c32b582-67e5-49c3-affc-7e44572ba0ae,Sunday,08:00,20:00,b8929291e55b981dd45e6ae6f671625a
f71e8af0-6250-46ba-a2d0-a0c4c40ac89c,9baedba2-7d8f-482a-91c0-53cf8f987158,Monday,08:00,20:00,d7d0ef59002d0ead3fca6d496ebf77a7
37f71d46-1ee5-4934-8f24-bd8ac4b5aeea,9baedba2-7d8f-482a-91c0-53cf8f987158,Tuesday,08:00,20:00,57efd3e3e15e785ff178fa69af1f03c5
e227c49c-bdf2-45b1-9cd5-d4af2976613e,9baedba2-7d8f-482a-91c0-53cf8f987158,Wednesday,08:00,20:00,d99d3d25e2ee1d532fdd0578b138e1ef
c360950c-3e03-4036-b0f4-36cb01603885,9baedba2-7d8f-482a-91c0-53cf8f987158,Thursday,08:00,20:00,40e8a3d01cde0947186ed51bb6021185
ead4e8ef-a586-484f-a87a-11a1c48a6b65,9baedba2-7d8f-482a-91c0-53cf8f987158,Friday,08:00,20:00,39f494bdc2c8390dd88ab274a168a72a
590ee294-4998-4e07-88dc-46a1da586895,9baedba2-7d8f-482a-91c0-53cf8f987158,Saturday,08:00,20:00,6fb91e01bee785172054ae44b51f0c9e
63ee1899-c95e-4a2e-bcb8-902620338e29,9baedba2-7d8f-482a-91c0-53cf8f987158,Sunday,08:00,20:00,ac8ad855e07744d11bec608c09592e8a
c60eb445-1498-473c-af95-b44ffa54b8aa,a3027ea6-3a7b-4285-9b82-5ab90b244a50,Monday,08:00,20:00,0aaf339d9bd136562fddc9146ed018fe
80484b04-ae5d-4e0d-a4d9-cad64194eec2,a3027ea6-3a7b-4285-9b82-5ab90b244a50,Tuesday,08:00,20:00,288a09f1ebc517021646aba4678e55a6
b3416a20-21d2-4c13-ab2f-85849c1508fc,a3027ea6-3a7b-4285-9b82-5ab90b244a50,Wednesday,08:00,20:00,2a206b3fdefa974178b523086e11051a
569fd9d5-d34a-41ad-afe7-4762b180c149,a3027ea6-3a7b-4285-9b82-5ab90b244a50,Thursday,08:00,20:00,3e712b93313f5ac90366a12b9b774428
c936ba66-30b5-4093-a986-b81f6cc3b78e,a3027ea6-3a7b-4285-9b82-5ab90b244a50,Friday,08:00,20:00,92b5964b50e26eb14d3636db94fc2ea3
6aec1605-7d76-4802-b5f9-8548c13b240a,a3027ea6-3a7b-4285-9b82-5ab90b244a50,Saturday,08:00,20:00,732070bbe307a0b60fe5a54db35c7c99
73a3cdee-f71b-4a40-9ee8-35ebf831502d,a3027ea6-3a7b-4285-9b82-5ab90b244a50,Sunday,08:00,20:00,07e0b676c155c8e87560e0735b1d0c6d
eb6b4bdc-b717-4939-85f5-82803d2b46aa,1424c333-ef79-42af-bcf5-5d41521a0e9b,Monday,08:00,20:00,dcdb1b5ab769b3e2bf4c0aecce8051d4
91c6da2f-5293-46cd-881c-9c5e3bfd45c8,1424c333-ef79-42af-bcf5-5d41521a0e9b,Tuesday,08:00,20:00,d9e0d1d5e646ad0e973fb5c4e165df6a
8d082119-99b1-443b-a1ba-c278592e0f04,1424c333-ef79-42af-bcf5-5d41521a0e9b,Wednesday,08:00,20:00,b0bb106aef2a9b6b269b7fe7e161562f
25867ca2-1ad2-4151-a89e-da0a21c055b2,1424c333-ef79-42af-bcf5-5d41521a0e9b,Thursday,08:00,20:00,b7004dd48bed28ed2a13dac13ff08ec8
7c1ee3fd-86b3-45db-ba3a-946bcdff3328,1424c333-ef79-42af-bcf5-5d41521a0e9b,Friday,08:00,20:00,906581ef13b13846fb28d71f1289759b
e691406e-f88b-4de3-9ce2-5f6286ce82a4,1424c333-ef79-42af-bcf5-5d41521a0e9b,Saturday,08:00,20:00,92bb76552ee21f12c0375d65a8b6617a
a6e4a483-2cdc-4599-a7ec-f11f6e390a74,1424c333-ef79-42af-bcf5-5d41521a0e9b,Sunday,08:00,20:00,d81762076b883b00f5e81f8de873ad53
974b6a5d-eb0a-46bd-b16a-7f74ace6223e,adfe1367-c650-47bc-ab26-c65be37eb483,Monday,08:00,20:00,5859df68dae5971456382d2200adeef7
c5a9863d-7436-4885-8da9-17caa40b4230,adfe1367-c650-47bc-ab26-c65be37eb483,Tuesday,08:00,20:00,91d3c7e6f891b1f031c9250814fc504b
632a2a91-b1c3-489d-8fb9-b96fd07793dc,adfe1367-c650-47bc-ab26-c65be37eb483,Wednesday,08:00,20:00,26a738207c88abe3b48eb8dc91588e18
743986a4-5da6-4f7d-8f0d-0c5e775980dc,adfe1367-c650-47bc-ab26-c65be37eb483,Thursday,08:00,20:00,d6980533d7559d09e392901d1806d09d
b9159443-d1c8-457f-8cc7-ecfd0bef1ccb,adfe1367-c650-47bc-ab26-c65be37eb483,Friday,08:00,20:00,0d1866281ccca239e01d4ffc2518d1ac
f3202c3f-372a-4bdc-9150-33994f62f228,adfe1367-c650-47bc-ab26-c65be37eb483,Saturday,08:00,20:00,445735f5bf26d88e325bdc9e6f0c266a
449af54c-47ef-442a-a68f-e344d33d071d,adfe1367-c650-47bc-ab26-c65be37eb483,Sunday,08:00,20:00,cf54c19b0ab6feaa582ec8464f28d20e
e555dbbd-b9f3-41f0-ab5e-b9a122999e1b,17fb2169-7a01-4654-8005-9db3d086ba75,Monday,08:00,20:00,a32285873016d8e5663ee9b4d017a67e
3625650c-3fc6-43a1-8453-20b3e8a42221,17fb2169-7a01-4654-8005-9db3d086ba75,Tuesday,08:00,20:00,b63778ba31edfc7634108a929c088934
e8b93c86-09ea-473f-913a-88caed76eb5c,17fb2169-7a01-4654-8005-9db3d086ba75,Wednesday,08:00,20:00,c155ed653f6edd47ca62e0d6161c50b2
94a0dff8-2d5a-4bbd-8e10-321a3fc90bc7,17fb2169-7a01-4654-8005-9db3d086ba75,Thursday,08:00,20:00,ff71823cffab9715fc2f2d6a1c12bfbc
f692ee8e-6b32-47fb-a1bf-1a70fbd31ddf,17fb2169-7a01-4654-8005-9db3d086ba75,Friday,08:00,20:00,46c83990063ed955ba331fc919bba986
af2a29fc-ef13-48f1-95bd-32c3cf6eb7fa,17fb2169-7a01-4654-8005-9db3d086ba75,Saturday,08:00,20:00,a5ea0971503cd08395649d6237bbb449
869f4414-43de-47c9-9365-1e2f4e970896,17fb2169-7a01-4654-8005-9db3d086ba75,Sunday,08:00,20:00,d24ed0b1483f3faeb367c854e0e2695e
dd76b09a-8b41-4206-b0c5-69587eb5896c,d44227f2-ae3a-4cf8-9728-df324b9ca0e4,Monday,08:00,20:00,f9126b69ea3706a39bc0e75ac87c6cda
d8d374fa-140c-4c74-85a2-ff7319f94f90,d44227f2-ae3a-4cf8-9728-df324b9ca0e4,Tuesday,08:00,20:00,a5d1e0ed2d9a92dfe1b743daccb9740f
11bc555c-67a1-44ee-a13b-18aaef6c4076,d44227f2-ae3a-4cf8-9728-df324b9ca0e4,Wednesday,08:00,20:00,9ba4c054430599aac10607d694548b91
9aaa73af-f29b-4784-887b-00bd8412eaf9,d44227f2-ae3a-4cf8-9728-df324b9ca0e4,Thursday,08:00,20:00,041c8d348419b8bc97ae751a783a4a7b
63837531-213f-4f4b-bf91-ac9f425425cf,d44227f2-ae3a-4cf8-9728-df324b9ca0e4,Friday,08:00,20:00,323826fa77d2ca841135e756fba6c51d
3bd0d350-198d-4de3-90a5-2a16585b164e,d44227f2-ae3a-4cf8-9728-df324b9ca0e4,Saturday,08:00,20:00,69b1cfb57c75e53b7666be2526d770b8
0d06bed9-bc01-47fb-96c1-9a514846f52f,d44227f2-ae3a-4cf8-9728-df324b9ca0e4,Sunday,08:00,20:00,90d8d96b9bf28fb190b1ed583b6eb39c
ae98fadb-7e0e-4dfd-88bf-75fb8102839c,50a26c10-fd86-4364-8549-75c2f73d6e74,Monday,08:00,20:00,88d268484c1c9f5529faa406344c768c
23cc85fa-7241-400f-b39a-cf11d7cdd775,50a26c10-fd86-4364-8549-75c2f73d6e74,Tuesday,08:00,20:00,a1106d8b987d8a1e6099dee699aa486c
94628c60-c80f-4d84-8f65-c20efee42c21,50a26c10-fd86-4364-8549-75c2f73d6e74,Wednesday,08:00,20:00,a7d3d03e2aee8d1bfbbafabeac5c68f9
74a3dac4-e6b4-473b-b5b6-cc2a75350cb4,50a26c10-fd86-4364-8549-75c2f73d6e74,Thursday,08:00,20:00,45ebdf342f97b3f84723fa106a145e7e
7d159125-f65d-474d-b651-24f2db33484a,50a26c10-fd86-4364-8549-75c2f73d6e74,Friday,08:00,20:00,a4ba2dd21d94ed6848af97a0e374b254
6d12eaca-cb7e-4daf-9d66-cd10a42d775e,50a26c10-fd86-4364-8549-75c2f73d6e74,Saturday,08:00,20:00,733b46e088a9a84b25a06bd9d57ae083
9d89b937-a98a-4ea6-a0e8-104efaa66be6,50a26c10-fd86-4364-8549-75c2f73d6e74,Sunday,08:00,20:00,1e3bb59ef1e90d5e73aab897187ba85e
5b365327-2634-463b-8ec1-865943a68c0e,674d43e2-b564-4df9-83e0-08d8d378e820,Monday,08:00,20:00,e35a96800257fddd75bd67edf5d91bc4
f3b3959a-e52e-41e6-b212-9d2c47079e6b,674d43e2-b564-4df9-83e0-08d8d378e820,Tuesday,08:00,20:00,6bf8811653e2b41eefa4bd5fc72ba17f
76a77f16-a481-4bcb-a5a1-bdc6bf97dcf6,674d43e2-b564-4df9-83e0-08d8d378e820,Wednesday,08:00,20:00,6fe35eb83199e0ee47ff2d8b53603da4
16e6cef3-ce58-46c1-8249-1723424b3228,674d43e2-b564-4df9-83e0-08d8d378e820,Thursday,08:00,20:00,cea0189c0f25e8d68d7f6c9596c8dc7c
a3fac050-6c3d-44ca-9e60-1132adb804a4,674d43e2-b564-4df9-83e0-08d8d378e820,Friday,08:00,20:00,866acef82555b3e4a0cbde612b0fc1ad
b5277edd-0ac5-480f-a0ce-4452e13d4038,674d43e2-b564-4df9-83e0-08d8d378e820,Saturday,08:00,20:00,18768d1e0965d7a206222d3dff84c265
d1217f48-af81-470b-970e-14a74afc3a74,674d43e2-b564-4df9-83e0-08d8d378e820,Sunday,08:00,20:00,b3ff26a3c4cf320fe27d3b454ca4db1b
b311a76d-d057-4e31-8dbf-82247fc1d1d5,5338a24d-bd24-49b6-80c7-ceb5d88d8923,Monday,08:00,20:00,f4b0bbd72926986f738dce332bc5b86f
0581d5a6-a5eb-4f6a-95d1-fb092f7ecb9e,5338a24d-bd24-49b6-80c7-ceb5d88d8923,Tuesday,08:00,20:00,7b4c9a0c0098e853e17922d82b7082f6
cec9b79c-8b1f-40f5-9318-44ae87f08558,5338a24d-bd24-49b6-80c7-ceb5d88d8923,Wednesday,08:00,20:00,0cc7d32258c5f5c1c7486c186bf4dbe2
89941ec5-f5fa-40e8-b1fe-caffbde62438,5338a24d-bd24-49b6-80c7-ceb5d88d8923,Thursday,08:00,20:00,f26979d13a11d95c158f6c4e5e950830
7d310760-8ca4-43f6-92e3-892f628aa44f,5338a24d-bd24-49b6-80c7-ceb5d88d8923,Friday,08:00,20:00,ca50d0c7ea4b1931557e210a64849b45
ed14346b-ab2e-4ce4-9859-7be643a93874,5338a24d-bd24-49b6-80c7-ceb5d88d8923,Saturday,08:00,20:00,f2362fa031188acf9051f7d4faf3fbbc
36569073-44a3-4e51-b4a7-d01df2371f26,5338a24d-bd24-49b6-80c7-ceb5d88d8923,Sunday,08:00,20:00,798569213db58b2a2cda87941fa3c206
1537796b-fb8e-4047-8600-7168be49135d,2d046cbe-43bd-402d-9b0c-0adb463c5111,Monday,08:00,20:00,701351820c357af5185a74e25ec24974
5dbd14ba-77fd-4a9d-a6f6-eead4fa3cc70,2d046cbe-43bd-402d-9b0c-0adb463c5111,Tuesday,08:00,20:00,e1fe71464d7b929c40600de950f52de9
48832b88-ad41-43c5-b6cd-c1686f83f2e3,2d046cbe-43bd-402d-9b0c-0adb463c5111,Wednesday,08:00,20:00,d62d23bdcc0c25ff7574e7ec994d61bc
f854eb0b-fb24-4d95-8a4b-c02f7c6855dc,2d046cbe-43bd-402d-9b0c-0adb463c5111,Thursday,08:00,20:00,84e33cbcabde0c15c8a2333f88c65e5a
3b63ea23-c277-4f04-8d40-71cd499dc736,2d046cbe-43bd-402d-9b0c-0adb463c5111,Friday,08:00,20:00,916df0f6721270934c8b171138136b9d
a5772e05-c9fe-4d19-ab55-f94949b8f721,2d046cbe-43bd-402d-9b0c-0adb463c5111,Saturday,08:00,20:00,6d8275dfbed9cc8e7359b13f471c2bd6
e773b168-26f8-40d3-bf95-f6d7ec573c5a,2d046cbe-43bd-402d-9b0c-0adb463c5111,Sunday,08:00,20:00,971f90fc1ea54ad213931422e1aef309
046c1cd4-5902-4403-a5c4-1b177bf0240b,876d3f78-e0fd-4ed9-94e2-95f1f49a6678,Monday,08:00,20:00,e2a704e8807a43c1f1b32ac04e1abb4e
8a92c31a-f60c-4ab0-be81-d36625e7259f,876d3f78-e0fd-4ed9-94e2-95f1f49a6678,Tuesday,08:00,20:00,db10c343ec19d98eb1d11b17a9f15990
4bf64bd6-52de-453c-8f9c-ad4bdf2f35e7,876d3f78-e0fd-4ed9-94e2-95f1f49a6678,Wednesday,08:00,20:00,8201286ad478b63dfdcf628d5bad33b4
ed642fa8-570f-4a4c-8040-4bc16d5ac949,876d3f78-e0fd-4ed9-94e2-95f1f49a6678,Thursday,08:00,20:00,7201beac9558411ec257e5adc018872b
354d4e0f-349b-4d14-a53c-617d9c730194,876d3f78-e0fd-4ed9-94e2-95f1f49a6678,Friday,08:00,20:00,dbd40d7798f8d5a62c6e987a27973a79
ee2de031-d453-4e82-9a38-81d339aa9a25,876d3f78-e0fd-4ed9-94e2-95f1f49a6678,Saturday,08:00,20:00,2b5f7d78e4b9018731617184ff9e9ca2
0c2cea20-1f99-47f7-a9d9-d1dfca5cceb9,876d3f78-e0fd-4ed9-94e2-95f1f49a6678,Sunday,08:00,20:00,b44c24ea5cb783d29e56146a3cb8b646
b3092383-7175-4b58-84cd-74c9ab5404a2,bc2a6082-d587-43ad-b368-78b70dcb5f55,Monday,08:00,20:00,cb10d306c43ab0034316d89ad7c461c2
9b3d863d-eb95-40fb-928e-330b2a3366f4,bc2a6082-d587-43ad-b368-78b70dcb5f55,Tuesday,08:00,20:00,dd6dc998d184077cb53e346553806f4a
9e72cb8a-5342-4a93-acd6-cc6d55275530,bc2a6082-d587-43ad-b368-78b70dcb5f55,Wednesday,08:00,20:00,4ca3e20ba02193f298aac67f4cb71878
6cb65a0c-fa34-484c-a74f-77167bf2c7ae,bc2a6082-d587-43ad-b368-78b70dcb5f55,Thursday,08:00,20:00,e8c80d2a92bd63cecc388e3331096888
79efd958-bf00-4c49-8c11-fe21d724394c,bc2a6082-d587-43ad-b368-78b70dcb5f55,Friday,08:00,20:00,7992bcd9613be76a08aa44facf8c291e
b238eb00-093f-4fd3-b061-e2096871ced8,bc2a6082-d587-43ad-b368-78b70dcb5f55,Saturday,08:00,20:00,7e7047b07516db5811946083d6c82847
489c952b-3df8-4b08-8f23-58c6a6d3dfa6,bc2a6082-d587-43ad-b368-78b70dcb5f55,Sunday,08:00,20:00,5a69eda8041e47bafb3656d40a5917d5
a33ff3c2-ac9e-474b-9886-0c985ebe55ad,01adb8ae-ae19-4b3d-805f-5485251f2e61,Monday,08:00,20:00,4c0b3fbed841da525b47ce00350e4b54
df324439-97f4-4ef2-90f3-f43f8fb6b98d,01adb8ae-ae19-4b3d-805f-5485251f2e61,Tuesday,08:00,20:00,d6088f2e24a671115da31d006e415a36
898919ad-fe63-40cf-86b3-378b0accabc9,01adb8ae-ae19-4b3d-805f-5485251f2e61,Wednesday,08:00,20:00,5273fae768cefccf4895bebc82d74823
8e1630d9-a664-43e3-ac4f-4c5e87df228b,01adb8ae-ae19-4b3d-805f-5485251f2e61,Thursday,08:00,20:00,497a21be08c00786235e39f3ef56b8d9
ec823bf3-4a63-40af-9a1a-3f78a9f70410,01adb8ae-ae19-4b3d-805f-5485251f2e61,Friday,08:00,20:00,30c81ab41a35c67c36e2aab9e1350514
39827dd3-9ce3-471f-b020-ff5839c7c70a,01adb8ae-ae19-4b3d-805f-5485251f2e61,Saturday,08:00,20:00,b74572b05bf132eb54bb2319e1817572
62e53ef7-f90d-4a53-ac6a-69b3f72735e5,01adb8ae-ae19-4b3d-805f-5485251f2e61,Sunday,08:00,20:00,3ded716bda662354ac42186ad6d6cf85
5da4719b-9157-49c7-b781-b1b1876a48e8,68a7d329-0366-49ce-986b-f2741f43d010,Monday,08:00,20:00,768f14855e861cfbb6b1752371aa1e56
6fa6cfec-a890-42da-8559-afe2e9f1b44b,68a7d329-0366-49ce-986b-f2741f43d010,Tuesday,08:00,20:00,9c9cf8e2b7be7552c86494f5cfc317de
2e5b4205-537f-441a-9f2a-ffd6eda3344f,68a7d329-0366-49ce-986b-f2741f43d010,Wednesday,08:00,20:00,1e3b8d2b3b6ad1ea63730692886426be
ed1f0cdc-d0de-4249-8d37-b422cb89b0f9,68a7d329-0366-49ce-986b-f2741f43d010,Thursday,08:00,20:00,fc463040b8eaaf23140c4271bfb3444d
ab9270c1-0e5e-45ce-8747-d637b4b1cdf5,68a7d329-0366-49ce-986b-f2741f43d010,Friday,08:00,20:00,980e6889773602e3cebd8b6a32da8c25
2ee162cc-80fe-4bd9-939b-fe143c634fe5,68a7d329-0366-49ce-986b-f2741f43d010,Saturday,08:00,20:00,7187beb7ff2fed6a2819b1ebf1b8b093
ceb23d9c-8563-4cf9-84b0-8473714ce583,68a7d329-0366-49ce-986b-f2741f43d010,Sunday,08:00,20:00,f69e7b1bebaa952da1498af8afcab3a3
3ccd6884-45af-4b74-aeb8-dbd8a6f71aaa,bbcd1342-0d08-4318-ae1f-7e2ff8d83071,Monday,08:00,20:00,6744746c0f17212c36e5a8c8041b7b2b
d10c023c-a684-4067-a2f0-688078f0cebd,bbcd1342-0d08-4318-ae1f-7e2ff8d83071,Tuesday,08:00,20:00,c62a8a5ada7f88793c184e80d8eef81d
c759aa6e-e51f-4858-8b8a-93951baac407,bbcd1342-0d08-4318-ae1f-7e2ff8d83071,Wednesday,08:00,20:00,9096f0e4c6b2151f3451a739a6204dcd
0ce4573a-95e6-41a8-a297-e6717b7bf4d0,bbcd1342-0d08-4318-ae1f-7e2ff8d83071,Thursday,08:00,20:00,74d5aca0a93a5e273245499dd85ef7a8
99f42343-c611-4f95-b8db-afd2683ccfcc,bbcd1342-0d08-4318-ae1f-7e2ff8d83071,Friday,08:00,20:00,b11c1dfe2a5c791734ddf053b6575408
4e2f22ff-bfcb-4dc1-9600-ab9e25577952,bbcd1342-0d08-4318-ae1f-7e2ff8d83071,Saturday,08:00,20:00,23a4af0b06cca7793652fab40ca6823b
821c1ed7-5e39-42b3-a984-abd5f514a2a6,bbcd1342-0d08-4318-ae1f-7e2ff8d83071,Sunday,08:00,20:00,c998d9a548b482f8aca34fda046e3208
