AbandonmentID,CustomerID,ProductID,AbandonmentDate,RecoveryAttempted,RowHash
5b81d130-1fc7-4da4-bfd4-65501351fa30,9a261f6c-478e-4a10-96ad-4b76e6f7f43f,492,2025-02-08,Yes,a3879420136837597280572a5cee41de
b6084856-483b-48b3-957b-66a5c8ad6e3e,f794693d-2fce-4b93-9462-2e86678f3a10,2666,2025-02-21,No,9d8e3f0ea547a04a093a021f6095968b
a4c2b8fe-f7d9-496d-b49b-fc0a0857c9d6,0475a1c4-c35b-4ecb-be0a-6103af0e3d5d,3032,2025-01-10,Yes,85af4b611c671d8671ff8953cc5e7627
8235d1d8-660b-4ec5-9f2c-05511b46908d,fc2265ba-8133-4e60-af32-0b135f4fc3cf,1809,2025-01-04,Yes,e3bc802111fb77c4a6936dc12623bf06
00c74bf1-c334-43c1-83fe-04e1461289fa,11f5a691-d739-491e-8a3d-0cac3ba34fc5,3371,2025-04-16,Yes,ab74ab924319d88875d9f5c5a5d398c5
663e84da-9bea-4f2f-afb0-c4eed39ad5fc,6e33f6a3-8056-4cdc-abd5-b6554a925aca,4470,2025-04-04,No,67b8f215eba88625a99185e94384bcb6
a5f0dc12-298a-43a7-9e77-3ea382e10961,cc7e6efc-6c65-4b2c-9314-ee7b451acbdf,3266,2025-04-02,No,3087db9008a2159b17f564ce5c378415
64d16dd4-0717-42de-afc1-74e3d33b93b4,6ade7926-18a4-43be-bb13-3e4a5b1f455e,2587,2025-01-21,Yes,aebbddb8038b3ba29e24052cd666f6fa
d8288fbb-6c10-4d8c-ab32-8f34bf2969de,3046e874-7757-4321-a055-3edea53305ef,3413,2025-04-10,Yes,ecdbd635eb105809e5c0aa1ee8806f75
4f646ac1-b135-40fa-a71b-94cf2a88cdc5,bed734db-9554-4ebe-b415-628b657962d6,1463,2025-01-11,Yes,a3663a3f68b9e254be7e1ae43a299317
3ca26f52-7c3b-46d3-a493-62748c60e98f,5e419f86-6e6b-4b45-a140-d03228124ecb,3169,2025-02-17,No,f259fafe4a43e60315daa6d9411905d9
eaabdc32-2ff2-4ed5-b67c-c8bcd6fde085,33a546d5-7808-4799-bc38-8b809d0c5ed7,2485,2025-04-21,No,438f0c565fa813150e7fee1c7fcf8212
04e757fd-117c-4388-82ff-549680d56041,7f191b14-927f-4975-84a6-4139f6dc9dae,2351,2025-01-04,No,cdd445cf59aeb4ca62140a6697782cd7
515a3897-258c-407a-978b-16b911e8f1c4,e6dfc052-6a5e-4aa6-aca6-ff3581a23a84,1305,2025-01-13,No,e45f35b67a5a3fec25f4dcb4e2880d07
d19f3963-35da-4640-b3d6-0e63b248577f,0cae327d-3c1c-4b9b-b1e0-103207463ade,1622,2025-01-31,No,f7b8a3a7104e18be80b6458669465141
608a3cf0-0f6d-44e2-a867-0a4c7249d14a,66beab47-39b9-4dca-b770-73f070a08070,1410,2025-01-08,No,5752767451f59bb7d716421336eac803
0411776f-be79-4a5f-92ce-06d7304d6139,0094c41e-8408-4846-b185-fbf114db7a0d,1389,2025-01-18,No,a02e42cd5f004d766258e8605a40cf4c
3b2a0ef5-39b1-4415-b499-e9ca0a3ffc99,1d301ea7-8438-4977-bbde-d4ecb1b9ca1d,1494,2025-02-03,No,f75395450c0e4afe04270a62e53c93f2
e202e8b1-8383-4c5f-a200-0ec7b83e8028,2c063f55-8e12-40f5-82d1-e02e8211dcaf,3410,2025-03-14,No,57ce83d254559b988e9e6904d51111cc
9a7003f6-0033-456c-97c9-ce303f19c02f,e859ce9a-a9dd-43fd-9cd7-bf1bd8c13964,4939,2025-01-23,No,d3529023df194bd841c82bc522fca22e
19f4b4f9-b3d1-49af-8cbf-2bf513f827e1,5e419f86-6e6b-4b45-a140-d03228124ecb,106,2025-05-07,Yes,4112867bb8c2208aeb311458182d209d
1d88939f-97bb-4b4e-a383-e95014ec4ad0,fc6dcd99-4fd3-49f2-aac7-18023820fe39,1829,2025-03-14,No,bdc89ba73ba3a4d67bf772a989b5b033
378c1b2e-67e9-4730-833c-a2587f19877f,0e725382-cfa7-4eea-b824-68123317826d,3061,2025-04-25,Yes,34b474729b770ed78f3e19af80374af1
f25abad3-7e6a-4bd6-a98d-a5ef5968f1c1,eb0851e2-3417-47e5-b97e-36ebf487607f,1871,2025-02-06,Yes,da6c77b8d468e287eed5d9deee3078aa
b6091a9d-8830-4d16-aaba-6c368522c21f,86664865-4e84-4896-b9b1-3d58a3c19a13,3363,2025-01-20,No,009b52f9f498b2fe4462836434c78bab
8b5639dd-01c7-4d07-8a35-dceee3a8bb38,84f6c6dd-37d3-4909-801e-b3d78f3e8099,4120,2025-01-09,No,a88a61b4f30892d50ee0e85a2dac5898
6fd15256-c582-4573-a256-36fb1aa9c707,93a2faf7-17c8-4513-b63e-f27c8b36314e,1650,2025-01-30,Yes,df3919d5c1738e9a72cd575038a00fa8
ce3e3d2a-9b45-4a67-b7e8-f6a02b0c1c1a,9d69cc1c-f492-4f69-938c-91efee85a672,3965,2025-01-03,Yes,4d86bf60f0a30a7063a2721074e20a52
fdc0b48e-9b88-4c6a-9493-ce065395f140,653cd13f-483a-49af-9e45-04707ae1508e,4483,2025-05-09,No,fa1be5733bbce97cc48119e9eb3cea6d
04c8facd-3e49-40e4-bbba-9cb372a1ead4,ecd4feda-08f5-4652-80fd-4406a1316c5d,4183,2025-04-19,Yes,5e3388f6903aba2e05060e63cef98958
59d53e48-e4fc-4475-96e0-5b7585bdf0dc,653cd13f-483a-49af-9e45-04707ae1508e,1798,2025-05-08,No,9eb4927e2580925a1cac09074bf4ce68
4770651b-3461-4da4-8eeb-9d786ab58459,5cefce5f-5a44-4f10-8dd7-0c809c4c169e,167,2025-03-06,No,a1eb63f4b8d1cec4c51b76eb11200ae8
7aafbddd-77e2-4bdc-96be-ddeb2adcca5f,bb8f9480-8fc2-46ac-8f93-942acc115626,429,2025-05-08,Yes,3037c1c8ef15eecf591dd27c87d90b04
51160e4d-5ffe-446c-82a7-8181b78db4e1,65979d31-3be2-4e1d-8bcf-c43c3bfc1891,4131,2025-01-10,No,9c57caa4f01641e2344bbeebd62e4565
fc7bbe7a-c3fe-4bb8-b8c9-bd98f53adc08,84f6c6dd-37d3-4909-801e-b3d78f3e8099,3044,2025-04-11,No,a2fdf4f598ff2298710b72d90ffc7850
5fedf488-43ad-47a8-a659-a83a9c19940e,d00399b5-89cb-48fa-8d60-5ea1f649b655,1327,2025-02-14,Yes,f8dbe0c200dede11b7e80f910e321468
81813bf8-289a-4eb9-bb63-af2887b74179,eb0851e2-3417-47e5-b97e-36ebf487607f,2395,2025-01-08,No,a54371aa7fd45dc340ffa64a30bfbc5f
32b6b5cc-1c2c-4e19-8062-144a604f0ba3,ee85931e-020f-4408-8af2-2b9bf4edd7b8,2089,2025-03-26,Yes,7d1f79df77d70f725c4195d9405fcb9d
945b8bc8-918e-49be-9745-bbd663758ea2,6ade7926-18a4-43be-bb13-3e4a5b1f455e,1266,2025-03-05,No,1210e2c846453b37b173255edd20d84e
08bec71b-70cb-41d7-b337-251b981acbf2,fc6dcd99-4fd3-49f2-aac7-18023820fe39,4471,2025-04-30,No,56835e90e1d3005f1021d04b2dd422df
bc68348d-2a6f-46a8-90f7-88bed0c59312,ff2d9922-b0db-4e79-9e69-dde9abb78db2,2962,2025-05-11,Yes,84183f993153f72aa7521bd7a1ece9b0
326f8c76-6daa-4653-a1df-017d9f750e65,cca906af-6247-4f65-82be-311947bfff74,268,2025-03-03,No,a45769fee67c7fdb2f1b53333bcb92a0
2d943fea-dbc7-4d86-b70c-82213d662d59,bed734db-9554-4ebe-b415-628b657962d6,2871,2025-01-30,Yes,d439f192a7954d0047b97efc57d4f5e6
b54e1218-0ce7-40c3-b4fc-88aa85d2c052,035765ce-dcbc-478b-b43f-f38992c442ff,592,2025-02-10,No,eb2a1831e5449a1ae6c21cadf4a53093
f5682ba6-4af0-4689-9462-0d4bfbce65d4,5dcbd063-c98d-4d66-923f-e117989bd15c,4586,2025-03-17,Yes,661a45f1f08e51eb96aa99f61b4f6fb4
02e02f1c-b879-4f7d-a802-0384b197f74e,11c38e31-9cd1-4350-ac64-1e541ef9fbaa,2961,2025-04-09,Yes,6ba905d857b686749d0c9754ddc5fc65
1fb2e338-9fa2-4664-8d65-6efb42b925c3,6ade7926-18a4-43be-bb13-3e4a5b1f455e,3144,2025-01-15,Yes,9744bf24af565ca3fd52516f7c6843d7
f767fc96-3841-464d-a9ec-c581bdcbd716,85c32511-7f37-4de1-882f-2efa8040dea4,3613,2025-05-04,Yes,fa18498f70daa8c6fecab7662c046a0f
b7a179ae-01a1-4004-92e6-68559d6ea4ff,fc2265ba-8133-4e60-af32-0b135f4fc3cf,4877,2025-03-26,No,9f7ff50221e81e484bac636056bddb60
2f907cd7-4c46-4b63-a184-4d6eaf7c166d,11f5a691-d739-491e-8a3d-0cac3ba34fc5,3171,2025-03-31,Yes,b1c56a5ed0ec2af661e09b422dbea655
538a61b9-ed72-4f85-a1c4-1ad084013e24,32c5b93f-8271-4c50-a62b-e8f545caaa6f,4885,2025-04-14,No,04582b534b69295323a95375d32db4ac
833b1366-29c6-4d71-8a2f-e808b6490943,bed734db-9554-4ebe-b415-628b657962d6,2824,2025-04-21,No,d83008559fce8fc139400bf8fe6dbb7e
dfd3dcf5-9c15-4a13-9b2d-2c53c7e4dd3d,bb8f9480-8fc2-46ac-8f93-942acc115626,2315,2025-01-07,No,15d894180e3364f33f7dd8a54c943f18
6610310a-a6c6-466e-afa3-fa8efd9dc663,796b2e76-cb5e-45a0-bba5-55e3896f4a19,123,2025-05-11,No,fb8e805377e2332da59788011245db6a
ca47e20f-1c3a-429b-90b9-b161e25e5a4d,ecd4feda-08f5-4652-80fd-4406a1316c5d,1776,2025-02-19,No,3aca5cb3d4c2db885ad3e93d64f4d9e9
4f485aaf-103b-417a-aff1-bcdf62bc4d0b,a0d03e66-36a9-4e3a-b061-90884a47209d,4382,2025-03-18,No,aaf9c7759e8326673ebdfa3389b5cff5
41338ebb-0f80-41dc-b909-126cfdea9fd5,c8a37272-48fa-44ed-a432-b26ea868a892,1069,2025-03-18,No,d6680a0973baea4116e87038f5be7151
fcbee59e-0a18-4dc5-947d-59846288f5f5,11f5a691-d739-491e-8a3d-0cac3ba34fc5,62,2025-03-26,Yes,02ad61b8334fef29b61ce4bb94561177
fec7ae33-6fe4-48e4-9cc6-1bbf60b78270,eb0851e2-3417-47e5-b97e-36ebf487607f,4184,2025-01-08,No,da243fa8b7eb678102c10f6ef8e65603
fda8fd66-d86e-41a4-ae75-00847677bfea,e52160b8-9208-4ee8-b49e-702370bb38e0,2949,2025-03-05,No,b8adebb62d56955fc567faa20b4cc55c
3701dc10-7e72-4469-a6b8-561601ac9983,8a2b7c00-2a2a-434d-af0b-86e03d94e54d,4416,2025-04-27,No,be655afece3b5e8da2263b85a7d7ea44
a508cf8a-44de-4e93-b210-dca0e328a055,ee85931e-020f-4408-8af2-2b9bf4edd7b8,393,2025-03-09,Yes,0e0d8ebde2728a5af47992388b5ebf12
3230b14b-e397-4b50-9889-564ffdd2e674,9e99f1a9-2f4f-4656-b1f9-52feeb5fe236,4293,2025-01-12,Yes,36f9c81305fec14e93361ab1a337a165
fa7b4505-6237-4bd6-9f36-5b039895ef6c,e073b0a4-d2f4-45a1-b8ce-63b5075e168c,2062,2025-04-29,No,d4e4cb3e79fb1aa19967add093945170
03fcef17-fce9-436b-9bd8-b28dbd6b5eb1,d86011eb-bd81-4aee-b905-18ffad895411,465,2025-03-26,Yes,248223063bd588cd383eafd0e8ed47f4
0f0e156f-4a7f-4324-a8eb-0481ad72969b,fbd733a9-47d4-4e40-88be-709357213476,515,2025-03-09,No,f48a972291ce488aac1eff7bfff09f1c
aedecb88-f73b-4385-8ec4-322f22c5f457,788d99f0-9972-408f-858c-28268e4d1d93,4489,2025-01-26,No,76d0cf566417efbbc6462f37bea1f0c7
011fe6b3-c4f5-4504-9f3f-65d5bcd5ad4a,5cefce5f-5a44-4f10-8dd7-0c809c4c169e,4830,2025-04-06,Yes,c49d3e32f22bf36eaefcf4a5adc5a2f0
67db3efa-8227-45e3-a10f-33c5b2d60194,b2e5b4e2-91a8-4068-9831-4763263ae50f,16,2025-04-27,Yes,95aff61f3b4934fb274c7bc8b9c6aad0
ca368b2e-85ba-41ec-b0a2-c86fc16b93c4,d00399b5-89cb-48fa-8d60-5ea1f649b655,2437,2025-01-15,Yes,f746232093919a6af9989faa6fe0368e
459b695e-4cf3-4ddb-9b04-4d7c4d9cdf26,98079c5e-8c4a-4564-9ca5-658f9db89953,4761,2025-04-11,Yes,49cfd452d7b912519d5582466b16eeee
8903f754-9457-42f8-9be0-0cfb1673443e,a5cef112-752a-40ba-b573-df00b771d56a,2229,2025-01-16,Yes,60cca9c45d4a5683efd54ace52ca0ed4
0d53722a-fdf0-4895-bd82-52fe67c0b010,0094c41e-8408-4846-b185-fbf114db7a0d,2431,2025-04-02,Yes,1c5c696f223d752db2e430ba9392f58a
86ad23d5-f761-4a1a-9c15-d7ffa3f2acb7,b2e5b4e2-91a8-4068-9831-4763263ae50f,1911,2025-01-24,No,18f71fa08fa10221b8e00dc26dcc4ac8
05f71bca-2a77-46ee-bfae-74686d369323,07a7c40b-1082-478f-be65-ed92db3c2b5b,2164,2025-03-31,Yes,592cf8a0c60b6f258b95ff5cc66cae7d
208c5c54-80ec-4d84-9f98-17df4ad1839b,a5cef112-752a-40ba-b573-df00b771d56a,669,2025-01-06,No,eaf18aef6ca9c05e3351a8a43a8502fb
8a9a7b18-4e9f-4e38-a11d-36c7f43ba11e,07a7c40b-1082-478f-be65-ed92db3c2b5b,25,2025-01-18,No,64e4977975bac163fb813f60d2999479
53285a3e-6a66-46af-9175-dbf971d8868a,1d301ea7-8438-4977-bbde-d4ecb1b9ca1d,322,2025-04-05,Yes,466f9e917cb15d0804acaa4860d1f42a
3199c001-724f-4b72-b12a-33870f84a5d5,7c5d467f-5fb0-4f77-905f-8acef67d84a3,1979,2025-04-30,Yes,97d4f070247041db590f350acfa8e845
d4588c6b-c9c5-455d-932e-3cea87d98300,67004733-16a8-4c2f-9db5-f4bcfa0a4a3b,557,2025-01-21,No,183c69527272a003cdf02ca591464b79
d0e45f10-bce9-47e7-bbe9-6a8da9612d08,bc0e387c-0b60-4a80-9ee9-45178de8cb66,4834,2025-01-17,No,7a87928d3658bd9a0be12cda369a2163
fea48ec5-6cb8-4be7-93c4-d3488aa41f90,5e419f86-6e6b-4b45-a140-d03228124ecb,411,2025-03-02,No,fd3d5652ae9ecd59a4d30e4dd2d78e3c
e56ca4a0-4b2f-4198-838c-2066f1aa907b,653cd13f-483a-49af-9e45-04707ae1508e,4268,2025-04-27,Yes,c50a185346e3e38ad46f0b6e6e2e835b
3f8805ea-f7bb-4b48-ad54-810fe155a2ad,1e9a0433-e9bc-421d-9dbb-d2cbf6fb2297,3294,2025-02-14,Yes,7591bc0594d56b3e8cb5ddcee6083ed8
0e1832c9-874a-40f2-8172-a405f0c58b20,c0e366b0-4820-408e-94df-b7532085e9c5,4711,2025-03-18,No,d523a1fb6aa5be0493a07ea461869d26
d72a6af8-d8b1-403a-97f1-88484473f928,15da51da-ad36-4db6-958f-37f69e74b4b6,3263,2025-04-01,Yes,889625ff7c2a96d14c407bf19456585d
5ca64d6e-11ae-4130-8741-95667b7b3698,9de85a38-608f-45f2-b25f-78aab3924fa9,1975,2025-03-23,No,c73cff6c34cb69a0d7b9d01e0bdb0e5a
0651c409-fc6f-4c7f-a9c3-358fd1cb6aa7,c0e366b0-4820-408e-94df-b7532085e9c5,1488,2025-02-13,Yes,4f36e8819ca06b06468ac847b901acf4
10fc790e-6395-4da1-ae36-0fccd12418c1,f794693d-2fce-4b93-9462-2e86678f3a10,1432,2025-02-09,Yes,f8464d8e71698a9af9d4275720cc47ee
e37b1805-60bb-4349-8daa-39b7c70fd2f1,19a564d4-ed76-41b2-bf45-d41d8500da78,4078,2025-03-18,No,748ffcbad71a62984eda71b87fcc81aa
5a243da5-c866-49e5-98ae-e456f441827c,2c063f55-8e12-40f5-82d1-e02e8211dcaf,2191,2025-04-25,Yes,ac6f18591c8117d4d64701a089111887
09c2cb41-a243-49ac-8831-3507095459dc,a0d03e66-36a9-4e3a-b061-90884a47209d,3312,2025-04-12,No,cf62a9660735496ef37b6584c5654d8f
ae7fbe0e-f201-4689-a7ee-01d19c14029f,19a564d4-ed76-41b2-bf45-d41d8500da78,2862,2025-04-30,Yes,71e32120b81ce71aa1b2c9f8857e6c21
063e50d8-9b5e-4727-aa20-036b3a667d94,2c063f55-8e12-40f5-82d1-e02e8211dcaf,4610,2025-02-18,Yes,8b1173c86f14fa814c7a7fb930a3b760
fa0f2a98-a636-4ce2-b622-f66e07038cc2,653cd13f-483a-49af-9e45-04707ae1508e,1418,2025-05-06,Yes,27016418fff277e027153b9991dfbd62
1addf945-24b1-4d23-b6b4-5de83c397323,0475a1c4-c35b-4ecb-be0a-6103af0e3d5d,823,2025-04-17,No,d5092fae649272c51342e44f1c5518d8
5bfd497e-eb20-45f6-a5b5-abb66664fd0b,d00399b5-89cb-48fa-8d60-5ea1f649b655,562,2025-01-22,No,9d95254157b37932f60f4c56d4c9ef8c
65def811-87e8-4ae1-97ea-2dac47062439,545d1542-4e1e-4804-851b-400d5b020f68,2489,2025-03-04,No,85354962777f4dd69d5722456249f76a
ad3d9c1f-6fb4-48f1-9e60-4dde91a3c4b4,5f2643f1-ca38-40c5-adaa-748da8a72c69,1823,2025-05-02,Yes,7a52b5a8b1e3f8caa90ecfa0264d3d65
36b3acc0-abf9-4df2-b164-2b04b9855841,3bb1717d-21cd-470c-9e89-3c63077a1359,3936,2025-02-13,No,6f9d153dadf2afdc4bea3709cccdcb11
6f8551a4-13df-42b3-b728-86b7c44b0c49,e859ce9a-a9dd-43fd-9cd7-bf1bd8c13964,4030,2025-01-25,Yes,5515abc4193eab79880dd9c402a960b9
7d7fa743-40c6-4858-bf14-99c4d6334c71,0475a1c4-c35b-4ecb-be0a-6103af0e3d5d,3127,2025-01-12,No,27b8bdfc13349fd5ef10d477d154bbdd
860b849c-fca8-46c2-9434-514922d1121f,9a261f6c-478e-4a10-96ad-4b76e6f7f43f,798,2025-04-05,Yes,090665821fc5547afd20f223f0200887
a2e57a8b-4063-4396-a3ca-1fe57fef43a6,ecd4feda-08f5-4652-80fd-4406a1316c5d,2200,2025-03-17,Yes,990d35e2be7b911d6deced64269ad36a
9c6ec2fb-f00a-47cc-b4c2-b4b59a6dcdae,efd12b55-23e9-4f58-a207-35e1da7e7afe,2886,2025-04-25,Yes,ea51a6d0d7b199c49b8b084f8b621032
edf43106-0319-4b59-9202-06f4136b663c,bb8f9480-8fc2-46ac-8f93-942acc115626,2677,2025-03-08,Yes,c29d41b77998c66e518c66068e846662
82cc04e5-2964-4300-ae70-95913140d9c3,e52160b8-9208-4ee8-b49e-702370bb38e0,209,2025-05-11,No,5f4e6fe5046ccc6e5f39ec8e2831224c
8239fe19-c0ac-4f40-9b47-737740fe5e8b,7f191b14-927f-4975-84a6-4139f6dc9dae,85,2025-04-10,No,3b9148739c5cfb03df911aea9d53a93c
2565023b-c7a4-4b01-bcf2-1d941b8227ca,e27170d8-ce33-4bf7-8f25-44b9c31f435b,4666,2025-02-18,Yes,9f0ebc063606de1c7572403e28210e0c
f07147ac-5b62-4333-abb7-6b48d06eed2e,54908c4a-1561-4b07-b9d8-8cfdf77e25a7,2537,2025-01-07,Yes,5e46404b18f735f5d2b00b4f560bba55
5be63695-41cd-46d4-97dc-3de75c986849,545d1542-4e1e-4804-851b-400d5b020f68,2625,2025-04-23,Yes,538f3186beac3493bbcbd546457bc489
9cf73111-ad16-4114-992e-b7494a14de8c,b2e5b4e2-91a8-4068-9831-4763263ae50f,3987,2025-04-03,No,154c6ea1bd0d82c8d5762527ca866293
f9b26ed6-5b9e-4e5d-8639-94ad9b95e22c,f326cd1e-3549-45d6-9382-4ce1eebadcf0,4671,2025-01-16,Yes,2a3cb99f73d82c0b8b7ab1c74fea2190
ff50e0ca-f2de-444f-a033-4cb5a5ce859a,5f2643f1-ca38-40c5-adaa-748da8a72c69,228,2025-03-03,Yes,bf6153aa418d688109f7e9e150497cf4
ba8e6409-629f-430d-bf66-56237a8f9d42,3046e874-7757-4321-a055-3edea53305ef,748,2025-03-26,Yes,6887b7aa6827a10499ae0e518550c116
ce76cf68-8f5c-475c-b7d1-0194fd80291d,e859ce9a-a9dd-43fd-9cd7-bf1bd8c13964,2763,2025-03-19,Yes,0fa6c88005ef19b95669653f2347bee9
8b3ac8d1-a6a3-460a-959e-cd07f16034a2,8070fcf1-87d8-48e5-988f-1f369c06cdc1,4653,2025-03-21,No,f243b7da14b7a1b11dd83d10e990271d
8fa06e95-efec-48d3-b35b-5ef79d726b3c,a9cda48f-5bc6-47eb-88d3-50606128be2d,3519,2025-02-03,Yes,d4641404c8082bade641cd0dd9080ebd
c5b0937f-43f0-42b6-98b0-88cdf7906785,2421a4de-b9b6-4373-992d-f10380e8449e,1205,2025-03-22,No,ebb21e8b6da4929c00064dc3351fcb21
9a28f39d-af94-476e-a88e-4020ca945869,0094c41e-8408-4846-b185-fbf114db7a0d,1805,2025-03-21,No,4338fe7d10f32e6718a1fc0b4fd26eca
a2c57374-be2d-4fe4-ad5a-417c7c462dc5,035765ce-dcbc-478b-b43f-f38992c442ff,2812,2025-04-25,No,f879ba4a195a2979f0bd3d0e2bdbad36
5f0e2788-e409-4c9c-a82e-145a2dbe4c89,ee85931e-020f-4408-8af2-2b9bf4edd7b8,688,2025-04-25,Yes,e78e8b46102d2959dadf871c0f90c0b9
5d8f1bd3-cecd-488f-8a46-417343ff666c,f794693d-2fce-4b93-9462-2e86678f3a10,1000,2025-05-10,Yes,5226ec04a13e70387c6258ddf61c974c
5d2f3a74-4e05-4373-b344-43e55a285778,6e33f6a3-8056-4cdc-abd5-b6554a925aca,4637,2025-04-26,No,b44eee6191e69405a12423e054769f5c
ec8afd39-1697-4a04-9e74-e7a73a42aa34,788d99f0-9972-408f-858c-28268e4d1d93,1058,2025-03-03,No,e1986cef658db3b1334ff10492462568
26565604-bd16-4599-a10d-b413b25552e3,ecd4feda-08f5-4652-80fd-4406a1316c5d,3134,2025-04-12,Yes,4e2cf9761dfd9a14fc007ad5e6c29784
73948e34-41f1-43ca-acd3-9e956515ee36,07a7c40b-1082-478f-be65-ed92db3c2b5b,4691,2025-03-08,No,d77d129a8ad2b2ecd2b10864c4fcbfcf
f4ec7156-53cc-4c6e-aa49-ed754b14240c,422d5e26-8e3d-4eac-b286-f70ead07c1f4,2618,2025-01-02,No,27fc81f0ab43d944d8d4de53e67365dc
ffdc2223-66d9-4766-bea4-64468504050b,68bdc8a7-ac0a-4ba3-a509-ce917bde451a,2591,2025-04-29,Yes,fe775abbb36996735603fc886024c01f
67a0605d-343a-4d02-88f7-d226b5c4a5a3,2e90cc5a-37c7-450a-ae09-18d7be038c34,2871,2025-03-28,Yes,ddcdbd7c09c40b43a84da591097360f8
0d9be81f-bf30-4eb4-ba37-a272a19bb390,5f2643f1-ca38-40c5-adaa-748da8a72c69,1919,2025-01-19,No,6836da14961c638d4eb4e2c53c87af19
37737593-8ec0-4b4f-98fc-a62e32f32e15,6e33f6a3-8056-4cdc-abd5-b6554a925aca,4805,2025-02-23,No,02e501b1be6c0ee3acb8c8c8bd3196e9
670cef70-ef09-47a5-b61c-4197f4098295,d86011eb-bd81-4aee-b905-18ffad895411,3526,2025-02-21,Yes,2198e7cc2b418887c0e5cd0c39119b87
76c8f6c7-15b4-4fe3-a9d8-10b071d531b4,e52160b8-9208-4ee8-b49e-702370bb38e0,749,2025-01-10,No,770302987d088c31818479a6e8a25aec
7d5d7d35-bd88-495e-bd69-874115e0e011,e6dfc052-6a5e-4aa6-aca6-ff3581a23a84,2889,2025-04-01,Yes,e367be58839be5327c3e405bebf64740
b8655789-fffb-481c-b6cb-e7c119338876,cc7e6efc-6c65-4b2c-9314-ee7b451acbdf,1629,2025-05-01,Yes,cd1cae4d070011aef3210400e2a168e3
ea16da83-4b57-44c3-af5a-7a0c1dfb1d06,66beab47-39b9-4dca-b770-73f070a08070,3172,2025-01-19,Yes,2a33f1354248f0b66605fe4f85dbc25b
a6202fc9-dce2-4133-aa7f-b5ff5efdb114,7c5d467f-5fb0-4f77-905f-8acef67d84a3,1642,2025-01-10,No,f480c4a1d97306efd409faa33f79dd08
ae834c65-8909-4d91-8ec3-79bbef971122,e073b0a4-d2f4-45a1-b8ce-63b5075e168c,4153,2025-02-24,Yes,415efca3364a806c69c223a7efc7b935
986924af-2a84-4b4b-83f5-ab672bda29a1,df600f99-242b-4e78-acfa-07fe39eabd9e,3546,2025-02-24,No,28094c4ed7ad0f37016efb2aefaaef34
e970350a-2d6f-43db-b21a-fe1a55646c4e,2eb88cd9-93aa-4403-b930-4d0d8ababa21,4725,2025-02-07,Yes,9f7bc22f85d8c2fc07e95f524b6388b8
08218ff4-1916-4218-88aa-a7093cf7a795,2998fa4a-22d8-4603-a0fe-09f27c36a0db,3180,2025-03-19,No,a96de55d9ff5d99e5e51cb7e2efd1d6a
943c055e-c405-48ae-9517-10ffe888c5ed,8070fcf1-87d8-48e5-988f-1f369c06cdc1,3215,2025-01-07,No,427ece2bf8ae07a415004f4523f1a1ff
7c9d975c-e2a4-4a5b-ade2-eb8c580469d4,5638cc23-cfdb-40de-9577-4997569c48f3,2367,2025-02-15,No,a957d18ea73d2cc9577b66c758a45c69
68b9ab6d-1a0a-4d2a-8817-3f5a802dbd45,9a261f6c-478e-4a10-96ad-4b76e6f7f43f,3943,2025-01-30,No,775ee1d4e65eaf8ad736d2a2252377f7
5c5e79c3-de70-4bce-b52e-e809544ada35,1e9a0433-e9bc-421d-9dbb-d2cbf6fb2297,1463,2025-01-28,No,457649087cb66fcd309fc3c8104e68d3
a78e92d9-4370-45ee-9732-4ec30bbfd4f2,7f191b14-927f-4975-84a6-4139f6dc9dae,85,2025-05-11,No,15a42f0deb47951214aa6a0f6fd331a1
15b5ef1d-6f6a-46c5-b6ab-d0747df8e6fa,5cefce5f-5a44-4f10-8dd7-0c809c4c169e,1133,2025-01-30,Yes,4de4b8b4aa59a956958341744db46d6d
c806d422-331e-4f4f-8002-64e3820b289b,017092b9-a700-41e2-8365-eeeddf441c3d,3271,2025-04-06,No,d672d1f36e1860e00e180786e40d192a
a49314fb-7550-4554-8051-efdfd122c4f3,dbe6c8e6-7cc4-477d-ab61-f3f2e5dce341,4384,2025-01-07,Yes,b6f6f807d9e825ccd674eb1f1d12d1cf
a690413a-b03a-4f8d-9a54-30ebd90d898e,088e7d05-b0ef-4166-acb0-16d57f776a6a,3505,2025-02-01,Yes,46f1cac91c4c459d4905792d5a18f5c1
07efbe85-d78e-4bb7-9d43-6dd6f031b48d,54908c4a-1561-4b07-b9d8-8cfdf77e25a7,309,2025-02-01,Yes,46990ed1e0985aaf123c798f2c86ca43
36fac93f-aeae-4009-97cb-fb5327bb4ca5,5f2643f1-ca38-40c5-adaa-748da8a72c69,559,2025-01-13,Yes,96f7c48a62c69fc586c85db21ab7ebe5
851d46a5-2a73-4a0a-8726-5e7243fd352e,e6dfc052-6a5e-4aa6-aca6-ff3581a23a84,1959,2025-01-13,No,904eaabf6e15a3d4558038648d4ae6e8
1d39d67b-13e2-477f-9ff7-d2c9074f289c,67403e9f-0231-4a15-848a-d9cea4795a2a,1302,2025-04-19,No,6493d273ba98a49ef796e9c326f0cafc
9a0140b9-9e4e-4d23-99d2-78a9005a3f7e,3bb1717d-21cd-470c-9e89-3c63077a1359,2404,2025-01-14,No,3352514146a39c3855db14af074c52ab
0ef68870-8c08-4fd5-be38-ec1ecb669625,ff2d9922-b0db-4e79-9e69-dde9abb78db2,1393,2025-05-06,Yes,2fa1ad45ba2cf88abb0bf5de6a5d47e7
d51b2f46-28ff-4e2f-999a-b2cc920ce3fb,0e725382-cfa7-4eea-b824-68123317826d,4713,2025-02-23,Yes,4a218f7ce33b176f93bb1e0d29b09538
d2dd5820-3825-46e1-bf3f-b69dd1de8194,efd12b55-23e9-4f58-a207-35e1da7e7afe,1349,2025-02-21,Yes,3bd3da35f1182230a437c225b0567dbe
03f51d76-5cb1-47c6-acf9-4c608f65eb12,07a7c40b-1082-478f-be65-ed92db3c2b5b,1275,2025-04-05,No,578ff45e51b77cc786c9bacd3d74c74f
a8703780-39f2-4855-981e-cbd7e809cd67,b92ca163-e06f-44a7-896f-f4b2dd7e856f,1273,2025-02-16,No,8fe8c6944dd7afc70f41ac3abaf10a84
ea9484bb-efee-40be-967a-c63c73a8ad5f,86664865-4e84-4896-b9b1-3d58a3c19a13,3643,2025-04-29,Yes,bf5d77f69af324708a20b60784528c93
b01d0743-5642-4ce0-900b-d70c2b063718,7f191b14-927f-4975-84a6-4139f6dc9dae,236,2025-02-28,Yes,2e267f8e6502d70f4c807e0442ba980c
0f2fb095-ccbc-41ee-b654-1a383b9e6611,f34607a8-f6d3-427d-acf9-3d905082506b,4913,2025-02-09,Yes,42d210552e39b9258db6fe61b807cb7a
2ad2df5b-bbe0-4dd2-8152-2a7c649300fd,2998fa4a-22d8-4603-a0fe-09f27c36a0db,1557,2025-01-21,Yes,87759a617aaa37b5e468262f6245881a
73b83d96-5ac7-4385-a4b4-c67cd095a137,8070fcf1-87d8-48e5-988f-1f369c06cdc1,3960,2025-03-30,Yes,e09efff7b5790466449ba474172fa614
e5e24366-202c-44cd-9a8e-c0d829af379e,2e90cc5a-37c7-450a-ae09-18d7be038c34,4503,2025-02-28,Yes,24b6e15ecfc71dd62e2ec6aa77f861ce
f9a3413e-141e-4862-890f-6e4c64f2ed63,32c5b93f-8271-4c50-a62b-e8f545caaa6f,1251,2025-05-11,Yes,53eb453fd01d4542cef29f2fad0b6fd7
7ccf3c94-5e80-450c-98fc-1a28b7b749b2,1d301ea7-8438-4977-bbde-d4ecb1b9ca1d,55,2025-05-08,No,9a7bf74572ee73d5702845dc91611044
d579a05b-fac3-4be5-9956-526e7dd9aedb,796b2e76-cb5e-45a0-bba5-55e3896f4a19,4525,2025-03-18,No,991e10e972ad4ffe4a1297fb2dd92e67
c36f3764-aa6b-482b-946c-64d8e6fbc4b2,d00399b5-89cb-48fa-8d60-5ea1f649b655,4880,2025-03-18,No,a7f71accaa63d43e4587ce9beccdb059
506742d9-fc0a-4869-83c9-f4e87af3e743,0cae327d-3c1c-4b9b-b1e0-103207463ade,2937,2025-02-04,No,7f06602427eb7ebf02fdcb7d45757e97
3fb8ded0-af7a-4938-8fad-a7b476d6a968,2998fa4a-22d8-4603-a0fe-09f27c36a0db,3369,2025-01-16,Yes,afd4ced8206e45d8ab798994b22a1c49
e5cae58e-58ea-48fb-b642-dacc7157f3b4,11f5a691-d739-491e-8a3d-0cac3ba34fc5,3712,2025-03-05,Yes,71236c93bc6c302b8e6c51bce94b3264
5cbec420-f3c8-4816-8750-bf6aee086544,d86011eb-bd81-4aee-b905-18ffad895411,257,2025-04-04,No,64a254aaff64118ab97a880962778708
5b0c0220-05c1-4a40-8b3c-5d8aec62c685,3046e874-7757-4321-a055-3edea53305ef,4630,2025-04-13,No,2b7eab24e8db91278803e5fb34fcdf1b
48bc371f-bda2-429b-89e8-ac18dae54d42,1d301ea7-8438-4977-bbde-d4ecb1b9ca1d,1277,2025-03-09,No,630fb3aef35540732f528651389cfb98
e904533e-6871-40f8-823c-dfda9c5a198e,ff2d9922-b0db-4e79-9e69-dde9abb78db2,3587,2025-04-27,No,eaae402c64f852a3afaa007fb285d5a1
197d80c4-c721-42a4-8120-763aaef915e5,0094c41e-8408-4846-b185-fbf114db7a0d,2857,2025-01-19,No,37cb797b6c164b62d9f9140b4c92fb89
a36bba96-7462-40cf-b1a3-14edf12832fc,f34607a8-f6d3-427d-acf9-3d905082506b,728,2025-02-06,Yes,4ffb6af8df4dd5b33282d1be5a29de5c
3714a446-72ec-4c93-a2c4-5552705cebb9,2421a4de-b9b6-4373-992d-f10380e8449e,3825,2025-01-16,No,de7e2f05d254be5f941ffd91f58a0ede
12812e8f-d667-47ab-bd31-c0e74d294e68,32c5b93f-8271-4c50-a62b-e8f545caaa6f,2075,2025-02-13,Yes,63dec5920f649a7e00c2681f91660cc6
f8b1d4ab-e9da-4af1-a8c0-0039991c8131,85c32511-7f37-4de1-882f-2efa8040dea4,1942,2025-01-21,Yes,828b875f989370cb774ec884a7e7dbd3
17aa5ac4-4c8e-40d0-b94f-b51727817882,93a2faf7-17c8-4513-b63e-f27c8b36314e,4892,2025-03-26,Yes,b2c2dd13933b9bbb21b9a3c8573fb8db
bc5f9ecf-73fa-499e-96cf-57c2f6d6180b,796b2e76-cb5e-45a0-bba5-55e3896f4a19,2471,2025-04-30,No,46a28bc96ecb02c11c7de61b39b329b0
4db0281e-d223-47e7-be39-724e4b9cd221,df600f99-242b-4e78-acfa-07fe39eabd9e,1265,2025-01-07,Yes,af293b488d864c65aa949880a7676f8d
7cc5795e-945c-4667-bc0d-94732e42702c,67403e9f-0231-4a15-848a-d9cea4795a2a,1266,2025-01-06,Yes,eabe76776ff24b0f03a44d62065ce2c3
5afa896a-614b-4053-8a64-379828976312,c8a37272-48fa-44ed-a432-b26ea868a892,2027,2025-01-09,No,44baca0714bbe827c6aa94e62a047c06
a95e638e-e7cb-4ce1-9476-7ab8de9a9d4c,017092b9-a700-41e2-8365-eeeddf441c3d,2350,2025-03-02,Yes,527279f80a6b2ee78c32ac2fe5deba4a
4ea0d826-fe57-45d3-9f76-0220afa08e32,9a261f6c-478e-4a10-96ad-4b76e6f7f43f,1131,2025-02-22,Yes,90dafd6eb5d314899dc832b4cc11a0ee
f60bc1a8-27f8-4867-a233-752066dcc617,cca906af-6247-4f65-82be-311947bfff74,3270,2025-01-29,Yes,4a83bf302b76a1d5389aceef1009e2f4
c27f8128-5e3b-4ace-a8d0-bedc7114e235,fc2265ba-8133-4e60-af32-0b135f4fc3cf,4144,2025-01-31,Yes,575a7d177d36ed4558376f7173ac4027
6799532c-ffce-4b42-a430-770302c59f07,15da51da-ad36-4db6-958f-37f69e74b4b6,3817,2025-03-08,Yes,6399ee333baa7bd47fffb34313277583
3c929723-b893-4ab9-95ce-55388365bcc3,1839e3f3-d986-40e7-b0da-022e91928a13,1504,2025-04-30,Yes,92b81f1c2682e045f789d4c22d32c7ef
2ad9f154-7641-44f9-af83-3f5618c1f49a,9a261f6c-478e-4a10-96ad-4b76e6f7f43f,3012,2025-02-02,No,b39846fb4b30b21857a328e1f28cbbd4
d497814e-2273-432e-b128-28e7540604f1,85c32511-7f37-4de1-882f-2efa8040dea4,2521,2025-04-03,Yes,7353bbc397ee47147ac1a69c2ecb30af
c1258856-5458-410e-b2e5-5a33d591f719,7c5d467f-5fb0-4f77-905f-8acef67d84a3,1025,2025-02-27,No,4a6c3a2745e298e6b148bd6df3e100bd
df74b043-149e-451e-97b9-60bfeb1ef43e,ff2d9922-b0db-4e79-9e69-dde9abb78db2,2009,2025-04-17,No,665a2ede25b78236d293f1ebc33e0032
48d5d847-d763-448e-84bb-6a0c0f24961f,5dcbd063-c98d-4d66-923f-e117989bd15c,3706,2025-01-06,Yes,bcda020bb4c011aaa6899c1caec57dc5
3dd48da2-9c68-45e7-92a5-5a3d4b398f27,67403e9f-0231-4a15-848a-d9cea4795a2a,4962,2025-01-28,No,bc3173e084a77bc7e5f723129b9aa600
70822251-f7e7-4e8d-8755-0c1bd6483f08,545d1542-4e1e-4804-851b-400d5b020f68,4759,2025-03-17,Yes,78bf70ed09e386350f8ac017c6859006
f3bbe9b7-caca-4951-b12d-df56ce48c827,035765ce-dcbc-478b-b43f-f38992c442ff,1765,2025-01-15,No,51f28a909645e83d226a237b22da35d0
039696c2-bafb-450c-bf93-89fabc452e6f,968a9a9b-e535-45fc-802e-9f05148e0052,1126,2025-02-19,No,cbc495004c92845051e4de34cb70f140
00b3203d-df46-4100-a6c2-55e26bc78ae6,968a9a9b-e535-45fc-802e-9f05148e0052,950,2025-04-13,No,2da45a4881b3a3f4746a9a14c6d94de0
209654ee-739f-4415-8abe-1c6e06914279,e6dfc052-6a5e-4aa6-aca6-ff3581a23a84,2756,2025-02-05,No,01d06d68e977d103f7a8cb61f77d47e7
4b6d103f-6edb-4d54-804f-2561ba26c28a,5e419f86-6e6b-4b45-a140-d03228124ecb,4020,2025-01-05,Yes,ba1f03eb42a424a106d55a5a8c6da1b1
10f32cf0-49a1-4e34-8027-bc71ee1ebca2,90448626-31aa-4d65-a854-dab84c21bac0,4696,2025-04-10,No,1ee14546ef7189c139b06ac8ddb2a7be
3e6dc931-2a98-4b51-b2bb-6e51c5451c20,c8a37272-48fa-44ed-a432-b26ea868a892,4549,2025-02-28,No,7d90abe24761df92b096cef61d1b3b20
5155f168-67ec-4979-ab62-12e36f543a7e,796b2e76-cb5e-45a0-bba5-55e3896f4a19,315,2025-02-24,No,635998a50b640e82be546119fecbacbd
b8e216f0-5d80-44e2-b5d5-4deb230dd1c9,9b1ddb4a-54b2-4afc-bce8-defb8d65c1f3,2997,2025-03-06,Yes,971a10e3f6dfdaa301391dc9997f9d98
10c0cc07-3c13-48d5-a557-d29cbf2c20d4,9e99f1a9-2f4f-4656-b1f9-52feeb5fe236,326,2025-01-23,Yes,4be2feb4c036f65b87a40e6964af36b5
245b80e3-a26e-4da6-a083-4e3251a96a2e,fc6dcd99-4fd3-49f2-aac7-18023820fe39,3284,2025-04-11,No,216ff06826ebdcde56d75103146d047c
e4dc1245-ab16-4e7d-9be2-132591e21e7a,32c5b93f-8271-4c50-a62b-e8f545caaa6f,3071,2025-02-22,Yes,56a32006b387550546589c3db9b85441
0b1c6141-625f-465d-af1c-5b5c60ee95f4,1839e3f3-d986-40e7-b0da-022e91928a13,3796,2025-04-12,No,24ed86931590edf0e597c4542ca00ef2
6a7030fe-097f-4cf0-87a1-4022498ab220,270a78d4-d980-45c3-bf41-9c12bdda3546,3568,2025-03-13,Yes,81ba25ba002ada17e9075f7450d32fca
e3ffd1a1-b91d-4de0-9a21-5f9c8f669b68,e859ce9a-a9dd-43fd-9cd7-bf1bd8c13964,2829,2025-01-31,Yes,f80c91199dc91cfed4cf15e7036b3cc0
938a7036-b034-4ecc-b45b-c49adfd6661c,3bb1717d-21cd-470c-9e89-3c63077a1359,1176,2025-03-07,Yes,f16349c700c664b9b0c7ea72963f98d0
5296da59-4907-4ed4-8863-d324728f9a34,cca906af-6247-4f65-82be-311947bfff74,13,2025-01-13,Yes,9cc117109593ba6cfa6dac30575f54a1
eedd4407-5223-4109-a2da-8aaf978458ac,017092b9-a700-41e2-8365-eeeddf441c3d,3393,2025-05-03,No,9d3e43e7ba07aa69e410cb2991e03335
10de76f1-a047-4ea9-82b6-749f8120295b,2cc9a5a2-91d7-492b-8d35-7118e35f4dde,3318,2025-01-29,No,a27a699d25d09f1c4df7a95e136d06ce
cbf3a96b-a0f1-40be-890d-4ced5bf8dac2,9d69cc1c-f492-4f69-938c-91efee85a672,1357,2025-02-01,No,88e81c0d588fb4af5edd10d92af41945
6b9186a3-97d0-420b-800f-f3858fafbd07,2c063f55-8e12-40f5-82d1-e02e8211dcaf,3399,2025-01-16,No,785ba80ddb7c1b29d891d661db398aa2
851f7878-0d22-4f14-b287-e5f9fcb22463,796b2e76-cb5e-45a0-bba5-55e3896f4a19,2627,2025-03-22,No,9eb9abedbaa5d0b93ad183fb89745231
c8e970f4-3a35-4051-9c4c-efee7d28e9ed,e859ce9a-a9dd-43fd-9cd7-bf1bd8c13964,1600,2025-01-09,Yes,94ec9df533cf744a37c651b9fafa6733
615c220c-05ac-4583-b733-a11972cce85a,67004733-16a8-4c2f-9db5-f4bcfa0a4a3b,4230,2025-01-27,Yes,4b6f5f75b7c713782d4ae86f49fcfd7c
da02067a-a46f-494e-a79e-b1618e26a139,9d69cc1c-f492-4f69-938c-91efee85a672,3194,2025-04-24,Yes,a953e3cf825b0385449450ea65c1d888
3519f9ea-b9ae-4c78-91e2-52b8d3b273c0,7c5d467f-5fb0-4f77-905f-8acef67d84a3,179,2025-04-09,No,ab1a08ce3c873e6ff307b490c68d4e4a
66294d8f-6046-4186-82e6-077b6e9b08fe,df600f99-242b-4e78-acfa-07fe39eabd9e,28,2025-02-19,No,8960838b2c40d6abc06cef77bce82573
bbf0bce9-512e-4017-84db-6b1738005adf,bc0e387c-0b60-4a80-9ee9-45178de8cb66,4478,2025-04-07,Yes,3cb195012b0b7524e389e0f81c8af058
6d505250-2697-490d-848d-e49fe21312cb,0094c41e-8408-4846-b185-fbf114db7a0d,4990,2025-01-14,Yes,86fc2f0fbd478c15133a7352504036f3
8b525cc1-7d19-4240-a641-4402179ef675,65979d31-3be2-4e1d-8bcf-c43c3bfc1891,4483,2025-03-15,Yes,5057672a12b395d85c2512c31f5ebce8
a1850458-391c-4ff9-9ae1-6e0335f5eda0,9de85a38-608f-45f2-b25f-78aab3924fa9,3957,2025-03-09,Yes,882a9a0eb714fb53f602478b16c904e5
c845dda7-5e0b-410f-b903-6e20abc47f87,66beab47-39b9-4dca-b770-73f070a08070,968,2025-05-06,No,92e00151d84fbb6d82f0e48ac5bc14ea
db5eb017-54fe-4205-b6f6-5d2b02da20af,a0d03e66-36a9-4e3a-b061-90884a47209d,2268,2025-02-27,No,7f34ab767149677cb84d846bbddad80c
e80df9b6-9eef-477a-813b-86d98e3309af,9d69cc1c-f492-4f69-938c-91efee85a672,4626,2025-01-24,Yes,49a3795f149547e8b2cf1e84bfb3d743
2e3e3b9f-1b3d-4620-910f-45f5dbfc84e1,98079c5e-8c4a-4564-9ca5-658f9db89953,1860,2025-03-22,No,92fde90c2fe6ea2b5fd2bd07177046a9
b78aaa81-892f-4094-b95b-12d79cb22b2b,fc6dcd99-4fd3-49f2-aac7-18023820fe39,4852,2025-02-16,Yes,0e92307ba4d9b123c5ad19b27afc0e80
8a2190a6-1549-4246-b8c3-04bdbc3af607,fc6dcd99-4fd3-49f2-aac7-18023820fe39,3981,2025-04-16,Yes,34bd2d5b0294d7be9b5139e3872168b3
340507bb-a7c7-4356-8f8e-c46140bda924,abc2f41e-ab8f-430c-9677-705f4343b0ec,2678,2025-01-08,No,54a661291494fcc2f4b3ed4fcf32a7a6
2a1afa47-b7d3-4a03-930d-ffc18d71d906,9de85a38-608f-45f2-b25f-78aab3924fa9,2939,2025-02-22,Yes,de0baf69896c3b6f19c9d04baf543e62
86570c37-3e81-4736-989e-cb3329285041,b92ca163-e06f-44a7-896f-f4b2dd7e856f,1514,2025-03-12,No,198d77a3b5e45ab40d05b22de70b009d
87f28893-20d9-49ea-b39e-9933536b8477,93a2faf7-17c8-4513-b63e-f27c8b36314e,4065,2025-01-08,No,087f47f38b8b944539d7c9791af37061
5011fd36-54bf-46a6-966b-b41778b9407c,a0d03e66-36a9-4e3a-b061-90884a47209d,3833,2025-02-13,No,b3915145de385c63ab5b25362624b82b
1cdcebc7-d3f1-4d56-89da-8879ee936b66,f69962ca-a6b4-4464-878e-59ae6b43b6f8,4938,2025-03-01,No,efaaf42f2dffd223ba01daced93f9f44
c634c31d-bcc5-411b-bb29-0dc3ea15670a,11c38e31-9cd1-4350-ac64-1e541ef9fbaa,1520,2025-04-14,Yes,dd1f45a89297523f0b70cebe7973d026
681611fc-509a-495c-89b0-a0baa0dd6ec3,9e99f1a9-2f4f-4656-b1f9-52feeb5fe236,256,2025-02-10,No,f5e761484928e0d164df7fb362d9e370
43c608ab-da8c-4838-bef2-0e63219cc55b,bb8f9480-8fc2-46ac-8f93-942acc115626,3546,2025-02-23,Yes,f46a0b667ab4a113b9f53e383cb4e536
3b21027d-591c-48fd-844e-1cb4fb60ae96,86664865-4e84-4896-b9b1-3d58a3c19a13,3716,2025-01-16,No,bc84c9559c13a9767bd46729857ecf4d
d75450c0-6f11-4a73-a3da-17e57426ff1d,ff2d9922-b0db-4e79-9e69-dde9abb78db2,2547,2025-03-20,Yes,2cfeaeb8d71bb418e34aa973e37eb0df
31012e45-7ffa-4b42-b80e-19d337b75260,a5cef112-752a-40ba-b573-df00b771d56a,2525,2025-02-26,Yes,b716baea43f4ab1d50101347f1b210b0
ff61e143-dcb6-4919-9f8e-641ae7213175,422d5e26-8e3d-4eac-b286-f70ead07c1f4,2768,2025-03-15,Yes,5f6ec70613755e212b2ae7af7df4bdc8
6247319e-d850-48ed-99ab-2f1748a731d6,65979d31-3be2-4e1d-8bcf-c43c3bfc1891,2862,2025-01-23,No,623b7ce8131c998dec077d5132e2d606
61b06ca5-fb5d-48d2-887c-5ecb3978c4a0,9a261f6c-478e-4a10-96ad-4b76e6f7f43f,889,2025-05-01,Yes,7cfee80af7aaaa4f2d731b15100ad666
8a2259a2-27cd-4526-aa57-ba38f145bf58,67403e9f-0231-4a15-848a-d9cea4795a2a,934,2025-03-02,No,6c25a867a3132265bdc0b18c0aacf8c9
2fbee97e-48c9-4c11-a5d9-8dd2424336d4,2cc9a5a2-91d7-492b-8d35-7118e35f4dde,3010,2025-05-03,No,cb0c7c195dac1de5e55c303009b48a45
a9eff7b4-0ca9-47dc-bf62-0f6f44f5bd2b,11f5a691-d739-491e-8a3d-0cac3ba34fc5,1297,2025-02-11,No,ec3ad15dd2741c1583a65ec1f13a9040
72cc2008-4b6b-42cb-8693-c6352ed2feb8,efd12b55-23e9-4f58-a207-35e1da7e7afe,332,2025-02-01,Yes,276e2b857f5fbd108134d4694f80771c
178e5247-e356-427f-9c4f-dd10309c3994,7c5d467f-5fb0-4f77-905f-8acef67d84a3,4718,2025-01-06,Yes,457e89a9c2f373e8c6611ca2b107082a
4c095fc8-abf0-4c09-8a30-d2997d54b7b7,fc2265ba-8133-4e60-af32-0b135f4fc3cf,71,2025-01-28,Yes,005d9fda1a809e39b60aa50984192fcb
0a3f3ad9-4a11-44bd-a0cd-24692e60d1e6,d00399b5-89cb-48fa-8d60-5ea1f649b655,3695,2025-03-25,No,662fedf75d6b6b7f0009a9fd831ad596
69e0fa53-b30e-4210-8224-2719aa52c1eb,796b2e76-cb5e-45a0-bba5-55e3896f4a19,4434,2025-04-22,No,2746571d7ea524393d14341d4769f523
e2e45e68-e073-4627-a68f-77d204f09833,e52160b8-9208-4ee8-b49e-702370bb38e0,4297,2025-03-28,Yes,eb4d0d458f36c826a19f76eb2b648f8f
ff722a96-813f-4b30-872f-ff6e8951d1ec,f34607a8-f6d3-427d-acf9-3d905082506b,3068,2025-04-05,No,85433e3cf2282d66df450c2f947781db
791eb787-325c-46f3-ab34-8529b3e02ad0,0475a1c4-c35b-4ecb-be0a-6103af0e3d5d,2457,2025-04-06,Yes,9641d99052c6f498dfa6f4fef15b0502
6c981dce-1102-4105-85b4-d1e1bc2e2bd5,33a546d5-7808-4799-bc38-8b809d0c5ed7,3680,2025-03-29,Yes,9630b7ab10c6afbe1df8b94c6127c4a6
01a053b9-8421-422b-b64f-b7ad6d746b40,67004733-16a8-4c2f-9db5-f4bcfa0a4a3b,3828,2025-03-12,Yes,b000a295f4b8b061281a3ce3aee1fab2
8df427ce-bc73-433d-871a-ec428dc8de64,e859ce9a-a9dd-43fd-9cd7-bf1bd8c13964,4017,2025-01-03,No,2dc03f106ebb66b814939ad9e99eb133
63be1fb1-f9c0-4378-b52d-ab8c6ac2c260,11c38e31-9cd1-4350-ac64-1e541ef9fbaa,1053,2025-05-07,No,1cca7b013bffb87033e6b4e277b35f73
12863594-9c9d-4834-85dc-34487b85b4af,545d1542-4e1e-4804-851b-400d5b020f68,2790,2025-05-08,No,62b0b91bcef6c66def008117f4534f5b
c4b0194d-4540-477e-81cf-22ee34ab43e3,788d99f0-9972-408f-858c-28268e4d1d93,94,2025-01-07,No,c51aee2073854b7bb7a3bd071f2a64ee
8d049bd0-166a-4526-a2fa-baf81f444027,fc6dcd99-4fd3-49f2-aac7-18023820fe39,2436,2025-03-18,No,a31747b2505fb0c6724f6d6c34d112c1
24102781-b17f-4e88-8786-6edfc85010a2,a8fcbccf-0403-4a4c-a900-7f5c87ef1aec,2453,2025-04-25,Yes,42e6ab1a74ca9f77d80723ae14f17109
43338209-b6ea-4826-bd84-31b15175adaf,0e725382-cfa7-4eea-b824-68123317826d,3380,2025-01-28,No,7e6162e87a81f8067bdd43ec5bfd0070
eb845ccd-0d06-4a10-8cff-5dc879a6008a,bb8f9480-8fc2-46ac-8f93-942acc115626,349,2025-04-02,Yes,b2159e801703ba7ca69ecbf1c993f35f
d5bad9b9-6077-43d3-832b-262aa75d990e,5f2643f1-ca38-40c5-adaa-748da8a72c69,3197,2025-04-23,No,6f83995067116890e72a0abe87cdbe39
b6014bea-3968-4a05-8155-f1b609686fd1,86664865-4e84-4896-b9b1-3d58a3c19a13,2043,2025-01-11,Yes,08efa72482a731dc3292f453879309a8
4f53bdf7-6045-4df3-b307-9a949e329f41,dbe6c8e6-7cc4-477d-ab61-f3f2e5dce341,3035,2025-02-26,No,adf21338c2a32dc9f1af76f6e3b4b038
db809bcc-1688-4a36-b2b6-4ba0bf5e5858,9de85a38-608f-45f2-b25f-78aab3924fa9,4790,2025-04-10,No,3b97f3d3d33d0a2a7fb72623880042aa
b17f1b18-9fc2-442e-8f86-8c3a535c5091,67004733-16a8-4c2f-9db5-f4bcfa0a4a3b,4332,2025-01-07,No,98a886f2f9dadbd879b40be1da0c11f0
9e005700-4d02-484f-a259-610147568d63,86664865-4e84-4896-b9b1-3d58a3c19a13,128,2025-01-19,Yes,96754dcabbafb2fb89edccedad81e626
fcbdc561-c922-47ad-9ffb-91d2ee5ef79c,01d50da8-b34d-48ef-b445-cefaaa00514b,354,2025-03-07,No,2b3e47d563c00ebb250260a3713d74b4
42f285cc-64fc-43a6-a7fe-16b925baf1f5,2421a4de-b9b6-4373-992d-f10380e8449e,4635,2025-03-12,No,dcef6f68053f34aa7330ee7f172f26d4
d88a3d1f-99cf-4953-9a26-732fe3c29248,ee85931e-020f-4408-8af2-2b9bf4edd7b8,3509,2025-04-02,No,e26a5213990eb27f10cb88966eacd12d
11db3bdc-8f49-407e-ad15-e505cbfd95ae,02cb4728-42fb-4733-962c-19a1d3c00406,109,2025-01-03,No,0ff690a4723fbf886521ab60b48159c7
41da64cd-0fb2-4aaa-a647-4ce3b991c55f,2e90cc5a-37c7-450a-ae09-18d7be038c34,3248,2025-04-16,No,45c7df8ee04c008204d1b02d8f377d43
bf4ca97d-77c1-498e-86b5-b1a56104a99c,02cb4728-42fb-4733-962c-19a1d3c00406,737,2025-03-10,No,363b2e3152e804124b042e4c23efd826
175ac90f-40ec-4164-8cdb-8df076a3b932,035765ce-dcbc-478b-b43f-f38992c442ff,2000,2025-01-30,Yes,d63a35ba8ea6db7b92e69d6eef1a487a
3a138474-c9b7-4c64-8e23-dc0070d57a0d,9de85a38-608f-45f2-b25f-78aab3924fa9,1398,2025-02-21,Yes,69451e2fed61ca4f8df45051ee03b795
1b7fd27b-813a-44b7-a2bd-bf75798333a4,829df66c-a6f3-474c-bc06-48d34aa71c44,792,2025-04-13,No,7c49893935a07c7cec8b8d1beb1511cd
42699649-37c9-481c-abd2-7f7a08f97beb,8070fcf1-87d8-48e5-988f-1f369c06cdc1,4060,2025-02-27,No,3f278dda8097512073b47532c2fa9d00
3a2fa68b-d461-4829-8f4e-b988bf01951d,2421a4de-b9b6-4373-992d-f10380e8449e,4060,2025-03-17,No,708219ff0250ab8c94a3420556280f63
c91e8fcc-aca8-48c3-b24b-663150f3725f,9b1ddb4a-54b2-4afc-bce8-defb8d65c1f3,881,2025-03-09,Yes,d0315eb9de7aa2b9d187ce5e2f21f430
59531619-5ec4-471c-a255-f8f0c71f478d,a0d03e66-36a9-4e3a-b061-90884a47209d,1250,2025-03-23,No,2a7f42793a76fb5e7b8f4878222ce515
952aef39-4724-4afe-bd99-271c84126274,0e725382-cfa7-4eea-b824-68123317826d,930,2025-03-31,Yes,749db8e6a9f17b39ea994e9bc63cf68e
fbfcdc89-9d7c-4f3d-a5eb-cbb188f9e9bf,422d5e26-8e3d-4eac-b286-f70ead07c1f4,3249,2025-03-05,Yes,422b3d574ebab1f84cdf86505c1d4a1c
ba40e847-1f79-4871-978e-d8179ee9675d,f69962ca-a6b4-4464-878e-59ae6b43b6f8,4007,2025-03-17,No,8b438ce405b7b3d673b8076ef72de622
fe9d1e05-bce5-4435-9f5c-d66bf5dca064,abc2f41e-ab8f-430c-9677-705f4343b0ec,3463,2025-04-16,Yes,11db2b6f110546ecf344f4a6c649425c
cfaf45a4-cba9-460a-805c-1946a33bb57c,fc6dcd99-4fd3-49f2-aac7-18023820fe39,2467,2025-01-19,No,688142ca51777f864382e684926862e3
b4cbe9ba-5ffe-4de6-8283-2571d0217e35,b92ca163-e06f-44a7-896f-f4b2dd7e856f,1072,2025-04-22,Yes,195b19f6fb110290fd0f12716eba3a76
4d988af9-fafe-43cc-bcc5-e2f48dbd82ca,67403e9f-0231-4a15-848a-d9cea4795a2a,979,2025-01-12,Yes,24edfb29803f50548bf3a1206d83c6b1
