SubscriptionID,CustomerID,PlanID,StartDate,EndDate,RowHash
b870944c-f534-41ec-ba3a-74e17c688893,fc2265ba-8133-4e60-af32-0b135f4fc3cf,5e3d670b-a701-434d-8b96-1024e3721259,2025-03-21,2025-05-25,8c63680c46802a9acc902a4ddad68934
57df865e-c578-4f46-985a-b26e6ddeb41f,e073b0a4-d2f4-45a1-b8ce-63b5075e168c,e59740d0-b625-4d9a-9ebd-39315c2b5841,2024-11-11,2026-01-26,cf6a488be9d30d572ea1d87a14bdd45f
f6671068-ab30-482d-810b-07beeab8ec71,cc7e6efc-6c65-4b2c-9314-ee7b451acbdf,e59740d0-b625-4d9a-9ebd-39315c2b5841,2025-04-15,2026-05-06,fffaf0a36fa0e7187a87e4b684d82de8
b04fa882-9778-4755-89d4-7011921ae7fa,dbe6c8e6-7cc4-477d-ab61-f3f2e5dce341,e59740d0-b625-4d9a-9ebd-39315c2b5841,2024-10-29,2025-07-12,ca5893851176ee896fb2aa68d1de8b79
52b0e5be-a270-43b0-985a-240a126ccc8a,0094c41e-8408-4846-b185-fbf114db7a0d,e7c9893a-bbb8-43c9-9301-8e7006f6a730,2024-05-25,2026-03-03,b34d45eedd6a99aa36eb36850459c846
c1757155-8f59-4f7b-8222-d24e823a12b5,1839e3f3-d986-40e7-b0da-022e91928a13,5e3d670b-a701-434d-8b96-1024e3721259,2024-07-06,2025-10-26,82f3b15f221c180a80092003cf479136
a4f0a445-e52d-4de3-895a-864e1e915c5b,1e9a0433-e9bc-421d-9dbb-d2cbf6fb2297,5e3d670b-a701-434d-8b96-1024e3721259,2025-03-21,2025-11-27,83cfe3f8a45d09044734188e2eb37643
8f4e2674-e545-4cd0-83ae-5b83b0b690a9,017092b9-a700-41e2-8365-eeeddf441c3d,e7c9893a-bbb8-43c9-9301-8e7006f6a730,2024-11-09,2025-05-20,0681082ea3707cd8ede25575a7de71fb
ed43de3a-8501-40c0-825d-93ffa2b17cb2,2cc9a5a2-91d7-492b-8d35-7118e35f4dde,e59740d0-b625-4d9a-9ebd-39315c2b5841,2024-09-11,2026-02-01,09a9742b53d7719fbf3b3f9b1102ca38
f238183b-eac2-4c00-b10f-937da0d0dfec,11f5a691-d739-491e-8a3d-0cac3ba34fc5,e59740d0-b625-4d9a-9ebd-39315c2b5841,2025-03-25,2025-09-07,86a96a7be36271fb511888c304d2d71d
7c362ff4-3877-4832-8daa-5e4867eccb90,cc7e6efc-6c65-4b2c-9314-ee7b451acbdf,5e3d670b-a701-434d-8b96-1024e3721259,2025-02-07,2025-09-28,0a6a6cd4766981876f9b8397321fa638
e48f75f9-06ef-4634-976b-775652d5a099,67403e9f-0231-4a15-848a-d9cea4795a2a,e7c9893a-bbb8-43c9-9301-8e7006f6a730,2024-06-25,2025-08-10,9a8b1d1200a0cf37d2e1a68bd6fc9b5f
cbde9ef2-907b-4e5d-a52a-c3782d2a340b,e859ce9a-a9dd-43fd-9cd7-bf1bd8c13964,e7c9893a-bbb8-43c9-9301-8e7006f6a730,2024-06-04,2026-04-26,79c0a3d416a5587ca8b341237cdf5f7d
40671582-ab29-4b37-b7aa-d8b01537e196,270a78d4-d980-45c3-bf41-9c12bdda3546,5e3d670b-a701-434d-8b96-1024e3721259,2024-08-07,2025-10-27,22a9198a0e4c0277de6dfff068e38f1e
5d2a7363-99c0-480c-951f-67810e5ad006,01d50da8-b34d-48ef-b445-cefaaa00514b,5e3d670b-a701-434d-8b96-1024e3721259,2024-10-31,2026-02-07,046bd931c899ff2cc6ee404ee90b2a2e
92932b5f-b58f-4b55-87f7-0114d1552c71,968a9a9b-e535-45fc-802e-9f05148e0052,e59740d0-b625-4d9a-9ebd-39315c2b5841,2025-01-17,2025-07-16,b15ed3ab5b4401fb0fbad5cc406ce210
0e420e91-909c-4186-9782-324319e389c5,9a261f6c-478e-4a10-96ad-4b76e6f7f43f,5e3d670b-a701-434d-8b96-1024e3721259,2024-08-27,2025-06-01,c1efd799e0cc43014b45a8b931c452e4
ccc29121-ce0a-4e7b-8b11-890bb06b6807,ee85931e-020f-4408-8af2-2b9bf4edd7b8,e7c9893a-bbb8-43c9-9301-8e7006f6a730,2025-04-26,2026-02-09,f6f58694aa39cf66c0f75b12248e7f1c
c04d1f77-ab76-4bca-9317-bb1d550b0bfc,85c32511-7f37-4de1-882f-2efa8040dea4,e7c9893a-bbb8-43c9-9301-8e7006f6a730,2024-05-25,2025-08-11,15c73d0d15b7d17de85e9b3bf60f9a12
69c378ab-224f-4029-bc28-8c881b3424f1,33a546d5-7808-4799-bc38-8b809d0c5ed7,e7c9893a-bbb8-43c9-9301-8e7006f6a730,2024-07-22,2025-12-08,7c74b2bf017a2cc8cf0df22442fd4c4a
978ce64f-b866-4f3e-b7be-7c47c5be9b77,bb8f9480-8fc2-46ac-8f93-942acc115626,e59740d0-b625-4d9a-9ebd-39315c2b5841,2024-08-13,2025-09-03,143ff321b4f0efead813fb89f2cfbb80
a5e1380f-49ed-4bb9-b6bb-e65d313b2d7d,e52160b8-9208-4ee8-b49e-702370bb38e0,e59740d0-b625-4d9a-9ebd-39315c2b5841,2024-11-09,2026-03-12,c2e15ae396e88b6889c53aa8efea9207
0e711ac1-4e0b-416f-90bd-a186c88e0c68,67403e9f-0231-4a15-848a-d9cea4795a2a,e7c9893a-bbb8-43c9-9301-8e7006f6a730,2025-02-16,2025-09-12,5086e1da7a97cedbca963b6f5417d422
160fd9eb-3610-4e54-a8b0-70faa4681d80,bb8f9480-8fc2-46ac-8f93-942acc115626,e7c9893a-bbb8-43c9-9301-8e7006f6a730,2024-12-01,2025-10-27,7ede0ce9e9266eeb489d7e7221e65f01
bbbce2ff-ebc2-4c0b-b773-56ee8630692e,33a546d5-7808-4799-bc38-8b809d0c5ed7,e59740d0-b625-4d9a-9ebd-39315c2b5841,2024-07-16,2025-08-31,2e32d3aee2fcbb336402dd1282c05974
f208f3a1-8e62-403b-926d-dc309b2d6bc1,df600f99-242b-4e78-acfa-07fe39eabd9e,e59740d0-b625-4d9a-9ebd-39315c2b5841,2024-10-02,2025-06-25,13be5b79805d5df921130248521800b2
d9e34331-2f9a-49a0-91b6-f9c08773203c,07a7c40b-1082-478f-be65-ed92db3c2b5b,5e3d670b-a701-434d-8b96-1024e3721259,2024-06-20,2025-11-03,27f1823b659d7ac6f0437c47ba2259f4
897c6d44-cb86-4392-9f5d-34e16c94f6c0,1e9a0433-e9bc-421d-9dbb-d2cbf6fb2297,5e3d670b-a701-434d-8b96-1024e3721259,2025-04-16,2025-09-29,0e986fc650a25890b96ccbcbfcc59d07
9b190edf-0f1e-49b0-85dc-14d65a677879,f69962ca-a6b4-4464-878e-59ae6b43b6f8,5e3d670b-a701-434d-8b96-1024e3721259,2024-09-10,2025-05-29,01508500626e6bb29e195b53ef4f42c2
25922036-56d0-487c-80dd-e0aaf338781a,65979d31-3be2-4e1d-8bcf-c43c3bfc1891,e59740d0-b625-4d9a-9ebd-39315c2b5841,2024-09-17,2025-05-27,97f16ecc8eeb0d3be162ab5f9b3f76c4
5f0d3cb8-527a-4ede-8f64-47fba2a861e6,a8fcbccf-0403-4a4c-a900-7f5c87ef1aec,e7c9893a-bbb8-43c9-9301-8e7006f6a730,2024-10-07,2025-09-10,fdb4b0c0ae69efe1f8eb712a38679f86
9cdf8f4a-1ae9-460a-99f5-cc956f0dab16,efd12b55-23e9-4f58-a207-35e1da7e7afe,5e3d670b-a701-434d-8b96-1024e3721259,2024-10-01,2025-05-19,e56eabe77b9397896717443d3006613a
02c53e1f-09b3-4239-bcd5-4a19b500b3d9,67004733-16a8-4c2f-9db5-f4bcfa0a4a3b,e7c9893a-bbb8-43c9-9301-8e7006f6a730,2024-05-16,2025-08-06,a30b2dfca3d3d4b1b3d4a98cf18f36f6
2e3515cf-7af5-4e7c-b792-dc8367e2abb2,54908c4a-1561-4b07-b9d8-8cfdf77e25a7,e7c9893a-bbb8-43c9-9301-8e7006f6a730,2024-05-20,2025-08-09,194b8ef423a06be8f790c5e75b568328
d51939ff-15ca-4656-ae6b-e59075c7358b,fc6dcd99-4fd3-49f2-aac7-18023820fe39,5e3d670b-a701-434d-8b96-1024e3721259,2025-04-20,2025-05-20,12c8438ce9560d2e6e75fade5916c759
a3868300-2fb3-44dd-86cb-c58a4cde0bc2,54908c4a-1561-4b07-b9d8-8cfdf77e25a7,e7c9893a-bbb8-43c9-9301-8e7006f6a730,2024-11-04,2026-01-12,9102b70cd5177022d146b7600cd6a3da
d3533aba-f829-4c70-96e0-18fce2bbd8dc,d86011eb-bd81-4aee-b905-18ffad895411,e7c9893a-bbb8-43c9-9301-8e7006f6a730,2025-02-13,2025-11-16,d92a49e1cc67a73ec554ed3170ad6c57
122efdea-db3e-4cd5-94e1-aa7a04b1ab2c,cca906af-6247-4f65-82be-311947bfff74,e59740d0-b625-4d9a-9ebd-39315c2b5841,2024-05-26,2025-08-19,8885cec267559bf8cc75d7bd65332894
871f6bbb-3acf-49e1-b34c-585103d126ae,bb8f9480-8fc2-46ac-8f93-942acc115626,e7c9893a-bbb8-43c9-9301-8e7006f6a730,2024-10-15,2025-09-05,84c8cd4a7bf321af149b6b50a1e0bdb4
78e86211-0eb5-4664-b2bc-98446e59fbf1,a0d03e66-36a9-4e3a-b061-90884a47209d,e7c9893a-bbb8-43c9-9301-8e7006f6a730,2024-10-14,2025-09-30,a049e14b98829edd3bb9db92aec1c327
88d5b1f3-d977-4891-8d17-289b68a336e8,bed734db-9554-4ebe-b415-628b657962d6,5e3d670b-a701-434d-8b96-1024e3721259,2025-01-03,2025-07-23,852df75b975f4d49b2b0f49bf8b89d14
e980acc1-8b3a-4ae6-a0a4-b12c694a816d,07a7c40b-1082-478f-be65-ed92db3c2b5b,5e3d670b-a701-434d-8b96-1024e3721259,2024-05-20,2025-06-16,99e9eea653e40c4ea4b340fdfcdc8e58
9e7a6cf1-c02c-4459-b22b-0cf61ed79e1e,fc6dcd99-4fd3-49f2-aac7-18023820fe39,e7c9893a-bbb8-43c9-9301-8e7006f6a730,2024-07-31,2025-10-09,b61b897c926e5dfc22b612eecfd05c10
c318ae26-ff36-4ce6-bfe2-cb3e57bc2356,0094c41e-8408-4846-b185-fbf114db7a0d,5e3d670b-a701-434d-8b96-1024e3721259,2024-09-14,2025-12-28,8f17999d2d488e448621b64eb7cf8c87
6f9c1485-677e-49f0-abce-096d13bbe97f,5dcbd063-c98d-4d66-923f-e117989bd15c,e7c9893a-bbb8-43c9-9301-8e7006f6a730,2024-10-02,2025-05-17,25b02e9dfffa076d36dd788d456772e7
30ca74e9-7e45-441e-8447-584289ec1b58,653cd13f-483a-49af-9e45-04707ae1508e,5e3d670b-a701-434d-8b96-1024e3721259,2024-05-30,2025-12-04,48dda2b19008989c797d59df2f05b9ed
7617b462-5a11-4414-ab14-9ca2e539fd20,6e33f6a3-8056-4cdc-abd5-b6554a925aca,e59740d0-b625-4d9a-9ebd-39315c2b5841,2025-01-19,2025-06-04,aba52ecec545cfd9c5ccce40c775a41e
58347364-e5b0-4f19-9dca-ddfa4b3f8648,035765ce-dcbc-478b-b43f-f38992c442ff,e7c9893a-bbb8-43c9-9301-8e7006f6a730,2025-02-28,2025-12-17,583cddce87d828572c76e21f3a1e1215
e8b9e89a-1fc7-471f-99dd-400d5f4f4ced,8a2b7c00-2a2a-434d-af0b-86e03d94e54d,e7c9893a-bbb8-43c9-9301-8e7006f6a730,2024-07-11,2026-03-30,3a0f35af17d8bd4c3491adaf4bfe4815
322fdbc7-86f9-45d6-9ece-98d1a13d23cf,cc7e6efc-6c65-4b2c-9314-ee7b451acbdf,5e3d670b-a701-434d-8b96-1024e3721259,2024-08-15,2026-03-26,a2d0360d1b69e2a3c44315e9504f773e
99cb0075-743b-4d98-927b-ab896b2166d1,bc0e387c-0b60-4a80-9ee9-45178de8cb66,5e3d670b-a701-434d-8b96-1024e3721259,2025-01-18,2025-09-02,49da76eec559f9669071fac990c73068
ff8143b7-41c5-40e4-bc40-a0903c624fd5,11f5a691-d739-491e-8a3d-0cac3ba34fc5,e7c9893a-bbb8-43c9-9301-8e7006f6a730,2024-09-18,2026-02-27,98d9e8ea3f04bfd8134b52bc1b1a8a08
206eb9f1-9481-43a3-868d-3790a461ff9d,6e33f6a3-8056-4cdc-abd5-b6554a925aca,e7c9893a-bbb8-43c9-9301-8e7006f6a730,2025-02-18,2025-09-28,37ab7f0308982a51e0afc79ce654e202
96f7945e-cb82-48cb-973a-18b788b7d633,eb0851e2-3417-47e5-b97e-36ebf487607f,e7c9893a-bbb8-43c9-9301-8e7006f6a730,2025-02-24,2025-06-12,cdabde74a78637cd685c4beeb651392e
9c3282b8-7714-46ca-b941-b599cfe5b617,3bb1717d-21cd-470c-9e89-3c63077a1359,5e3d670b-a701-434d-8b96-1024e3721259,2025-04-02,2025-11-21,f25771b7d68327f18348661a276dab09
283e7a5e-3104-44db-bbe9-9d94756a40aa,545d1542-4e1e-4804-851b-400d5b020f68,5e3d670b-a701-434d-8b96-1024e3721259,2024-06-16,2025-11-17,3e0a319ad4d17c83e0705f7634fc6a65
e061388c-3c9d-43df-97e0-72d792561412,d00399b5-89cb-48fa-8d60-5ea1f649b655,e7c9893a-bbb8-43c9-9301-8e7006f6a730,2025-03-03,2026-03-27,4fbc121109dbf585e94dd33b985521c9
5f880894-bb13-45aa-97c1-d4c32929c7fe,2eb88cd9-93aa-4403-b930-4d0d8ababa21,5e3d670b-a701-434d-8b96-1024e3721259,2025-04-24,2025-08-05,ca2d940452d770cad96496539f8260d7
47144bf8-8dee-42a2-970b-663b60115f49,6ade7926-18a4-43be-bb13-3e4a5b1f455e,5e3d670b-a701-434d-8b96-1024e3721259,2025-01-16,2026-04-15,454c2ddf98234b313400b502e987aa07
c2e4b0d2-0687-43eb-a175-b7abe2a5df6f,02cb4728-42fb-4733-962c-19a1d3c00406,e7c9893a-bbb8-43c9-9301-8e7006f6a730,2024-07-08,2026-04-05,cb2c09e0dd68cba3ad39259bc0326a1f
90a508fd-557a-4a8b-8f3d-1ca32134b9f5,c8a37272-48fa-44ed-a432-b26ea868a892,e59740d0-b625-4d9a-9ebd-39315c2b5841,2024-08-03,2025-05-28,03ac471621fe25a2e3dfb7c4adaf138f
ad6b1f1b-85c4-426f-85ab-fa6dd75b73b4,5cefce5f-5a44-4f10-8dd7-0c809c4c169e,5e3d670b-a701-434d-8b96-1024e3721259,2024-07-03,2025-09-22,04a52c7b1493b8624df74c8ed3074acf
7aa23676-f34b-4805-bb58-efd981996db4,6e33f6a3-8056-4cdc-abd5-b6554a925aca,5e3d670b-a701-434d-8b96-1024e3721259,2024-06-17,2025-09-19,89377545a7d4c500a6f17890d8652c23
ce60a1b9-e2c5-4b02-9007-568639472991,5dcbd063-c98d-4d66-923f-e117989bd15c,e7c9893a-bbb8-43c9-9301-8e7006f6a730,2025-02-19,2025-09-20,eaccebd6435b60ff1a3e2703231bda0b
486656e9-7402-4de5-bc26-fd19175b8a8b,0475a1c4-c35b-4ecb-be0a-6103af0e3d5d,e7c9893a-bbb8-43c9-9301-8e7006f6a730,2024-10-14,2025-11-26,b27e8edd87d783c24d085b77fa8197a0
c4ea9815-1ae0-43c4-83c3-0ba0c1263199,7c5d467f-5fb0-4f77-905f-8acef67d84a3,5e3d670b-a701-434d-8b96-1024e3721259,2024-07-30,2026-03-01,5b16b160e219558a96dcd9fcf0c29bc8
d2a1d633-73a9-4a0d-baff-ffdd46148019,5dcbd063-c98d-4d66-923f-e117989bd15c,5e3d670b-a701-434d-8b96-1024e3721259,2024-06-22,2026-03-03,0267b96618a2dbf6387cf7fc089a5431
7ab64d88-cb1d-403a-88e8-64c1c773af93,68bdc8a7-ac0a-4ba3-a509-ce917bde451a,e7c9893a-bbb8-43c9-9301-8e7006f6a730,2024-06-27,2025-07-13,e034a59fcb5d5591aba17238bdecdcfd
5eacdb34-a9ec-4ada-a3e2-5ae743d6540a,f69962ca-a6b4-4464-878e-59ae6b43b6f8,5e3d670b-a701-434d-8b96-1024e3721259,2024-07-13,2026-04-21,d9585c03665579ff87aa91070a15b0c5
3f763353-2bf5-44ac-9814-eb117e148c24,33a546d5-7808-4799-bc38-8b809d0c5ed7,e7c9893a-bbb8-43c9-9301-8e7006f6a730,2025-04-16,2026-03-06,f58b4d848a7198a6b5f272b7ba7e7aad
78517c98-dcca-41d3-84ae-c36ee10e031a,ff2d9922-b0db-4e79-9e69-dde9abb78db2,e59740d0-b625-4d9a-9ebd-39315c2b5841,2024-10-27,2025-10-12,e8aeb63e924babfe1674bb712db52bec
b128695d-e1dd-4ca8-86b0-dd523b07467d,65979d31-3be2-4e1d-8bcf-c43c3bfc1891,e59740d0-b625-4d9a-9ebd-39315c2b5841,2024-08-21,2025-07-14,5ac3dce6a9cffb9193ba88c885e91aee
4fe28e3e-29a7-48c6-9b57-f7460cd37b89,1d301ea7-8438-4977-bbde-d4ecb1b9ca1d,e59740d0-b625-4d9a-9ebd-39315c2b5841,2024-11-05,2026-02-09,1f52abf672c89b375a41bf33ac1637fa
51f67bdc-65db-4690-85e2-405739ed048c,1d301ea7-8438-4977-bbde-d4ecb1b9ca1d,e7c9893a-bbb8-43c9-9301-8e7006f6a730,2024-09-11,2025-10-07,072bd980e8907c7afce74cbddc82c5f8
1995ea43-f5eb-4c3c-9adb-6d28cd5388d5,93a2faf7-17c8-4513-b63e-f27c8b36314e,5e3d670b-a701-434d-8b96-1024e3721259,2024-09-29,2025-07-29,580c34a034749cc33a499b7867fe9e6c
e0622247-3a8d-497e-9b0a-b5cf06451943,19a564d4-ed76-41b2-bf45-d41d8500da78,e59740d0-b625-4d9a-9ebd-39315c2b5841,2024-10-19,2025-10-04,cb5dd45974d52d2d2e1724367cb7c221
ad595306-3a6d-43b1-a1bc-e0517b4ab95e,cc7e6efc-6c65-4b2c-9314-ee7b451acbdf,e59740d0-b625-4d9a-9ebd-39315c2b5841,2024-09-30,2025-12-15,1140f639ba7a57897c094844f043a686
fa85b9d5-3f98-4409-9373-7fe6a1f9b3e0,2998fa4a-22d8-4603-a0fe-09f27c36a0db,5e3d670b-a701-434d-8b96-1024e3721259,2024-05-19,2025-12-09,5f688f83b8f8d7af1a59c797022ed395
357ebcaa-53bc-42fc-877f-c1f19ceabef0,270a78d4-d980-45c3-bf41-9c12bdda3546,e7c9893a-bbb8-43c9-9301-8e7006f6a730,2025-03-28,2026-04-22,59a0cefbe16269d436df3ddfa96cb2a4
ccd228b4-05a0-4fa2-8406-1e26ff70ec24,84f6c6dd-37d3-4909-801e-b3d78f3e8099,e59740d0-b625-4d9a-9ebd-39315c2b5841,2024-07-08,2025-10-09,e71c703c4cb3021c3df4105a79081112
a2b12cbf-367f-427f-8e0c-2fe004b3f316,422d5e26-8e3d-4eac-b286-f70ead07c1f4,e7c9893a-bbb8-43c9-9301-8e7006f6a730,2025-02-26,2025-07-21,1b78fa5e7dfe84ab53b01d88f56b4f52
0c5e25ea-d266-49f9-b417-b746f28f084a,5f2643f1-ca38-40c5-adaa-748da8a72c69,e7c9893a-bbb8-43c9-9301-8e7006f6a730,2024-08-10,2025-06-28,69b32638a7d8226ac4c7a15418ffaa76
ee90c1ac-444d-440b-9641-ef041ef3cedd,68bdc8a7-ac0a-4ba3-a509-ce917bde451a,e59740d0-b625-4d9a-9ebd-39315c2b5841,2025-04-29,2026-02-22,aeaf91f19b15bfe0c5e08733d70aa123
2b443f8a-fd1e-4b6d-8fe0-ca5b09e88e84,bed734db-9554-4ebe-b415-628b657962d6,e59740d0-b625-4d9a-9ebd-39315c2b5841,2025-01-27,2025-11-04,f4e58ba8cda59b64319a95f2f4e7e619
438a01aa-4372-47a6-b089-038b5e465eaf,dbe6c8e6-7cc4-477d-ab61-f3f2e5dce341,e59740d0-b625-4d9a-9ebd-39315c2b5841,2024-07-26,2026-03-11,8f089576310eea5533633ce2388a7e4d
b701cfe7-dd4d-4392-ad72-1cff3732cb20,788d99f0-9972-408f-858c-28268e4d1d93,e59740d0-b625-4d9a-9ebd-39315c2b5841,2025-04-11,2025-09-27,4b4176b340fccec53218d7eda3d0fb62
1d74f388-8156-4164-a5f7-62e42051cd50,5dcbd063-c98d-4d66-923f-e117989bd15c,e59740d0-b625-4d9a-9ebd-39315c2b5841,2024-10-24,2026-04-13,cbd1db2354a53cb2632d7585ccb764dc
09e5427e-269c-4e53-94f4-91c9946bff68,e27170d8-ce33-4bf7-8f25-44b9c31f435b,e7c9893a-bbb8-43c9-9301-8e7006f6a730,2025-03-18,2025-06-09,9455818f15cceb98e206e86157f1c109
d022859e-eea3-45d5-8864-2b5f5548a63e,eb0851e2-3417-47e5-b97e-36ebf487607f,e59740d0-b625-4d9a-9ebd-39315c2b5841,2024-05-18,2025-10-07,d9430cc7a65e12c2f7c411732e68498e
792667b7-b63c-43e9-b9a0-26881ce9f2b4,270a78d4-d980-45c3-bf41-9c12bdda3546,e7c9893a-bbb8-43c9-9301-8e7006f6a730,2024-07-28,2025-08-05,67018d58dbb9639b1eca8bbb4d9e8813
60b44fe1-02a8-4709-ab2b-7a47a1174ef3,bb8f9480-8fc2-46ac-8f93-942acc115626,5e3d670b-a701-434d-8b96-1024e3721259,2024-11-04,2025-07-01,263b84a44fa4baf352a2c0cd13daf1c9
7e049b18-7db8-451f-b797-c7642477df3d,5cefce5f-5a44-4f10-8dd7-0c809c4c169e,e59740d0-b625-4d9a-9ebd-39315c2b5841,2024-06-16,2026-04-13,0fa31d13a78353bdc0dd1ad0d06dbcef
1b59a5bd-48b8-41b8-8660-676ddcff5572,1d301ea7-8438-4977-bbde-d4ecb1b9ca1d,e7c9893a-bbb8-43c9-9301-8e7006f6a730,2024-09-21,2026-02-08,6c3ed710e6ba26bd633211917598b71b
b931e0d8-df67-45a7-a9d8-ffbcda453b1b,7c5d467f-5fb0-4f77-905f-8acef67d84a3,5e3d670b-a701-434d-8b96-1024e3721259,2024-05-22,2025-10-12,308ba3f6c0bb78292f910319d8d05f6d
23da2e7a-6ddf-4bd4-8777-b6ed690cdb51,f326cd1e-3549-45d6-9382-4ce1eebadcf0,e59740d0-b625-4d9a-9ebd-39315c2b5841,2025-05-02,2025-07-14,003a5704395fce20af10120f0267db62
def7f038-9814-47b8-9b91-2627e034b18c,6e33f6a3-8056-4cdc-abd5-b6554a925aca,5e3d670b-a701-434d-8b96-1024e3721259,2024-10-28,2026-04-12,32b0d44e069c60ae4f5c3a5da5a72602
b60fcb4e-0705-4b7d-baad-e18e0dae90a2,07a7c40b-1082-478f-be65-ed92db3c2b5b,e59740d0-b625-4d9a-9ebd-39315c2b5841,2024-12-21,2025-08-12,8059c548d099f2e025987c0739b2c831
f63f0203-08b7-4174-8be2-22b025402981,8a2b7c00-2a2a-434d-af0b-86e03d94e54d,e59740d0-b625-4d9a-9ebd-39315c2b5841,2024-05-31,2025-07-22,7f05fef491ff6fdb387bba8cb032790b
351c38b2-bb77-4de2-9639-6bcd79037f75,9d69cc1c-f492-4f69-938c-91efee85a672,e7c9893a-bbb8-43c9-9301-8e7006f6a730,2025-01-13,2026-02-07,cc5971fa9093d4ba2b4a4d9ec28c8531
52a8767d-1b84-4b4e-b49f-e88a6f290671,653cd13f-483a-49af-9e45-04707ae1508e,e7c9893a-bbb8-43c9-9301-8e7006f6a730,2025-04-17,2026-05-04,c3c5fe6b99163249a287d19283695129
ba16982b-2e9a-4dd0-a9ca-1e47d1d37969,bb8f9480-8fc2-46ac-8f93-942acc115626,e7c9893a-bbb8-43c9-9301-8e7006f6a730,2024-07-14,2026-04-24,4e5e291358c933db9c9a8dee60459e99
5fa7b4c8-c8a8-460d-a347-d4a80e0d6f03,6b429bc0-656f-47dd-9580-28efbaf20c9b,5e3d670b-a701-434d-8b96-1024e3721259,2024-08-13,2025-10-31,4ef092fda0feab7155bc167af7f3ce88
ca126f49-dc2c-46fd-a07d-6e1b1573337c,6b429bc0-656f-47dd-9580-28efbaf20c9b,e7c9893a-bbb8-43c9-9301-8e7006f6a730,2024-05-27,2026-03-24,d954fd2ad359ce11f65748223be43b68
b0d29758-ecc8-4e9e-943a-faf85d7b1998,98079c5e-8c4a-4564-9ca5-658f9db89953,5e3d670b-a701-434d-8b96-1024e3721259,2025-02-28,2026-01-07,b41d1c702069e5732da3a1c9a6bd73c1
663357b5-c8dc-4933-8b86-10c99a523794,9de85a38-608f-45f2-b25f-78aab3924fa9,5e3d670b-a701-434d-8b96-1024e3721259,2025-03-24,2025-06-24,9b272fe08c7f900448bc5354b48b332a
e07a4f07-b13e-4291-b812-d37a8e11652e,02cb4728-42fb-4733-962c-19a1d3c00406,e59740d0-b625-4d9a-9ebd-39315c2b5841,2025-02-23,2025-12-11,60afd5745de426a368c8df99294f24bf
0794b92c-9ae6-4da2-b300-4b105652df06,f34607a8-f6d3-427d-acf9-3d905082506b,e59740d0-b625-4d9a-9ebd-39315c2b5841,2024-06-27,2026-01-10,fc954b4f38133d03e5eca113a0b59bf9
30336d69-482b-4dfb-8f32-7a329af38771,b2e5b4e2-91a8-4068-9831-4763263ae50f,5e3d670b-a701-434d-8b96-1024e3721259,2025-04-27,2025-10-15,de8b887445dee775076be73fa2d25881
ed317f1c-9ac7-4710-822c-2be0697bad17,5dcbd063-c98d-4d66-923f-e117989bd15c,e7c9893a-bbb8-43c9-9301-8e7006f6a730,2025-04-13,2026-01-23,a1422982ed56bcaea41b788012471abd
05843a4b-c941-404c-9d47-2415c94e4089,bb8f9480-8fc2-46ac-8f93-942acc115626,e7c9893a-bbb8-43c9-9301-8e7006f6a730,2024-12-03,2026-03-18,18f0d1b7a7ff7e96d4f084a156eed569
7034a4b8-e157-4d46-8f29-0fa0acefffbe,54908c4a-1561-4b07-b9d8-8cfdf77e25a7,e7c9893a-bbb8-43c9-9301-8e7006f6a730,2025-01-12,2025-08-29,db83a2135734a10fa7219ba9a72d38e6
4930ef2e-870b-4633-906c-358a34ea8f10,cca906af-6247-4f65-82be-311947bfff74,e7c9893a-bbb8-43c9-9301-8e7006f6a730,2025-03-09,2026-02-22,2d264d6c9c1f9608e072ada671ec84f7
7a996249-565c-452e-b1b3-fcf17326fbde,f794693d-2fce-4b93-9462-2e86678f3a10,e7c9893a-bbb8-43c9-9301-8e7006f6a730,2025-04-30,2025-05-17,aeb7b26f552d69c4c19af6f833b578a8
ae2b8d40-5865-4057-89bd-d1f1e922b38b,2cc9a5a2-91d7-492b-8d35-7118e35f4dde,e7c9893a-bbb8-43c9-9301-8e7006f6a730,2024-06-14,2026-04-02,130918b442d00f29b5b775c069e1815b
7abc2f6f-7695-4f4d-9cd5-588ffacddf68,653cd13f-483a-49af-9e45-04707ae1508e,5e3d670b-a701-434d-8b96-1024e3721259,2024-09-18,2026-05-07,7bf571ff518477f291fca40399113707
5247ae36-13c3-41ad-8174-e79828e17d14,19a564d4-ed76-41b2-bf45-d41d8500da78,e7c9893a-bbb8-43c9-9301-8e7006f6a730,2024-12-02,2025-10-28,508de1b5969f3731cfbab05cbc136fa5
7e28088f-4967-46d5-90b7-814ab5da05c1,15da51da-ad36-4db6-958f-37f69e74b4b6,e7c9893a-bbb8-43c9-9301-8e7006f6a730,2025-04-23,2025-09-27,bc15837deb8bdd9a7f536f8a4014bbb6
7f0ce3e0-f518-4959-b15c-369eeb55c6ff,b92ca163-e06f-44a7-896f-f4b2dd7e856f,e59740d0-b625-4d9a-9ebd-39315c2b5841,2024-05-30,2026-02-23,7c43837ac4e5e2e9e17ca5188a582985
723c4103-e16a-46ec-acf1-5ff069e97d50,d00399b5-89cb-48fa-8d60-5ea1f649b655,e7c9893a-bbb8-43c9-9301-8e7006f6a730,2024-06-28,2025-10-24,c1478dd6369067ea2477b4ea7f8e7224
0600408a-2cbc-4fb1-b79b-be4b8f4085c7,68bdc8a7-ac0a-4ba3-a509-ce917bde451a,e7c9893a-bbb8-43c9-9301-8e7006f6a730,2025-03-18,2026-03-15,bae7425bc8e385d0962b52dfdc18b181
6b1cc794-ce0d-4695-9328-af243893b1d0,e6dfc052-6a5e-4aa6-aca6-ff3581a23a84,5e3d670b-a701-434d-8b96-1024e3721259,2025-01-15,2025-10-13,6a90c91ecf3bd04612bac480ee05c554
1d266b2b-cd59-41c8-95b8-8cf4f688b654,11c38e31-9cd1-4350-ac64-1e541ef9fbaa,5e3d670b-a701-434d-8b96-1024e3721259,2025-03-26,2026-04-13,11af4520644fc22d07142adcd8113d56
f9fda6bd-9f21-43ad-8a1e-b6e25d313c95,1839e3f3-d986-40e7-b0da-022e91928a13,5e3d670b-a701-434d-8b96-1024e3721259,2024-12-03,2025-09-21,9fe7eb7fbeb0ea711f3ff409236c1f3e
3aaf8846-8e25-4ba4-86c2-987f6f359f52,9de85a38-608f-45f2-b25f-78aab3924fa9,e7c9893a-bbb8-43c9-9301-8e7006f6a730,2025-04-08,2026-04-08,a6ebba05a7b1b56f91c48dc250917ace
566420ce-6634-48ad-b825-1bc46ddeca75,e073b0a4-d2f4-45a1-b8ce-63b5075e168c,e59740d0-b625-4d9a-9ebd-39315c2b5841,2024-08-18,2025-12-07,bf04b2bfd29dc1ca6ffc93ddebe92741
6435210b-fce8-4088-a410-9a3b250c90f7,67403e9f-0231-4a15-848a-d9cea4795a2a,e59740d0-b625-4d9a-9ebd-39315c2b5841,2025-01-28,2025-05-19,42d118160d0fdbc354c02c43a6504cb2
fa95cef9-2403-4c54-a8a9-e39c1264ee08,5e419f86-6e6b-4b45-a140-d03228124ecb,e7c9893a-bbb8-43c9-9301-8e7006f6a730,2024-12-25,2025-06-19,8188e6073a459e3da4ba950354d9fc56
f8b6c6a9-44b5-430f-83d6-dcfa1a2b21cd,7f191b14-927f-4975-84a6-4139f6dc9dae,e59740d0-b625-4d9a-9ebd-39315c2b5841,2025-03-01,2026-02-05,808b6bf7bb81e1d1faefa1644abed16b
e1be8225-b7a5-45d7-af4d-cdffb130e0e2,829df66c-a6f3-474c-bc06-48d34aa71c44,e7c9893a-bbb8-43c9-9301-8e7006f6a730,2024-11-10,2025-10-15,d6b93ad585bae13f6352aedc273fe30d
cc0ec95a-7ef4-4f7e-893c-98c9fc46e52a,088e7d05-b0ef-4166-acb0-16d57f776a6a,e7c9893a-bbb8-43c9-9301-8e7006f6a730,2024-12-02,2025-08-26,4c4863940cf69c8147ae71e68b378d83
ca29ca4d-23a4-44d9-a305-4c00aaa764c0,545d1542-4e1e-4804-851b-400d5b020f68,5e3d670b-a701-434d-8b96-1024e3721259,2024-08-12,2025-06-01,28119c6f808d9e58426ee92803c4131c
553b180e-8ed7-4b3e-8fe0-afe50aa56dc2,6b429bc0-656f-47dd-9580-28efbaf20c9b,5e3d670b-a701-434d-8b96-1024e3721259,2025-01-04,2026-05-11,1e0df89f1b1f90ad859bdeeb80fd77f0
e25b6a31-b41e-4f7f-822f-3582b8ddd137,3bb1717d-21cd-470c-9e89-3c63077a1359,5e3d670b-a701-434d-8b96-1024e3721259,2024-11-17,2025-09-22,59091cef55ef8d53d9706e54a9c839f9
67a4adf8-c9da-41b9-9eca-8bbaa3d160f6,86664865-4e84-4896-b9b1-3d58a3c19a13,e59740d0-b625-4d9a-9ebd-39315c2b5841,2025-01-02,2025-05-24,3b643bfceef0cbc801ebe96a8a681ea5
9193853a-c07b-4aaa-887e-368d16717e78,5f2643f1-ca38-40c5-adaa-748da8a72c69,e7c9893a-bbb8-43c9-9301-8e7006f6a730,2025-03-22,2026-01-08,a0f9646b98b1d52624de92fd3f0aae6b
9534f9fd-f4eb-492e-acfa-3fb5310f1faa,c0e366b0-4820-408e-94df-b7532085e9c5,5e3d670b-a701-434d-8b96-1024e3721259,2024-07-16,2025-06-25,b1e5f0aae7562015740c533ea3ebf8b7
7f14608c-f834-4532-8e3b-ea04f97e6eba,c8a37272-48fa-44ed-a432-b26ea868a892,e59740d0-b625-4d9a-9ebd-39315c2b5841,2024-05-16,2025-09-10,47ec05aae8b908d8f80638209b7233cc
973f30de-957a-41a3-b43f-2ec95760e6d9,e859ce9a-a9dd-43fd-9cd7-bf1bd8c13964,5e3d670b-a701-434d-8b96-1024e3721259,2024-12-13,2026-05-10,01576c3c787b045dbcd7e162fa0bbf77
60a2d4ec-6a57-483a-913b-2a154c9683ac,ecd4feda-08f5-4652-80fd-4406a1316c5d,e59740d0-b625-4d9a-9ebd-39315c2b5841,2025-01-29,2025-06-16,9844b9daf1b02216109ac0937b8f01e7
f269353b-9b93-4d55-85a5-c6a037f64a6a,bb8f9480-8fc2-46ac-8f93-942acc115626,e7c9893a-bbb8-43c9-9301-8e7006f6a730,2025-01-02,2025-05-29,deceece4fbac658ae8f05633d0b0b343
3dd3285f-3445-4652-af8d-b74ccdcc5901,653cd13f-483a-49af-9e45-04707ae1508e,5e3d670b-a701-434d-8b96-1024e3721259,2024-06-01,2025-09-14,f90c9bde2a8a6a7e33a1b61eeee79688
2303e614-58bb-4ef3-8298-441fa30f969e,fc2265ba-8133-4e60-af32-0b135f4fc3cf,5e3d670b-a701-434d-8b96-1024e3721259,2024-11-06,2026-04-08,9ae6a0668d0f525b1bedb75e874a69db
428315b7-af37-4c1d-87a1-22f09054ae55,e6dfc052-6a5e-4aa6-aca6-ff3581a23a84,e59740d0-b625-4d9a-9ebd-39315c2b5841,2025-02-13,2025-10-11,d51ecd8df619af69da4c416dcfdba4a7
82aac4f6-69c8-4ff1-94cb-eeca2075abf6,035765ce-dcbc-478b-b43f-f38992c442ff,e59740d0-b625-4d9a-9ebd-39315c2b5841,2024-10-20,2025-11-12,1f9eb99da6494ebea9e7bee92370c3bb
3b68432d-92f2-479e-a9ea-9d590dc43ded,fc2265ba-8133-4e60-af32-0b135f4fc3cf,e59740d0-b625-4d9a-9ebd-39315c2b5841,2024-09-23,2026-03-19,92272b27302c7fd605d334dda31ff78e
49157d04-b932-42a9-bbad-4aca3087a11c,9b1ddb4a-54b2-4afc-bce8-defb8d65c1f3,e59740d0-b625-4d9a-9ebd-39315c2b5841,2024-12-03,2026-03-09,22294ca983d28fc7a3c3b0ee268d2e1a
405d013d-08e1-4097-8253-2a6dcb93cc81,5638cc23-cfdb-40de-9577-4997569c48f3,e7c9893a-bbb8-43c9-9301-8e7006f6a730,2024-06-29,2025-08-28,e9c20e0115282c3b23abcb4528932327
d3a48700-2b64-403e-a050-eb6b3ad7aab4,f326cd1e-3549-45d6-9382-4ce1eebadcf0,5e3d670b-a701-434d-8b96-1024e3721259,2024-08-28,2026-02-08,8a7cdb4e2b2ca5347891161ddb7996c3
21792588-430f-4117-b193-4910892686dd,65979d31-3be2-4e1d-8bcf-c43c3bfc1891,5e3d670b-a701-434d-8b96-1024e3721259,2025-01-24,2025-06-18,0d0d60826de186950e2d5abe27be460f
77592b98-aaef-4f6a-9ad8-4c5226912b71,035765ce-dcbc-478b-b43f-f38992c442ff,5e3d670b-a701-434d-8b96-1024e3721259,2025-03-24,2026-04-07,eb1644c5292eefbf527086a1abf06e9d
99973e09-2640-4caf-953a-15480299370e,19a564d4-ed76-41b2-bf45-d41d8500da78,5e3d670b-a701-434d-8b96-1024e3721259,2025-04-30,2025-10-18,1871d4783e9913ccd2ec7c1cca6fa043
1757b34c-0af4-4826-9bbd-76b03cfe6116,9b1ddb4a-54b2-4afc-bce8-defb8d65c1f3,5e3d670b-a701-434d-8b96-1024e3721259,2024-05-29,2026-02-17,0c83129de196bbc3d5166e327b157cfc
360c1531-4eeb-4202-b9a0-b44fca53d75d,088e7d05-b0ef-4166-acb0-16d57f776a6a,e59740d0-b625-4d9a-9ebd-39315c2b5841,2024-12-27,2025-07-30,039d98a16f8ed09cd7e2df595bfc1976
05172190-cbf5-47ea-af88-956674989ac9,8a2b7c00-2a2a-434d-af0b-86e03d94e54d,5e3d670b-a701-434d-8b96-1024e3721259,2025-04-09,2025-10-26,8e8f38100af530d736584aac9848cce8
639cfcca-aff3-4dd8-8eff-448dfdb79de4,c0e366b0-4820-408e-94df-b7532085e9c5,e7c9893a-bbb8-43c9-9301-8e7006f6a730,2025-01-04,2025-08-14,32d911c2afc98a3d1b59ebb70db9dcf5
dc718095-d6cc-4b49-ad95-9fd4f64298d4,d86011eb-bd81-4aee-b905-18ffad895411,e7c9893a-bbb8-43c9-9301-8e7006f6a730,2025-02-20,2025-07-26,6ffb44611a4d94e63eeef6ef335c03e7
6b424b12-1b2d-4eb1-95c7-79b5772bf51a,5638cc23-cfdb-40de-9577-4997569c48f3,e59740d0-b625-4d9a-9ebd-39315c2b5841,2025-02-16,2025-05-31,72fa2e2dbc76adf4d9e8a3eb96021306
218cc53a-8345-46f8-a64c-c797c456dd02,088e7d05-b0ef-4166-acb0-16d57f776a6a,e7c9893a-bbb8-43c9-9301-8e7006f6a730,2025-01-10,2025-08-09,bd9b5dd63017288a1e475257a553c44c
52337fe7-24f8-4e79-9b2e-9c902481e51d,7c5d467f-5fb0-4f77-905f-8acef67d84a3,e7c9893a-bbb8-43c9-9301-8e7006f6a730,2024-07-24,2025-12-19,09f14ae6be908d5526d7cf318330895a
a9ef8942-42e3-401a-8c2e-afa711f93f12,dbe6c8e6-7cc4-477d-ab61-f3f2e5dce341,e7c9893a-bbb8-43c9-9301-8e7006f6a730,2024-07-26,2025-10-10,8e9e3475033afbe104cba035bc04bc46
807573c8-518c-48cf-833b-5c24424ee49a,fc2265ba-8133-4e60-af32-0b135f4fc3cf,e59740d0-b625-4d9a-9ebd-39315c2b5841,2024-08-16,2025-05-21,c77b7819a787fe7cf383b499f6447f8c
9f4314ae-ca3e-4c42-85ac-0bafa2cdbcf2,7ec92f10-c40e-4160-b34b-395017c26b71,e59740d0-b625-4d9a-9ebd-39315c2b5841,2024-06-27,2025-06-23,6497ad8b02f28facffef3713cfbeb111
da9eb7be-8fd7-4563-a282-bbdf75688f4d,0e725382-cfa7-4eea-b824-68123317826d,5e3d670b-a701-434d-8b96-1024e3721259,2024-11-15,2025-08-08,ce09a84380623ebb9f237cf0b0fd356b
b2ce5672-b6fb-4ed8-89b1-08ea9518c53e,d86011eb-bd81-4aee-b905-18ffad895411,5e3d670b-a701-434d-8b96-1024e3721259,2025-02-15,2025-12-10,d04ab9d943389b907904d079a6c20b25
a6824301-4ce8-4323-83ce-f43e80de090b,32c5b93f-8271-4c50-a62b-e8f545caaa6f,e7c9893a-bbb8-43c9-9301-8e7006f6a730,2025-01-04,2026-01-25,a568b627f1ff6cfe7037d2f0cfdc53de
b47d44bc-9a60-4225-9f5a-14fcea36804a,829df66c-a6f3-474c-bc06-48d34aa71c44,e59740d0-b625-4d9a-9ebd-39315c2b5841,2024-09-03,2025-09-02,20b324744ca0453bb48ffef38c554a14
7dbe19c1-7503-4054-acd5-c28359c5971c,e27170d8-ce33-4bf7-8f25-44b9c31f435b,e59740d0-b625-4d9a-9ebd-39315c2b5841,2025-03-09,2025-08-30,3f0fd754dadf4bbcfb3a4edca50913a0
c508dbe4-6b57-464a-93b2-78475cf8d6c2,e6dfc052-6a5e-4aa6-aca6-ff3581a23a84,e59740d0-b625-4d9a-9ebd-39315c2b5841,2025-03-05,2026-04-21,54b19035281b23404389dfbab44c8e44
87ef1dc4-2916-4c18-b1d9-5dcce060440f,65979d31-3be2-4e1d-8bcf-c43c3bfc1891,e59740d0-b625-4d9a-9ebd-39315c2b5841,2024-10-10,2026-03-11,32b0f1dec57b4cde25de07bea251991c
59134ce5-6403-4825-901a-41d965aad005,1d301ea7-8438-4977-bbde-d4ecb1b9ca1d,5e3d670b-a701-434d-8b96-1024e3721259,2025-03-28,2025-12-31,2e3c4782d716bc02364ec28c0232b780
cd8a1b42-7f14-40bc-b7f6-0accb9f51839,653cd13f-483a-49af-9e45-04707ae1508e,e59740d0-b625-4d9a-9ebd-39315c2b5841,2025-01-23,2025-05-13,817f12e49db35bce7b9f680038ffc326
aa4e3ca1-d543-47e5-8e53-30cb382220eb,0475a1c4-c35b-4ecb-be0a-6103af0e3d5d,e59740d0-b625-4d9a-9ebd-39315c2b5841,2024-10-24,2026-04-11,f615681c1fee97b64e6189abe2dae328
73b76ce8-d59f-41b1-8f7f-633c29a33005,67004733-16a8-4c2f-9db5-f4bcfa0a4a3b,5e3d670b-a701-434d-8b96-1024e3721259,2024-08-26,2026-04-18,4953b1b3b53d549ed89dde4947039a1d
47b35ffc-5654-43c6-8e92-09f20a30328b,dbe6c8e6-7cc4-477d-ab61-f3f2e5dce341,e59740d0-b625-4d9a-9ebd-39315c2b5841,2024-06-20,2026-03-24,6a8955819e813108e5b2436d2924b3f8
179488dd-fa47-4d64-abd1-63a3ad16f34a,fc6dcd99-4fd3-49f2-aac7-18023820fe39,e7c9893a-bbb8-43c9-9301-8e7006f6a730,2024-09-27,2025-05-18,5e2da7b47d9fc3e1b0e60547704351a4
c751bd8a-aa80-4ef9-9260-4620c5b1dd75,f34607a8-f6d3-427d-acf9-3d905082506b,e7c9893a-bbb8-43c9-9301-8e7006f6a730,2025-04-26,2025-07-26,4c2a36cd90640288fe570f3edce42310
7bbbf0c1-c02c-4c96-83b7-dca21c41a2a4,01d50da8-b34d-48ef-b445-cefaaa00514b,e7c9893a-bbb8-43c9-9301-8e7006f6a730,2025-02-23,2025-06-11,4f9cf527f82f178e2d0e89438f319325
b877a5e5-0807-40e0-a9a8-7333d902767a,65979d31-3be2-4e1d-8bcf-c43c3bfc1891,5e3d670b-a701-434d-8b96-1024e3721259,2025-02-04,2025-08-09,5a9c5d354efb6ec3439252b06e3c7109
ab876922-0597-46a8-b6cc-46f1798ea25b,545d1542-4e1e-4804-851b-400d5b020f68,5e3d670b-a701-434d-8b96-1024e3721259,2025-05-09,2025-07-01,1ee80847bb34bef60211d87cc8d2b14a
f380c213-7e03-4aab-8790-49394e104877,dbe6c8e6-7cc4-477d-ab61-f3f2e5dce341,5e3d670b-a701-434d-8b96-1024e3721259,2025-01-12,2025-12-11,905c190f6f4e90486851a0fca8ad79f3
bd69139e-3c81-47bd-b81d-7831f3908c00,2998fa4a-22d8-4603-a0fe-09f27c36a0db,5e3d670b-a701-434d-8b96-1024e3721259,2024-06-24,2026-04-19,6524b66c6b866fcd9b6bc54bd01578e0
81e1accd-faf7-4b1b-b720-f4e2659ef90b,5e419f86-6e6b-4b45-a140-d03228124ecb,5e3d670b-a701-434d-8b96-1024e3721259,2024-07-03,2025-12-26,0368e0da1fa86aa6af0cceeb0370e1ea
c85b7e69-a4ad-4faa-be7c-8f8fb081e5d6,a8fcbccf-0403-4a4c-a900-7f5c87ef1aec,e7c9893a-bbb8-43c9-9301-8e7006f6a730,2024-05-25,2026-02-23,968e9e9bda647f77077b2a626466f4fd
94904df9-78af-4233-b1d3-96094264e054,98079c5e-8c4a-4564-9ca5-658f9db89953,5e3d670b-a701-434d-8b96-1024e3721259,2024-12-21,2025-06-19,dbec479e982f538c7eea71242f8a9e98
8bee19a9-9b71-4b72-8a25-0198a862b1e6,2421a4de-b9b6-4373-992d-f10380e8449e,e59740d0-b625-4d9a-9ebd-39315c2b5841,2024-12-21,2025-11-17,d56fd7ddd9ecd10e7b62a21bd6131eea
2d9a0737-6f89-4def-aedd-c4db5cb436b5,545d1542-4e1e-4804-851b-400d5b020f68,e59740d0-b625-4d9a-9ebd-39315c2b5841,2024-05-25,2026-04-05,c2b884b92920b4c3c118aefb5b157fc9
af12cdb4-0220-4072-9ec0-b9f8dbc7a64f,90448626-31aa-4d65-a854-dab84c21bac0,e59740d0-b625-4d9a-9ebd-39315c2b5841,2024-09-22,2025-12-15,cee1424df5a1e694bd089e3b393f1dfb
d2e1a223-416f-46e7-bbea-9d7fe7d07906,6e33f6a3-8056-4cdc-abd5-b6554a925aca,e7c9893a-bbb8-43c9-9301-8e7006f6a730,2024-07-07,2025-11-02,39c7f7364a17cdaebc564651f7d414a2
7d121773-92b0-4bce-91d2-15454ef4ccf7,e073b0a4-d2f4-45a1-b8ce-63b5075e168c,e7c9893a-bbb8-43c9-9301-8e7006f6a730,2024-06-14,2025-11-23,b29cef609665c9492d4d65c14ab92480
5b24523e-478e-44c3-bbac-9207861b3fc5,68bdc8a7-ac0a-4ba3-a509-ce917bde451a,e59740d0-b625-4d9a-9ebd-39315c2b5841,2024-10-22,2025-10-18,039f6bb03942f534127db9e5b533b2a2
a361f178-e3d5-42eb-941c-2a1a29b739d0,422d5e26-8e3d-4eac-b286-f70ead07c1f4,e7c9893a-bbb8-43c9-9301-8e7006f6a730,2024-09-29,2025-12-25,6e0c1b7ef13a851724eafb5a87b121a6
acbff1e8-ef81-481c-9747-92681f8d4ea9,088e7d05-b0ef-4166-acb0-16d57f776a6a,e7c9893a-bbb8-43c9-9301-8e7006f6a730,2024-08-10,2026-03-03,51fd21b0437e68cf74b1a316a7f3050b
5c0e1e15-6a77-486f-a814-e065cd097030,8070fcf1-87d8-48e5-988f-1f369c06cdc1,e7c9893a-bbb8-43c9-9301-8e7006f6a730,2024-06-13,2026-05-05,ed86872f5f8999ec18650aa5192cb208
b1a60137-0e77-4e40-8f47-14f9d32a7724,85c32511-7f37-4de1-882f-2efa8040dea4,e59740d0-b625-4d9a-9ebd-39315c2b5841,2025-03-14,2025-10-14,b2adf8dad11fdefeb8b2ff1fdec9ca0a
5b2a8dab-33f0-47d6-bc49-4a3fe116611d,9a261f6c-478e-4a10-96ad-4b76e6f7f43f,e59740d0-b625-4d9a-9ebd-39315c2b5841,2025-04-18,2025-11-05,9436ec9a812e2609b619bdab0fded637
58108ac5-8c42-44b6-b01a-d8fe9385b7d2,11c38e31-9cd1-4350-ac64-1e541ef9fbaa,e7c9893a-bbb8-43c9-9301-8e7006f6a730,2025-04-30,2026-03-10,739a74c5166d8199f911b55d246dccbc
29993d4c-1b3a-47b5-a047-a52afc6c8fb8,66beab47-39b9-4dca-b770-73f070a08070,e59740d0-b625-4d9a-9ebd-39315c2b5841,2024-08-02,2026-04-15,23ee3a4dcb82360906fab39ed4bcbcc0
70008bcb-4ccc-4236-9825-5497603b0f5b,07a7c40b-1082-478f-be65-ed92db3c2b5b,e59740d0-b625-4d9a-9ebd-39315c2b5841,2025-04-11,2025-10-06,d432b2acbc60b625b95f70c8839afd69
22f976f8-f1b8-4531-9e98-3af3964e5b19,67004733-16a8-4c2f-9db5-f4bcfa0a4a3b,5e3d670b-a701-434d-8b96-1024e3721259,2024-06-14,2026-04-24,10647b457c6dbba2198fe179890c5f7e
0ae55ecd-ebec-4625-92ca-ed19a44345d4,0e725382-cfa7-4eea-b824-68123317826d,e59740d0-b625-4d9a-9ebd-39315c2b5841,2024-09-27,2026-01-11,96a96e61da37bd0c05e54f7e5779e0aa
e8c03ca4-ffa5-4b6a-a8c5-e2a4271d1b52,fc2265ba-8133-4e60-af32-0b135f4fc3cf,5e3d670b-a701-434d-8b96-1024e3721259,2024-12-08,2025-06-13,a8e2a8ca4ec36f00f78965f4818f816c
05bf83f9-ffb5-4b62-9c1b-5d2e36e19a9f,eb0851e2-3417-47e5-b97e-36ebf487607f,5e3d670b-a701-434d-8b96-1024e3721259,2024-07-16,2026-01-26,37c1703d133804b07e47e2695a4568b7
c87a5022-6af5-4b30-aa1a-e793ee5ee25a,fc2265ba-8133-4e60-af32-0b135f4fc3cf,e7c9893a-bbb8-43c9-9301-8e7006f6a730,2025-01-05,2025-05-28,ed159812085d829cb8bde0507f6bfa39
14c30d9d-8367-40ec-8a5b-4f2ef74fbafa,a8fcbccf-0403-4a4c-a900-7f5c87ef1aec,e7c9893a-bbb8-43c9-9301-8e7006f6a730,2024-10-12,2025-11-24,e114df1d2d3a35dacd81ca8ef9e6a701
348a6a19-743f-44aa-bf2c-89d013ef383c,ecd4feda-08f5-4652-80fd-4406a1316c5d,e59740d0-b625-4d9a-9ebd-39315c2b5841,2024-12-23,2025-08-22,0d140d7f4e3319de85fd3753728e3a57
b91c6d5f-09d3-45cd-a661-bf34a53d2824,9de85a38-608f-45f2-b25f-78aab3924fa9,5e3d670b-a701-434d-8b96-1024e3721259,2025-02-02,2026-01-21,2fa745d1cd0de7b78269a49b517f1d7d
7690e674-8a8c-4435-a5d3-4f8c5fe62ea4,df600f99-242b-4e78-acfa-07fe39eabd9e,e59740d0-b625-4d9a-9ebd-39315c2b5841,2025-04-21,2026-01-29,f3cfca851c5d822bdf0c54e6a2e1b8f6
db4193e7-1213-4989-b365-69314abb3510,f34607a8-f6d3-427d-acf9-3d905082506b,e59740d0-b625-4d9a-9ebd-39315c2b5841,2024-08-10,2025-10-23,91e5b1844c99c9461661ca4b67c4dd8f
e2540715-2177-487d-b43e-75a2041d3f29,7ec92f10-c40e-4160-b34b-395017c26b71,e59740d0-b625-4d9a-9ebd-39315c2b5841,2024-05-29,2026-02-25,c4f66017f2ea00fa13402ee767075a7a
6797eaf4-4729-493b-ade6-e2f74939bf9d,0475a1c4-c35b-4ecb-be0a-6103af0e3d5d,5e3d670b-a701-434d-8b96-1024e3721259,2024-07-11,2025-11-27,c340d5317e1f819bb5bf7ea1b1c6b61a
ddcb5c4d-3f2f-4c86-82d5-381be6865786,a5cef112-752a-40ba-b573-df00b771d56a,5e3d670b-a701-434d-8b96-1024e3721259,2024-09-16,2025-11-30,b2cadca053b31f3a58c2cb7ac001a493
cf5010b0-0522-47de-ba81-f1d90e376b93,ee85931e-020f-4408-8af2-2b9bf4edd7b8,e59740d0-b625-4d9a-9ebd-39315c2b5841,2025-02-08,2026-05-02,9b213e83b280aed8515162f3e3898fdf
5b36387c-6498-4453-b710-377c757ae09b,1e9a0433-e9bc-421d-9dbb-d2cbf6fb2297,e59740d0-b625-4d9a-9ebd-39315c2b5841,2025-01-20,2025-08-28,b034cd6148a32334d4438d09fd53f840
de4e049a-ef4d-4bb3-9418-13e114bba6f2,07a7c40b-1082-478f-be65-ed92db3c2b5b,e59740d0-b625-4d9a-9ebd-39315c2b5841,2024-06-07,2025-10-30,e50719d326035fdd23909ddd79cfa8b0
42f247e0-00d2-4763-a72e-3676cb32661f,19a564d4-ed76-41b2-bf45-d41d8500da78,e59740d0-b625-4d9a-9ebd-39315c2b5841,2024-09-05,2025-11-04,3ec55ddcd08fb623810dd336591db419
fde42e8c-40b6-4c5f-8ba8-a260181d51db,1839e3f3-d986-40e7-b0da-022e91928a13,e7c9893a-bbb8-43c9-9301-8e7006f6a730,2024-12-28,2025-11-21,a56a911df717fdbe283c2b6199023bf7
86a99005-5ba3-4816-b187-73208f9ef8a0,df600f99-242b-4e78-acfa-07fe39eabd9e,e59740d0-b625-4d9a-9ebd-39315c2b5841,2025-03-25,2025-12-21,4ae9a72fe1636bf32209db1449e45cdc
6d12b9bb-f713-4dd8-a90b-90bf3cb77937,270a78d4-d980-45c3-bf41-9c12bdda3546,e7c9893a-bbb8-43c9-9301-8e7006f6a730,2024-10-06,2026-03-11,b15466a37e73b01d5172b9846b4945c2
7c6b34a4-b4c2-4a0b-b430-6a09a8967b35,6b429bc0-656f-47dd-9580-28efbaf20c9b,e59740d0-b625-4d9a-9ebd-39315c2b5841,2024-07-13,2025-10-03,605706418d641cf02bc75cd321755e97
530223c8-30b3-41aa-a65a-4bc9a8889c29,d00399b5-89cb-48fa-8d60-5ea1f649b655,5e3d670b-a701-434d-8b96-1024e3721259,2024-06-15,2025-10-24,ab66d779392174340c4de3f02a55da92
5a35ff70-a224-40c3-82c7-1ff4218a4cb4,c0e366b0-4820-408e-94df-b7532085e9c5,e7c9893a-bbb8-43c9-9301-8e7006f6a730,2024-11-06,2026-04-06,8ac3cede11d7807e6d23252fe4c1d8d5
0a5cde57-d5b5-4843-a169-ca2febfd17c0,01d50da8-b34d-48ef-b445-cefaaa00514b,5e3d670b-a701-434d-8b96-1024e3721259,2024-10-15,2026-03-12,a536310e287dc61129930ae3405408f3
25c0eea1-75bb-43ea-b8b5-b99a8eb166c4,796b2e76-cb5e-45a0-bba5-55e3896f4a19,e59740d0-b625-4d9a-9ebd-39315c2b5841,2024-12-05,2025-10-17,f8ae25c4922dd1a5813fe4b672cdfc6e
651452be-fd39-40c1-94a9-38435956f6b6,86664865-4e84-4896-b9b1-3d58a3c19a13,5e3d670b-a701-434d-8b96-1024e3721259,2025-01-28,2026-03-02,25321dc4396958a9e95cec7a16487237
f95cd507-f1b0-4b38-b8c5-252151c0369d,ff2d9922-b0db-4e79-9e69-dde9abb78db2,5e3d670b-a701-434d-8b96-1024e3721259,2024-05-19,2025-11-05,ed3c36f13a9b77d98bb1c61aaf3196c2
62166e9f-f872-4504-9c69-868801cd44dd,66beab47-39b9-4dca-b770-73f070a08070,5e3d670b-a701-434d-8b96-1024e3721259,2025-03-20,2026-04-16,fdcde206d7c16e325b4f5297b1eee996
0f9841b1-ea06-4d5a-ae65-65148185a8d4,2e90cc5a-37c7-450a-ae09-18d7be038c34,e59740d0-b625-4d9a-9ebd-39315c2b5841,2025-04-26,2026-02-01,de30947c3887a2db65dc99e78016a5b7
978d59a1-f763-4992-be4e-510126062555,2cc9a5a2-91d7-492b-8d35-7118e35f4dde,e7c9893a-bbb8-43c9-9301-8e7006f6a730,2024-10-19,2026-01-24,03beda2764667f0a8b87169c25323f2c
00ad09ce-85e8-4848-b71f-709b7b80d05f,93a2faf7-17c8-4513-b63e-f27c8b36314e,e7c9893a-bbb8-43c9-9301-8e7006f6a730,2024-12-07,2025-11-14,6c41c8760f93e631f0cbbc3f74291b72
1e2fb469-cec1-47be-8e50-759e207dd969,90448626-31aa-4d65-a854-dab84c21bac0,e7c9893a-bbb8-43c9-9301-8e7006f6a730,2025-01-31,2026-02-10,2731198126ca25905a5af5f1f6065389
13749200-eb3d-43ff-978b-5fd460b15e5a,0e725382-cfa7-4eea-b824-68123317826d,5e3d670b-a701-434d-8b96-1024e3721259,2025-03-16,2026-01-28,ad8429254d6944f3c983fa85481be9cf
ce02f1d1-5f40-4b13-b2db-47d6fca3069c,653cd13f-483a-49af-9e45-04707ae1508e,e7c9893a-bbb8-43c9-9301-8e7006f6a730,2025-02-22,2026-01-19,1749376d175f308fab7b38029f7aed12
10162d68-130e-4866-bbf1-c944b2d24cbe,c0e366b0-4820-408e-94df-b7532085e9c5,e7c9893a-bbb8-43c9-9301-8e7006f6a730,2025-04-16,2025-07-03,db87d270ee3447bfd72ff7c1087e7662
bea76f90-1525-493a-92ee-881ab9165c86,ff2d9922-b0db-4e79-9e69-dde9abb78db2,5e3d670b-a701-434d-8b96-1024e3721259,2024-08-27,2026-02-09,291ca410cbb4568bcbd2ddc1b07f664a
b807bbd4-244c-447a-99c3-3bade3d1c4e5,bc0e387c-0b60-4a80-9ee9-45178de8cb66,5e3d670b-a701-434d-8b96-1024e3721259,2025-03-13,2025-07-17,a9b66399eea40b288548b500d5279a49
0b3b98ec-8ab9-4cdc-92d8-93af62626c85,6e33f6a3-8056-4cdc-abd5-b6554a925aca,5e3d670b-a701-434d-8b96-1024e3721259,2025-01-20,2025-12-20,ca37a06336f2067409026dc3c977ed0a
c584c477-591b-473e-9c6e-f32d092e0675,2c063f55-8e12-40f5-82d1-e02e8211dcaf,5e3d670b-a701-434d-8b96-1024e3721259,2024-05-19,2025-11-04,9f5d7a6ef3c765ce4e85a953107e1113
d34c759b-eb70-488b-8948-81e6528dd1bc,2c063f55-8e12-40f5-82d1-e02e8211dcaf,e7c9893a-bbb8-43c9-9301-8e7006f6a730,2025-04-18,2026-05-02,35099a5b7b8f6a6adc784347d54d4046
e71966da-3a5f-4f4c-9e20-10717b551722,84f6c6dd-37d3-4909-801e-b3d78f3e8099,5e3d670b-a701-434d-8b96-1024e3721259,2024-11-07,2025-06-18,90a9bf9737384e2c81c6f1246657f3b6
77f4d710-8b2f-4b06-a88b-b3103b0e41e9,85c32511-7f37-4de1-882f-2efa8040dea4,e59740d0-b625-4d9a-9ebd-39315c2b5841,2024-10-22,2025-12-21,1d1261c55bff2c0515c5517dd0b88f02
7f10ece6-8ae8-43f7-96c3-545f48773b65,fc2265ba-8133-4e60-af32-0b135f4fc3cf,e7c9893a-bbb8-43c9-9301-8e7006f6a730,2024-05-18,2025-08-27,ed0d8217d7b302712d27cb947fbbba96
0fd7fcac-585e-4220-8fd6-79045b1ed8ca,c8a37272-48fa-44ed-a432-b26ea868a892,e7c9893a-bbb8-43c9-9301-8e7006f6a730,2024-10-18,2026-01-06,f2a04302c4c070fd97cb3aa55d1fc569
eced87df-810c-4493-ac4c-f864147633e3,7ec92f10-c40e-4160-b34b-395017c26b71,e7c9893a-bbb8-43c9-9301-8e7006f6a730,2024-10-01,2025-09-15,0b34704cfc8dbadb17a613d53e15fdac
11329df7-e953-497a-8f51-ebe042444560,6b429bc0-656f-47dd-9580-28efbaf20c9b,e7c9893a-bbb8-43c9-9301-8e7006f6a730,2024-09-07,2025-06-20,82e314ed350d7cde72dc4bebd7deb6bc
407f905b-40d6-40a6-b919-3f8f53af602a,a9cda48f-5bc6-47eb-88d3-50606128be2d,e7c9893a-bbb8-43c9-9301-8e7006f6a730,2024-12-12,2025-08-29,73da2e30ed2a779723bb5f53ead3a046
5fe9d189-de08-4946-bef6-9e7c3aacb372,788d99f0-9972-408f-858c-28268e4d1d93,e59740d0-b625-4d9a-9ebd-39315c2b5841,2024-07-30,2026-03-11,95463c9a92a578efb57aa591eba56980
e8d02b90-0add-48c2-ba53-cfd43ea49fce,545d1542-4e1e-4804-851b-400d5b020f68,e7c9893a-bbb8-43c9-9301-8e7006f6a730,2024-12-02,2025-09-20,957329ac317e5111f530da2b7b8bab5e
606fc0af-332d-43a0-acfe-3c0d5d407a21,bb8f9480-8fc2-46ac-8f93-942acc115626,e7c9893a-bbb8-43c9-9301-8e7006f6a730,2024-07-17,2025-12-31,93889e689aa38eec437d1086caff2622
1e376fde-d313-4509-a4a0-2ccf204c602c,f69962ca-a6b4-4464-878e-59ae6b43b6f8,e59740d0-b625-4d9a-9ebd-39315c2b5841,2024-11-07,2026-01-10,279dad648d9711f29c17b39c9755f0dd
24aa3249-50b8-494e-ab63-faff128d7542,9d69cc1c-f492-4f69-938c-91efee85a672,5e3d670b-a701-434d-8b96-1024e3721259,2024-11-14,2025-07-02,c113a80e6b30403fd6d2f36c00c60019
f969a55d-2c0f-4496-a348-e2f9a9c21bbe,11c38e31-9cd1-4350-ac64-1e541ef9fbaa,e7c9893a-bbb8-43c9-9301-8e7006f6a730,2024-08-14,2025-05-30,c13f3937182cac6f10e70fee67d8e31e
66fca328-d07f-415e-b133-198403871270,a9cda48f-5bc6-47eb-88d3-50606128be2d,5e3d670b-a701-434d-8b96-1024e3721259,2025-03-05,2026-03-18,f830f1d2cd2e0001bcfa4d3dd1cb0bed
7f104662-b8d2-419f-9eaf-39bbcd8dd9b7,3046e874-7757-4321-a055-3edea53305ef,e59740d0-b625-4d9a-9ebd-39315c2b5841,2024-07-14,2026-02-04,62024410cbc59a7abb933cc1554cbdd1
6b600d70-1270-4973-a71b-806e274134ec,98079c5e-8c4a-4564-9ca5-658f9db89953,5e3d670b-a701-434d-8b96-1024e3721259,2024-08-28,2025-05-31,2c387482bc9da86530dbd731e71f467a
02823094-f5be-488f-8cce-c99d1a48b37f,d00399b5-89cb-48fa-8d60-5ea1f649b655,e7c9893a-bbb8-43c9-9301-8e7006f6a730,2025-04-13,2026-04-21,7a821d19ee311c4e228fd59245faff62
91489ba3-9d4f-4bcf-95a5-086155f075b5,9de85a38-608f-45f2-b25f-78aab3924fa9,e59740d0-b625-4d9a-9ebd-39315c2b5841,2024-07-20,2026-04-12,c08f3e1668e2a06bcbb568cd0a7c27c1
22a2db4f-6a18-4d46-8234-b6e09b8a2cd4,a0d03e66-36a9-4e3a-b061-90884a47209d,e59740d0-b625-4d9a-9ebd-39315c2b5841,2025-01-17,2025-11-01,93e188b2784b09f2e3ee00b8a971c3e8
f7ac240a-2fcf-4f6b-91ae-478807d89afc,efd12b55-23e9-4f58-a207-35e1da7e7afe,5e3d670b-a701-434d-8b96-1024e3721259,2024-11-15,2026-05-05,76a446c89be988058f44e29c08cea529
c5f2b176-40f5-4338-b9e1-68fd09e44ff4,9a261f6c-478e-4a10-96ad-4b76e6f7f43f,5e3d670b-a701-434d-8b96-1024e3721259,2025-02-20,2025-07-03,946594cce80b2708cad1eba0636c2583
1c072d56-dcb3-43ee-88a2-ee638de5d6ab,0cae327d-3c1c-4b9b-b1e0-103207463ade,5e3d670b-a701-434d-8b96-1024e3721259,2025-04-27,2025-06-13,29967ffa82aff4793a3c69bb5b814665
6f75e1d3-813d-404e-a5b5-4247dc413c2f,cc7e6efc-6c65-4b2c-9314-ee7b451acbdf,5e3d670b-a701-434d-8b96-1024e3721259,2024-09-09,2025-10-26,de996fb5de193c5a11365cc3a783a626
8a03b3db-9afb-4d07-b7a5-19470619fdeb,788d99f0-9972-408f-858c-28268e4d1d93,e7c9893a-bbb8-43c9-9301-8e7006f6a730,2024-05-24,2025-11-05,5125bc3c2a81e125fabcb53556831f5e
e6b9b824-44b4-4efb-9b0a-4d1cb558bab2,e27170d8-ce33-4bf7-8f25-44b9c31f435b,e7c9893a-bbb8-43c9-9301-8e7006f6a730,2025-02-01,2025-05-12,9017729b069a48f0a16690c34504fb74
3c920869-a3e6-4f83-a8fa-0ed7f5d10f1c,5638cc23-cfdb-40de-9577-4997569c48f3,5e3d670b-a701-434d-8b96-1024e3721259,2024-10-17,2026-04-10,9b994c412f175a657e7d5b10143a0f3f
fb5328bd-7338-4f7e-974d-b6e0d2e9c6fc,01d50da8-b34d-48ef-b445-cefaaa00514b,5e3d670b-a701-434d-8b96-1024e3721259,2025-04-27,2026-02-18,8fdc8785c3d419f3258332f13d42ee11
8880f033-7009-4d03-974f-957d5eca7f70,86664865-4e84-4896-b9b1-3d58a3c19a13,e59740d0-b625-4d9a-9ebd-39315c2b5841,2025-04-29,2025-12-22,34eead4416f4f7d928b686e505e665a8
f64586fc-3068-434d-bee8-52617748c317,2998fa4a-22d8-4603-a0fe-09f27c36a0db,5e3d670b-a701-434d-8b96-1024e3721259,2024-08-12,2026-04-10,be1be180ca2590f5536a691c2545c80d
6a669693-5563-48e7-81dd-9acf2d0a972c,eb0851e2-3417-47e5-b97e-36ebf487607f,e59740d0-b625-4d9a-9ebd-39315c2b5841,2025-03-05,2025-06-08,2ab6174fcaa2d121f0fbf88988b96a1a
71ab3d64-ec24-4ba9-89da-e19c64d86bfd,fc2265ba-8133-4e60-af32-0b135f4fc3cf,e7c9893a-bbb8-43c9-9301-8e7006f6a730,2025-02-16,2026-03-23,8cd503a65bf39ffc6fe0538ecc090efb
67c49259-339b-4afb-b03d-53102eaac360,fc6dcd99-4fd3-49f2-aac7-18023820fe39,e7c9893a-bbb8-43c9-9301-8e7006f6a730,2024-12-13,2025-10-24,e0233229e613aaed3d1446b65f9f072c
40e5b3d9-dab0-47b7-afdd-9382403d3b20,67004733-16a8-4c2f-9db5-f4bcfa0a4a3b,e7c9893a-bbb8-43c9-9301-8e7006f6a730,2024-12-29,2026-05-10,a3ec40ea7f994bff4357328d5f9712ac
c4560881-cd57-4f9f-9875-8f60b7631857,a9cda48f-5bc6-47eb-88d3-50606128be2d,e59740d0-b625-4d9a-9ebd-39315c2b5841,2024-09-10,2025-05-28,e294984b83f8226c21a6ca93e9d9b3b2
73dcb848-d534-4ea1-8da1-98697517f222,f69962ca-a6b4-4464-878e-59ae6b43b6f8,5e3d670b-a701-434d-8b96-1024e3721259,2025-04-05,2026-01-25,a6ccbef934b13413d57c8bbac999d113
f6d7ae9a-394a-4365-b03e-5ddf66c22ec3,a8fcbccf-0403-4a4c-a900-7f5c87ef1aec,e7c9893a-bbb8-43c9-9301-8e7006f6a730,2025-03-21,2025-07-01,0f07daeeac21bdb220665d17358b1501
a6b51778-4d8a-4907-94e1-abd045554093,eb0851e2-3417-47e5-b97e-36ebf487607f,5e3d670b-a701-434d-8b96-1024e3721259,2024-07-16,2025-11-03,67c24795aaee57c0461f5995aa1f22d9
40c71748-dd54-4dcc-8e1e-2f6ec83fb9fa,dbe6c8e6-7cc4-477d-ab61-f3f2e5dce341,5e3d670b-a701-434d-8b96-1024e3721259,2024-12-29,2026-04-11,c9527c97a551eeb67891ac3dbaab3b01
2c2cf94e-d26a-478c-802f-b8ae370cc7ce,93a2faf7-17c8-4513-b63e-f27c8b36314e,5e3d670b-a701-434d-8b96-1024e3721259,2025-02-10,2026-01-21,1822264b624db0b029a7e090dfbdea01
9cbb0574-1fb1-41a8-97af-b15718588778,e073b0a4-d2f4-45a1-b8ce-63b5075e168c,e59740d0-b625-4d9a-9ebd-39315c2b5841,2024-07-14,2025-06-09,cac5e5bcf41963da1b7f6c0edee54a5e
a610ee2c-b984-494e-9534-36690b53d75c,2cc9a5a2-91d7-492b-8d35-7118e35f4dde,5e3d670b-a701-434d-8b96-1024e3721259,2025-01-14,2025-07-21,440af42225a1f190880124f7dffadd54
ddc48193-4b41-430f-98bf-8c13dac98c01,93a2faf7-17c8-4513-b63e-f27c8b36314e,e7c9893a-bbb8-43c9-9301-8e7006f6a730,2025-04-08,2026-04-05,743284b6c84e5bb398cbb29128fbc134
00efa68f-ee06-47ed-b7f1-ae529714885a,545d1542-4e1e-4804-851b-400d5b020f68,e59740d0-b625-4d9a-9ebd-39315c2b5841,2025-01-25,2026-01-10,1f33891f04a915d1255d80104a527c44
6ee445f5-0edc-49ce-b19d-f27a9a531e1b,1839e3f3-d986-40e7-b0da-022e91928a13,e59740d0-b625-4d9a-9ebd-39315c2b5841,2024-06-27,2026-01-10,d1440648195438c9fc9255a5e38b3622
afd18ea5-8fc7-4c89-8738-ddb0105f7966,088e7d05-b0ef-4166-acb0-16d57f776a6a,5e3d670b-a701-434d-8b96-1024e3721259,2024-08-04,2025-12-15,ab72a00ea3b6280d58c15b958590e0eb
fd083b1d-4ca3-415b-813b-ea88d5c05d96,0cae327d-3c1c-4b9b-b1e0-103207463ade,e59740d0-b625-4d9a-9ebd-39315c2b5841,2024-10-05,2025-10-09,711dccc8f687c29f44662e8b1eecbba8
72fea8ba-312a-48f6-a0bc-df8ac38eaf7d,c8a37272-48fa-44ed-a432-b26ea868a892,e7c9893a-bbb8-43c9-9301-8e7006f6a730,2025-02-07,2026-05-01,94a754d4f931cbb927339bec6f8501e2
e148fc7e-067a-49c3-9a51-1da12b340f16,8070fcf1-87d8-48e5-988f-1f369c06cdc1,5e3d670b-a701-434d-8b96-1024e3721259,2024-10-02,2025-12-05,e7f4363198eb737ddc685f793a20a8d8
3f2a6f26-be53-485b-a79a-cdda78a884e9,ee85931e-020f-4408-8af2-2b9bf4edd7b8,5e3d670b-a701-434d-8b96-1024e3721259,2024-09-18,2026-01-28,6cda651d89dfb8ef92d890255590d25e
7ff173a2-6e49-4dda-ba3d-aeae37d134f3,cca906af-6247-4f65-82be-311947bfff74,e59740d0-b625-4d9a-9ebd-39315c2b5841,2024-09-27,2025-06-28,05d661924542faa493caf0b543d94c85
b055e84b-3681-42c1-835b-4e100cb73d58,e6dfc052-6a5e-4aa6-aca6-ff3581a23a84,e59740d0-b625-4d9a-9ebd-39315c2b5841,2024-11-13,2025-09-23,f869130847e32af19c64e7572b0bf605
f8add029-2d3d-4d72-920c-4cb8b94313e4,9a261f6c-478e-4a10-96ad-4b76e6f7f43f,e7c9893a-bbb8-43c9-9301-8e7006f6a730,2024-11-08,2025-09-16,b98bfa61dca19d26903ab924391768ac
7641c614-0d76-40ce-8c53-1b0ca82c4804,86664865-4e84-4896-b9b1-3d58a3c19a13,e59740d0-b625-4d9a-9ebd-39315c2b5841,2024-06-30,2025-08-05,fe67cc664db740c3a8ee8cf712b6dbd3
b39a4412-52c1-4006-b9b5-1095f0e938cc,2e90cc5a-37c7-450a-ae09-18d7be038c34,e59740d0-b625-4d9a-9ebd-39315c2b5841,2024-12-24,2026-03-17,fd52b571d385eeb38f5cfae4e9f4aeb7
baa03427-bd1c-4bf9-a8e3-2d8686f90a61,e859ce9a-a9dd-43fd-9cd7-bf1bd8c13964,e59740d0-b625-4d9a-9ebd-39315c2b5841,2025-04-19,2026-03-05,7d1fc36f0bc19850304f5f2327f02115
54e83b82-5922-4905-9e9f-f8eccc24301f,e859ce9a-a9dd-43fd-9cd7-bf1bd8c13964,e59740d0-b625-4d9a-9ebd-39315c2b5841,2025-02-01,2026-03-14,452030a8b2fa6bc40869173a938ac78b
5b0e1e48-673f-4f0a-bce5-fee83eb9357d,e073b0a4-d2f4-45a1-b8ce-63b5075e168c,e59740d0-b625-4d9a-9ebd-39315c2b5841,2024-11-13,2025-12-21,57589a577630baec7c46786f10e20f29
feb20111-4e14-47cd-abf2-f4e1bb40b469,abc2f41e-ab8f-430c-9677-705f4343b0ec,e7c9893a-bbb8-43c9-9301-8e7006f6a730,2024-12-17,2025-08-28,68787c98fd038d4f6ce2ec73fce8e5c8
10abe05b-33ab-4f43-abd9-fda1176027b0,d00399b5-89cb-48fa-8d60-5ea1f649b655,e59740d0-b625-4d9a-9ebd-39315c2b5841,2025-04-07,2025-09-22,288377b56dd70711220820d2a277c797
8b50c08d-acf7-4363-b77d-efdf330839a7,11c38e31-9cd1-4350-ac64-1e541ef9fbaa,5e3d670b-a701-434d-8b96-1024e3721259,2025-01-09,2026-05-11,d7bd1e1d0d8be59b3fff454d8cb097d2
18013c20-d5ec-4519-9d37-e909b0489f43,1e9a0433-e9bc-421d-9dbb-d2cbf6fb2297,e59740d0-b625-4d9a-9ebd-39315c2b5841,2024-12-15,2026-01-18,35fb7ff409c9f0ce9ebb1ef27684118f
2ea19853-8e5b-4f0b-a3a7-8e6cc9885438,86664865-4e84-4896-b9b1-3d58a3c19a13,e59740d0-b625-4d9a-9ebd-39315c2b5841,2025-03-07,2025-08-01,fed7bbd805cd4b69d1fd4587ca17301a
