BrowsingHistoryID,CustomerID,ProductID,ViewDate
BH000001,CUST00874,PROD00650,2024-12-15
BH000002,CUST00014,PROD00565,2024-06-30
BH000003,CUST00971,PROD00044,2024-06-26
BH000004,CUST02135,PROD00053,2024-06-08
BH000005,CUST02957,PROD00586,2024-05-30
BH000006,CUST01561,PROD00558,2025-01-25
BH000007,CUST01325,PROD00525,2024-06-21
BH000008,CUST01267,PROD00677,2024-07-24
BH000009,CUST02170,PROD00102,2024-09-30
BH000010,CUST00750,PROD00792,2024-12-13
BH000011,CUST00685,PROD00770,2024-06-22
BH000012,CUST01928,PROD00398,2024-06-23
BH000013,CUST02357,PROD00138,2024-07-26
BH000014,CUST00695,PROD00675,2025-05-24
BH000015,CUST02336,PROD00387,2025-01-18
BH000016,CUST00307,PROD00111,2024-12-19
BH000017,CUST01990,PROD00614,2024-09-04
BH000018,CUST02962,PROD00017,2025-01-11
BH000019,CUST00662,PROD00780,2024-07-24
BH000020,CUST00549,PROD00182,2025-05-04
BH000021,CUST00312,PROD00536,2024-12-26
BH000022,CUST02921,PROD00541,2025-04-29
BH000023,CUST01083,PROD00171,2024-06-02
BH000024,CUST02972,PROD00409,2024-09-21
BH000025,CUST01738,PROD00740,2024-07-17
BH000026,CUST00755,PROD00378,2024-09-02
BH000027,CUST00035,PROD00188,2024-11-01
BH000028,CUST00445,PROD00230,2025-04-29
BH000029,CUST02141,PROD00119,2025-03-10
BH000030,CUST01983,PROD00156,2024-12-30
BH000031,CUST01231,PROD00784,2025-02-15
BH000032,CUST00353,PROD00687,2024-08-28
BH000033,CUST00903,PROD00465,2024-09-05
BH000034,CUST01356,PROD00104,2025-05-22
BH000035,CUST02910,PROD00604,2024-08-07
BH000036,CUST01749,PROD00698,2024-06-10
BH000037,CUST00159,PROD00795,2025-01-31
BH000038,CUST01978,PROD00502,2024-10-18
BH000039,CUST00957,PROD00693,2025-02-25
BH000040,CUST02072,PROD00682,2024-11-11
BH000041,CUST00404,PROD00699,2024-08-05
BH000042,CUST02853,PROD00175,2025-01-28
BH000043,CUST00516,PROD00734,2024-07-10
BH000044,CUST02780,PROD00745,2024-09-27
BH000045,CUST01388,PROD00674,2025-02-23
BH000046,CUST02580,PROD00421,2025-02-22
BH000047,CUST00956,PROD00134,2025-01-18
BH000048,CUST02200,PROD00391,2025-05-19
BH000049,CUST01713,PROD00736,2025-04-02
BH000050,CUST02995,PROD00501,2024-12-24
BH000051,CUST00608,PROD00665,2024-07-27
BH000052,CUST02468,PROD00033,2024-10-13
BH000053,CUST01274,PROD00055,2024-09-26
BH000054,CUST02914,PROD00519,2025-04-02
BH000055,CUST01536,PROD00756,2024-09-19
BH000056,CUST02626,PROD00638,2025-04-23
BH000057,CUST02383,PROD00012,2025-04-08
BH000058,CUST01442,PROD00528,2025-05-25
BH000059,CUST02980,PROD00720,2025-02-24
BH000060,CUST01798,PROD00555,2024-08-27
BH000061,CUST00295,PROD00373,2024-06-02
BH000062,CUST00755,PROD00484,2024-11-07
BH000063,CUST01395,PROD00647,2024-08-16
BH000064,CUST00186,PROD00228,2024-10-24
BH000065,CUST01270,PROD00623,2024-07-17
BH000066,CUST00637,PROD00307,2024-08-17
BH000067,CUST01292,PROD00457,2024-07-08
BH000068,CUST00530,PROD00160,2025-04-11
BH000069,CUST02069,PROD00331,2025-02-15
BH000070,CUST02959,PROD00776,2024-08-22
BH000071,CUST02915,PROD00225,2025-03-28
BH000072,CUST00794,PROD00729,2025-04-29
BH000073,CUST02148,PROD00504,2024-12-28
BH000074,CUST02800,PROD00456,2024-11-16
BH000075,CUST00478,PROD00045,2024-12-27
BH000076,CUST01623,PROD00214,2025-05-05
BH000077,CUST00940,PROD00059,2024-08-01
BH000078,CUST00526,PROD00644,2024-11-23
BH000079,CUST02382,PROD00616,2025-02-10
BH000080,CUST00002,PROD00195,2024-07-06
BH000081,CUST00375,PROD00489,2024-07-07
BH000082,CUST02341,PROD00157,2024-10-05
BH000083,CUST02885,PROD00610,2024-11-17
BH000084,CUST00553,PROD00226,2025-02-20
BH000085,CUST02366,PROD00412,2025-04-06
BH000086,CUST01526,PROD00205,2024-12-16
BH000087,CUST01852,PROD00079,2024-10-14
BH000088,CUST00381,PROD00124,2024-09-28
BH000089,CUST01647,PROD00471,2025-01-04
BH000090,CUST00014,PROD00218,2024-11-09
BH000091,CUST00504,PROD00516,2024-12-03
BH000092,CUST02279,PROD00602,2024-12-08
BH000093,CUST02009,PROD00104,2025-04-01
BH000094,CUST00130,PROD00393,2025-03-06
BH000095,CUST00838,PROD00631,2025-02-27
BH000096,CUST02939,PROD00645,2024-06-02
BH000097,CUST02041,PROD00608,2024-12-28
BH000098,CUST00028,PROD00434,2025-05-21
BH000099,CUST02114,PROD00331,2024-07-08
BH000100,CUST01253,PROD00143,2024-07-28
BH000101,CUST00261,PROD00800,2025-04-22
BH000102,CUST02047,PROD00540,2025-02-19
BH000103,CUST01473,PROD00278,2024-09-27
BH000104,CUST01448,PROD00233,2025-02-27
BH000105,CUST00460,PROD00529,2024-10-22
BH000106,CUST00301,PROD00571,2024-06-17
BH000107,CUST02967,PROD00090,2024-07-23
BH000108,CUST02335,PROD00492,2025-04-05
BH000109,CUST00630,PROD00199,2024-09-19
BH000110,CUST00270,PROD00362,2024-06-16
BH000111,CUST02640,PROD00441,2024-07-09
BH000112,CUST01994,PROD00026,2025-02-16
BH000113,CUST01629,PROD00025,2024-07-16
BH000114,CUST01802,PROD00394,2025-05-18
BH000115,CUST02892,PROD00507,2024-10-06
BH000116,CUST00862,PROD00301,2024-07-10
BH000117,CUST01281,PROD00339,2025-05-18
BH000118,CUST02181,PROD00267,2024-06-02
BH000119,CUST01800,PROD00461,2024-08-20
BH000120,CUST01707,PROD00693,2024-10-11
BH000121,CUST02561,PROD00456,2024-09-08
BH000122,CUST02361,PROD00360,2024-07-01
BH000123,CUST00576,PROD00068,2024-12-27
BH000124,CUST02934,PROD00412,2024-08-31
BH000125,CUST02004,PROD00491,2025-05-02
BH000126,CUST01308,PROD00049,2025-03-25
BH000127,CUST01957,PROD00687,2025-04-09
BH000128,CUST02735,PROD00564,2024-09-01
BH000129,CUST02021,PROD00102,2024-11-05
BH000130,CUST02213,PROD00216,2025-02-03
BH000131,CUST02353,PROD00438,2025-01-28
BH000132,CUST01656,PROD00700,2024-08-17
BH000133,CUST01580,PROD00569,2025-01-15
BH000134,CUST01848,PROD00559,2025-04-27
BH000135,CUST02204,PROD00159,2024-12-05
BH000136,CUST01391,PROD00489,2024-11-01
BH000137,CUST01743,PROD00686,2024-08-12
BH000138,CUST01926,PROD00242,2024-12-22
BH000139,CUST00620,PROD00794,2024-09-21
BH000140,CUST01275,PROD00753,2025-02-06
BH000141,CUST00957,PROD00005,2024-06-17
BH000142,CUST01940,PROD00596,2025-03-23
BH000143,CUST02382,PROD00361,2024-12-08
BH000144,CUST00969,PROD00459,2025-01-20
BH000145,CUST02559,PROD00248,2024-07-25
BH000146,CUST01317,PROD00566,2024-06-15
BH000147,CUST01044,PROD00673,2024-08-30
BH000148,CUST00282,PROD00422,2025-02-01
BH000149,CUST02845,PROD00738,2025-02-26
BH000150,CUST02167,PROD00015,2024-12-27
BH000151,CUST01059,PROD00736,2024-08-09
BH000152,CUST00198,PROD00573,2024-07-03
BH000153,CUST02533,PROD00122,2024-11-10
BH000154,CUST01083,PROD00277,2025-03-22
BH000155,CUST02885,PROD00558,2024-10-15
BH000156,CUST01185,PROD00453,2025-02-21
BH000157,CUST01009,PROD00390,2024-10-07
BH000158,CUST02739,PROD00294,2024-07-14
BH000159,CUST01230,PROD00574,2025-04-22
BH000160,CUST01036,PROD00598,2024-07-16
BH000161,CUST00490,PROD00446,2024-06-25
BH000162,CUST00276,PROD00210,2024-08-28
BH000163,CUST02741,PROD00590,2024-12-25
BH000164,CUST02290,PROD00714,2024-11-16
BH000165,CUST01240,PROD00302,2024-09-18
BH000166,CUST01275,PROD00223,2024-12-09
BH000167,CUST00126,PROD00734,2024-12-21
BH000168,CUST00217,PROD00003,2024-06-27
BH000169,CUST01209,PROD00518,2025-02-25
BH000170,CUST01247,PROD00093,2024-11-03
BH000171,CUST02543,PROD00520,2024-11-26
BH000172,CUST02475,PROD00428,2024-10-24
BH000173,CUST00919,PROD00493,2024-08-06
BH000174,CUST01318,PROD00235,2025-01-29
BH000175,CUST02199,PROD00620,2025-02-11
BH000176,CUST02432,PROD00161,2025-01-21
BH000177,CUST01662,PROD00721,2024-11-22
BH000178,CUST00308,PROD00752,2024-12-31
BH000179,CUST01360,PROD00331,2024-12-08
BH000180,CUST01970,PROD00333,2024-10-09
BH000181,CUST02794,PROD00050,2024-09-25
BH000182,CUST00892,PROD00523,2025-04-04
BH000183,CUST00375,PROD00668,2024-06-19
BH000184,CUST02034,PROD00492,2024-10-23
BH000185,CUST01365,PROD00582,2025-02-17
BH000186,CUST00129,PROD00681,2025-05-26
BH000187,CUST01015,PROD00272,2024-12-28
BH000188,CUST01800,PROD00580,2024-12-25
BH000189,CUST02717,PROD00252,2025-01-02
BH000190,CUST01382,PROD00560,2024-08-14
BH000191,CUST00517,PROD00696,2025-04-13
BH000192,CUST01519,PROD00699,2024-09-15
BH000193,CUST00086,PROD00090,2025-03-21
BH000194,CUST01199,PROD00446,2025-03-20
BH000195,CUST02359,PROD00332,2024-10-20
BH000196,CUST01143,PROD00139,2025-02-12
BH000197,CUST02475,PROD00357,2024-07-25
BH000198,CUST01994,PROD00601,2024-12-11
BH000199,CUST02162,PROD00274,2024-10-31
BH000200,CUST00303,PROD00019,2024-11-26
BH000201,CUST02792,PROD00311,2024-11-02
BH000202,CUST00588,PROD00154,2025-02-01
BH000203,CUST00987,PROD00390,2025-04-09
BH000204,CUST01864,PROD00260,2025-04-08
BH000205,CUST00345,PROD00620,2025-05-25
BH000206,CUST00814,PROD00797,2024-10-09
BH000207,CUST01988,PROD00571,2025-03-15
BH000208,CUST02849,PROD00125,2024-12-19
BH000209,CUST01311,PROD00354,2024-06-15
BH000210,CUST02000,PROD00273,2025-01-20
BH000211,CUST01678,PROD00619,2025-01-06
BH000212,CUST01328,PROD00245,2025-05-17
BH000213,CUST01093,PROD00450,2025-01-14
BH000214,CUST02409,PROD00247,2025-01-09
BH000215,CUST01010,PROD00520,2025-04-11
BH000216,CUST00704,PROD00141,2024-12-30
BH000217,CUST00575,PROD00362,2024-11-13
BH000218,CUST01609,PROD00008,2024-11-16
BH000219,CUST01113,PROD00478,2025-05-17
BH000220,CUST00688,PROD00352,2024-12-09
BH000221,CUST02829,PROD00495,2024-09-14
BH000222,CUST02633,PROD00606,2024-11-10
BH000223,CUST02637,PROD00427,2025-01-28
BH000224,CUST00489,PROD00039,2025-04-14
BH000225,CUST01348,PROD00593,2025-05-23
BH000226,CUST00494,PROD00187,2024-06-22
BH000227,CUST01668,PROD00596,2025-02-28
BH000228,CUST01638,PROD00600,2025-05-14
BH000229,CUST00019,PROD00754,2025-03-15
BH000230,CUST02445,PROD00093,2025-01-22
BH000231,CUST01001,PROD00086,2024-10-25
BH000232,CUST00851,PROD00044,2025-02-24
BH000233,CUST01389,PROD00137,2024-10-14
BH000234,CUST01355,PROD00421,2025-01-19
BH000235,CUST01368,PROD00074,2024-06-12
BH000236,CUST00822,PROD00548,2024-05-30
BH000237,CUST00455,PROD00613,2025-04-14
BH000238,CUST01625,PROD00512,2024-12-12
BH000239,CUST02773,PROD00156,2024-12-10
BH000240,CUST00711,PROD00255,2024-12-15
BH000241,CUST02191,PROD00171,2025-04-15
BH000242,CUST00917,PROD00728,2024-09-19
BH000243,CUST02876,PROD00170,2024-08-09
BH000244,CUST02653,PROD00764,2024-09-11
BH000245,CUST01497,PROD00322,2024-09-08
BH000246,CUST01441,PROD00567,2025-03-26
BH000247,CUST00305,PROD00456,2024-12-27
BH000248,CUST00736,PROD00603,2024-12-05
BH000249,CUST02339,PROD00790,2024-10-14
BH000250,CUST01964,PROD00613,2025-05-20
BH000251,CUST02150,PROD00155,2024-12-29
BH000252,CUST02010,PROD00349,2024-06-10
BH000253,CUST02915,PROD00451,2025-02-20
BH000254,CUST02890,PROD00653,2025-04-18
BH000255,CUST00962,PROD00173,2024-09-03
BH000256,CUST02990,PROD00010,2024-10-09
BH000257,CUST01027,PROD00740,2024-12-02
BH000258,CUST02133,PROD00265,2024-12-19
BH000259,CUST02376,PROD00438,2024-07-26
BH000260,CUST02864,PROD00760,2024-10-19
BH000261,CUST01474,PROD00247,2025-04-26
BH000262,CUST02502,PROD00667,2024-11-01
BH000263,CUST01948,PROD00546,2024-08-07
BH000264,CUST02677,PROD00499,2025-01-08
BH000265,CUST01178,PROD00129,2025-04-28
BH000266,CUST00665,PROD00672,2025-04-04
BH000267,CUST00012,PROD00601,2025-02-05
BH000268,CUST01157,PROD00605,2024-08-15
BH000269,CUST00304,PROD00327,2024-10-25
BH000270,CUST01764,PROD00753,2024-07-17
BH000271,CUST02831,PROD00404,2025-04-22
BH000272,CUST00043,PROD00629,2025-02-06
BH000273,CUST00944,PROD00606,2024-07-02
BH000274,CUST02391,PROD00675,2024-06-10
BH000275,CUST01350,PROD00611,2025-05-07
BH000276,CUST02546,PROD00625,2024-06-10
BH000277,CUST02412,PROD00359,2025-01-27
BH000278,CUST00891,PROD00603,2024-12-04
BH000279,CUST02475,PROD00718,2025-02-04
BH000280,CUST01005,PROD00017,2024-08-17
BH000281,CUST00021,PROD00274,2024-12-08
BH000282,CUST00407,PROD00685,2024-08-29
BH000283,CUST02667,PROD00116,2025-02-06
BH000284,CUST01015,PROD00693,2025-02-04
BH000285,CUST00336,PROD00091,2024-06-01
BH000286,CUST01839,PROD00082,2025-04-20
BH000287,CUST01148,PROD00324,2024-10-22
BH000288,CUST02447,PROD00114,2024-11-19
BH000289,CUST02841,PROD00769,2024-11-29
BH000290,CUST01828,PROD00058,2025-01-30
BH000291,CUST00715,PROD00154,2024-11-30
BH000292,CUST00051,PROD00404,2024-06-12
BH000293,CUST00324,PROD00628,2024-06-27
BH000294,CUST00789,PROD00266,2025-02-11
BH000295,CUST00141,PROD00315,2024-10-09
BH000296,CUST00470,PROD00715,2024-07-27
BH000297,CUST00787,PROD00041,2024-06-17
BH000298,CUST01826,PROD00105,2025-04-12
BH000299,CUST01358,PROD00193,2024-08-24
BH000300,CUST01917,PROD00401,2024-07-07
BH000301,CUST00964,PROD00278,2025-05-11
BH000302,CUST00373,PROD00354,2024-08-09
BH000303,CUST02542,PROD00749,2024-09-05
BH000304,CUST01693,PROD00733,2024-12-31
BH000305,CUST02799,PROD00580,2024-12-09
BH000306,CUST01180,PROD00709,2024-10-08
BH000307,CUST02339,PROD00256,2024-10-09
BH000308,CUST01672,PROD00651,2025-04-11
BH000309,CUST00106,PROD00661,2025-03-24
BH000310,CUST01444,PROD00099,2024-12-15
BH000311,CUST02718,PROD00588,2025-04-17
BH000312,CUST01682,PROD00282,2024-12-29
BH000313,CUST00002,PROD00403,2024-12-04
BH000314,CUST02637,PROD00109,2024-11-15
BH000315,CUST02692,PROD00700,2024-09-24
BH000316,CUST02138,PROD00199,2024-06-21
BH000317,CUST00350,PROD00303,2024-09-01
BH000318,CUST01287,PROD00327,2025-03-11
BH000319,CUST01063,PROD00154,2024-12-08
BH000320,CUST02957,PROD00552,2024-08-11
BH000321,CUST02207,PROD00645,2024-07-04
BH000322,CUST02360,PROD00405,2024-10-03
BH000323,CUST00445,PROD00462,2025-01-11
BH000324,CUST02346,PROD00132,2024-12-14
BH000325,CUST00952,PROD00791,2024-06-12
BH000326,CUST00036,PROD00084,2025-03-26
BH000327,CUST01108,PROD00399,2025-01-07
BH000328,CUST01476,PROD00754,2024-05-31
BH000329,CUST01799,PROD00628,2024-06-13
BH000330,CUST01846,PROD00109,2024-08-25
BH000331,CUST01409,PROD00221,2025-03-08
BH000332,CUST01196,PROD00553,2024-07-16
BH000333,CUST01400,PROD00368,2024-07-20
BH000334,CUST01709,PROD00147,2024-08-04
BH000335,CUST01386,PROD00112,2024-05-28
BH000336,CUST02607,PROD00615,2024-12-25
BH000337,CUST02939,PROD00558,2025-02-28
BH000338,CUST02189,PROD00494,2024-05-28
BH000339,CUST02935,PROD00505,2025-03-26
BH000340,CUST01301,PROD00475,2025-03-09
BH000341,CUST02774,PROD00271,2024-09-03
BH000342,CUST01244,PROD00421,2025-02-04
BH000343,CUST00521,PROD00707,2024-08-12
BH000344,CUST01807,PROD00367,2024-08-24
BH000345,CUST00010,PROD00280,2025-03-19
BH000346,CUST00984,PROD00283,2024-12-29
BH000347,CUST02426,PROD00040,2024-09-22
BH000348,CUST01657,PROD00189,2025-04-16
BH000349,CUST01661,PROD00164,2024-12-21
BH000350,CUST02730,PROD00536,2024-08-09
BH000351,CUST02632,PROD00536,2025-01-18
BH000352,CUST02200,PROD00004,2025-04-13
BH000353,CUST00720,PROD00290,2025-04-15
BH000354,CUST01073,PROD00433,2025-02-23
BH000355,CUST00859,PROD00471,2024-08-07
BH000356,CUST01317,PROD00181,2025-01-24
BH000357,CUST01604,PROD00248,2024-07-03
BH000358,CUST00050,PROD00628,2024-10-05
BH000359,CUST02712,PROD00279,2025-04-18
BH000360,CUST02579,PROD00581,2025-02-24
BH000361,CUST02905,PROD00254,2024-08-28
BH000362,CUST00146,PROD00181,2024-10-13
BH000363,CUST00915,PROD00681,2025-05-06
BH000364,CUST01463,PROD00509,2024-09-20
BH000365,CUST02290,PROD00761,2024-09-28
BH000366,CUST00581,PROD00700,2024-09-17
BH000367,CUST02735,PROD00566,2024-10-17
BH000368,CUST01585,PROD00326,2025-01-29
BH000369,CUST00483,PROD00357,2024-06-24
BH000370,CUST01250,PROD00650,2025-03-03
BH000371,CUST00673,PROD00680,2024-11-22
BH000372,CUST00631,PROD00391,2024-10-29
BH000373,CUST02709,PROD00615,2024-09-23
BH000374,CUST00662,PROD00085,2025-03-14
BH000375,CUST02853,PROD00317,2025-01-11
BH000376,CUST02467,PROD00212,2025-04-29
BH000377,CUST00988,PROD00515,2024-12-14
BH000378,CUST01547,PROD00384,2025-02-20
BH000379,CUST00650,PROD00691,2025-03-06
BH000380,CUST00969,PROD00342,2024-12-28
BH000381,CUST02638,PROD00038,2025-01-06
BH000382,CUST01101,PROD00511,2024-11-23
BH000383,CUST02557,PROD00420,2024-08-21
BH000384,CUST00441,PROD00751,2024-09-27
BH000385,CUST00921,PROD00169,2024-08-17
BH000386,CUST00770,PROD00343,2024-08-24
BH000387,CUST01344,PROD00306,2024-08-11
BH000388,CUST01827,PROD00542,2024-10-21
BH000389,CUST00263,PROD00702,2025-04-15
BH000390,CUST01578,PROD00537,2024-07-25
BH000391,CUST02685,PROD00112,2024-08-28
BH000392,CUST02507,PROD00411,2025-03-18
BH000393,CUST00999,PROD00206,2025-04-24
BH000394,CUST00700,PROD00185,2025-02-04
BH000395,CUST02350,PROD00382,2025-05-25
BH000396,CUST01604,PROD00496,2024-11-18
BH000397,CUST01242,PROD00379,2024-11-07
BH000398,CUST01126,PROD00047,2025-03-24
BH000399,CUST02602,PROD00740,2024-10-14
BH000400,CUST02336,PROD00551,2025-04-07
BH000401,CUST01191,PROD00528,2025-03-25
BH000402,CUST02669,PROD00504,2024-10-19
BH000403,CUST01006,PROD00022,2025-03-19
BH000404,CUST00036,PROD00213,2024-08-27
BH000405,CUST00744,PROD00310,2025-05-15
BH000406,CUST01765,PROD00661,2024-11-15
BH000407,CUST00353,PROD00753,2024-10-02
BH000408,CUST01923,PROD00272,2024-11-03
BH000409,CUST00073,PROD00571,2024-08-13
BH000410,CUST02696,PROD00799,2024-12-01
BH000411,CUST01377,PROD00202,2024-07-30
BH000412,CUST01915,PROD00032,2025-02-21
BH000413,CUST01094,PROD00443,2025-02-07
BH000414,CUST02473,PROD00162,2024-10-02
BH000415,CUST00708,PROD00767,2024-07-02
BH000416,CUST01805,PROD00254,2025-04-09
BH000417,CUST02609,PROD00521,2024-11-01
BH000418,CUST02876,PROD00651,2024-07-05
BH000419,CUST00956,PROD00480,2024-07-17
BH000420,CUST02565,PROD00010,2024-06-30
BH000421,CUST02476,PROD00726,2024-06-05
BH000422,CUST00160,PROD00505,2025-05-02
BH000423,CUST02197,PROD00785,2024-06-23
BH000424,CUST02824,PROD00560,2024-09-20
BH000425,CUST01736,PROD00436,2025-02-06
BH000426,CUST01586,PROD00111,2025-04-04
BH000427,CUST00067,PROD00153,2025-02-22
BH000428,CUST02429,PROD00635,2024-09-07
BH000429,CUST00058,PROD00102,2024-10-24
BH000430,CUST00342,PROD00753,2024-08-03
BH000431,CUST01154,PROD00191,2025-04-11
BH000432,CUST02775,PROD00729,2024-08-30
BH000433,CUST01196,PROD00563,2024-11-01
BH000434,CUST02818,PROD00081,2024-11-03
BH000435,CUST02662,PROD00489,2024-09-15
BH000436,CUST01233,PROD00088,2024-07-10
BH000437,CUST02402,PROD00194,2024-06-06
BH000438,CUST01495,PROD00104,2025-03-24
BH000439,CUST01822,PROD00783,2025-04-07
BH000440,CUST00116,PROD00096,2024-09-22
BH000441,CUST00662,PROD00423,2024-11-18
BH000442,CUST01466,PROD00198,2024-12-10
BH000443,CUST02501,PROD00001,2025-05-03
BH000444,CUST01869,PROD00407,2024-11-10
BH000445,CUST02335,PROD00378,2025-04-13
BH000446,CUST01017,PROD00167,2024-05-26
BH000447,CUST00311,PROD00509,2025-01-10
BH000448,CUST00208,PROD00638,2025-03-28
BH000449,CUST02666,PROD00313,2024-10-13
BH000450,CUST02494,PROD00593,2025-04-09
BH000451,CUST02718,PROD00418,2024-12-05
BH000452,CUST00633,PROD00763,2025-01-11
BH000453,CUST02103,PROD00681,2025-01-24
BH000454,CUST02960,PROD00477,2024-07-18
BH000455,CUST00657,PROD00073,2025-05-08
BH000456,CUST01424,PROD00141,2025-04-10
BH000457,CUST01932,PROD00582,2025-03-12
BH000458,CUST02563,PROD00262,2025-04-13
BH000459,CUST01680,PROD00340,2024-06-23
BH000460,CUST00237,PROD00308,2024-11-06
BH000461,CUST00348,PROD00245,2024-11-15
BH000462,CUST02675,PROD00515,2024-09-24
BH000463,CUST00630,PROD00337,2025-04-28
BH000464,CUST01541,PROD00575,2024-07-03
BH000465,CUST02004,PROD00561,2025-02-02
BH000466,CUST01272,PROD00076,2024-08-16
BH000467,CUST00364,PROD00175,2024-08-02
BH000468,CUST02369,PROD00109,2024-09-10
BH000469,CUST00286,PROD00183,2025-02-25
BH000470,CUST00149,PROD00192,2024-07-24
BH000471,CUST01108,PROD00065,2025-05-11
BH000472,CUST02454,PROD00474,2024-10-15
BH000473,CUST00456,PROD00783,2025-04-03
BH000474,CUST01767,PROD00100,2025-03-07
BH000475,CUST00800,PROD00544,2024-06-20
BH000476,CUST01185,PROD00128,2024-10-16
BH000477,CUST01013,PROD00452,2025-01-12
BH000478,CUST02832,PROD00369,2025-02-25
BH000479,CUST02508,PROD00043,2024-11-11
BH000480,CUST01524,PROD00419,2024-11-13
BH000481,CUST02786,PROD00488,2024-09-29
BH000482,CUST02557,PROD00078,2024-09-08
BH000483,CUST00481,PROD00270,2024-09-16
BH000484,CUST01687,PROD00674,2024-12-17
BH000485,CUST02162,PROD00701,2024-06-03
BH000486,CUST02797,PROD00759,2025-02-01
BH000487,CUST01602,PROD00728,2024-09-27
BH000488,CUST02409,PROD00315,2024-10-31
BH000489,CUST00341,PROD00168,2024-12-23
BH000490,CUST02818,PROD00339,2024-08-13
BH000491,CUST02011,PROD00193,2025-05-11
BH000492,CUST02809,PROD00453,2024-09-22
BH000493,CUST02497,PROD00283,2024-08-08
BH000494,CUST01867,PROD00336,2024-10-23
BH000495,CUST00835,PROD00390,2025-01-25
BH000496,CUST01204,PROD00525,2024-08-03
BH000497,CUST01726,PROD00240,2025-03-09
BH000498,CUST01690,PROD00483,2024-08-15
BH000499,CUST00311,PROD00659,2025-04-26
BH000500,CUST00262,PROD00716,2024-06-17
BH000501,CUST01443,PROD00592,2025-01-20
BH000502,CUST00406,PROD00555,2024-08-09
BH000503,CUST02191,PROD00458,2025-01-19
BH000504,CUST00342,PROD00089,2025-05-16
BH000505,CUST01340,PROD00660,2024-11-11
BH000506,CUST00244,PROD00095,2024-07-10
BH000507,CUST00490,PROD00452,2024-07-26
BH000508,CUST00012,PROD00428,2024-06-18
BH000509,CUST00561,PROD00151,2024-11-21
BH000510,CUST00042,PROD00514,2024-11-22
BH000511,CUST02726,PROD00376,2024-07-16
BH000512,CUST00594,PROD00022,2024-08-23
BH000513,CUST01453,PROD00313,2024-11-26
BH000514,CUST01827,PROD00519,2025-03-13
BH000515,CUST01694,PROD00206,2024-07-07
BH000516,CUST00134,PROD00375,2024-06-21
BH000517,CUST00948,PROD00451,2024-09-19
BH000518,CUST00073,PROD00626,2025-02-22
BH000519,CUST00399,PROD00784,2025-01-30
BH000520,CUST01429,PROD00595,2024-10-19
BH000521,CUST02626,PROD00179,2024-11-01
BH000522,CUST02907,PROD00210,2024-08-23
BH000523,CUST00130,PROD00500,2025-01-30
BH000524,CUST02979,PROD00464,2025-01-29
BH000525,CUST01812,PROD00124,2024-07-04
BH000526,CUST02002,PROD00113,2024-06-23
BH000527,CUST00266,PROD00012,2024-10-31
BH000528,CUST01561,PROD00126,2024-08-11
BH000529,CUST01986,PROD00565,2024-09-29
BH000530,CUST00793,PROD00331,2024-06-22
BH000531,CUST02301,PROD00283,2025-03-13
BH000532,CUST02870,PROD00140,2024-10-03
BH000533,CUST01313,PROD00401,2024-10-19
BH000534,CUST00164,PROD00097,2024-12-12
BH000535,CUST00095,PROD00517,2024-12-28
BH000536,CUST01806,PROD00569,2024-05-31
BH000537,CUST02881,PROD00069,2024-09-04
BH000538,CUST01134,PROD00118,2024-11-28
BH000539,CUST02384,PROD00059,2025-04-08
BH000540,CUST00822,PROD00033,2025-01-01
BH000541,CUST00238,PROD00318,2024-11-17
BH000542,CUST02429,PROD00050,2024-06-18
BH000543,CUST02947,PROD00489,2025-01-06
BH000544,CUST02531,PROD00019,2025-04-27
BH000545,CUST01961,PROD00726,2025-01-21
BH000546,CUST02950,PROD00197,2024-09-15
BH000547,CUST01049,PROD00450,2025-04-11
BH000548,CUST01677,PROD00559,2025-04-20
BH000549,CUST02530,PROD00679,2024-11-15
BH000550,CUST02965,PROD00452,2025-01-03
BH000551,CUST00964,PROD00289,2024-10-31
BH000552,CUST00537,PROD00141,2024-12-25
BH000553,CUST01604,PROD00084,2024-12-27
BH000554,CUST01980,PROD00694,2024-10-11
BH000555,CUST00128,PROD00391,2024-10-09
BH000556,CUST00092,PROD00591,2024-09-18
BH000557,CUST00543,PROD00215,2025-04-23
BH000558,CUST00846,PROD00526,2024-08-24
BH000559,CUST01682,PROD00215,2024-11-29
BH000560,CUST01852,PROD00403,2024-09-06
BH000561,CUST02495,PROD00128,2024-10-31
BH000562,CUST00390,PROD00477,2025-05-01
BH000563,CUST02720,PROD00760,2024-11-24
BH000564,CUST01885,PROD00404,2025-04-06
BH000565,CUST00043,PROD00029,2024-07-13
BH000566,CUST00254,PROD00792,2025-03-10
BH000567,CUST01084,PROD00338,2025-03-17
BH000568,CUST02711,PROD00714,2025-04-11
BH000569,CUST02515,PROD00361,2024-11-30
BH000570,CUST02335,PROD00569,2025-03-16
BH000571,CUST01541,PROD00392,2024-10-03
BH000572,CUST01954,PROD00218,2024-11-25
BH000573,CUST02826,PROD00574,2025-05-25
BH000574,CUST02393,PROD00669,2024-06-29
BH000575,CUST00642,PROD00202,2024-09-06
BH000576,CUST02430,PROD00017,2025-05-26
BH000577,CUST00690,PROD00322,2025-05-01
BH000578,CUST01277,PROD00518,2025-02-18
BH000579,CUST01951,PROD00570,2024-09-18
BH000580,CUST01080,PROD00325,2025-01-31
BH000581,CUST01487,PROD00412,2024-07-18
BH000582,CUST00457,PROD00318,2024-12-19
BH000583,CUST00983,PROD00681,2025-05-23
BH000584,CUST02131,PROD00082,2024-07-18
BH000585,CUST01123,PROD00474,2024-06-05
BH000586,CUST00149,PROD00468,2025-02-05
BH000587,CUST01353,PROD00425,2025-01-24
BH000588,CUST01180,PROD00731,2024-12-17
BH000589,CUST00190,PROD00689,2024-11-09
BH000590,CUST00883,PROD00204,2024-06-22
BH000591,CUST02311,PROD00583,2025-02-02
BH000592,CUST00400,PROD00387,2025-02-24
BH000593,CUST02812,PROD00778,2025-05-24
BH000594,CUST00609,PROD00098,2024-10-23
BH000595,CUST01796,PROD00345,2025-02-06
BH000596,CUST01639,PROD00208,2024-12-31
BH000597,CUST01576,PROD00514,2024-08-14
BH000598,CUST02833,PROD00636,2024-12-23
BH000599,CUST02149,PROD00792,2024-06-06
BH000600,CUST01383,PROD00586,2025-02-15
BH000601,CUST01404,PROD00166,2024-12-16
BH000602,CUST00820,PROD00022,2025-04-12
BH000603,CUST00820,PROD00154,2024-06-05
BH000604,CUST00420,PROD00439,2024-06-30
BH000605,CUST00124,PROD00295,2024-12-09
BH000606,CUST00422,PROD00219,2024-12-19
BH000607,CUST01509,PROD00669,2024-12-04
BH000608,CUST01598,PROD00495,2024-12-05
BH000609,CUST00768,PROD00230,2025-03-28
BH000610,CUST02045,PROD00020,2024-10-12
BH000611,CUST02531,PROD00553,2024-05-28
BH000612,CUST02567,PROD00148,2024-06-13
BH000613,CUST02203,PROD00108,2024-11-12
BH000614,CUST02140,PROD00403,2024-12-04
BH000615,CUST01550,PROD00596,2024-10-26
BH000616,CUST02503,PROD00483,2024-06-20
BH000617,CUST01765,PROD00367,2025-03-28
BH000618,CUST02045,PROD00414,2024-12-20
BH000619,CUST02646,PROD00309,2025-02-15
BH000620,CUST00510,PROD00134,2024-06-19
BH000621,CUST01207,PROD00719,2024-05-29
BH000622,CUST00386,PROD00283,2024-05-31
BH000623,CUST01598,PROD00778,2024-06-14
BH000624,CUST02453,PROD00073,2025-04-01
BH000625,CUST02294,PROD00481,2025-02-18
BH000626,CUST00742,PROD00352,2024-11-24
BH000627,CUST02709,PROD00560,2024-09-02
BH000628,CUST02698,PROD00326,2025-05-02
BH000629,CUST01912,PROD00745,2024-08-25
BH000630,CUST01447,PROD00443,2024-07-30
BH000631,CUST00901,PROD00100,2024-11-13
BH000632,CUST02113,PROD00059,2024-07-19
BH000633,CUST02261,PROD00508,2025-03-24
BH000634,CUST02010,PROD00258,2024-10-08
BH000635,CUST00242,PROD00413,2024-08-31
BH000636,CUST02541,PROD00452,2024-07-23
BH000637,CUST02386,PROD00065,2025-02-02
BH000638,CUST02021,PROD00595,2024-05-31
BH000639,CUST00173,PROD00154,2025-01-04
BH000640,CUST00672,PROD00266,2024-10-26
BH000641,CUST00164,PROD00079,2024-10-12
BH000642,CUST00465,PROD00315,2024-08-08
BH000643,CUST00497,PROD00662,2025-04-02
BH000644,CUST00700,PROD00560,2024-10-20
BH000645,CUST02443,PROD00248,2024-06-13
BH000646,CUST00703,PROD00790,2025-03-31
BH000647,CUST01941,PROD00610,2025-02-19
BH000648,CUST02356,PROD00414,2025-04-14
BH000649,CUST01792,PROD00025,2025-02-06
BH000650,CUST00183,PROD00284,2024-09-14
BH000651,CUST00629,PROD00449,2024-12-13
BH000652,CUST02558,PROD00301,2024-07-21
BH000653,CUST01732,PROD00068,2024-10-27
BH000654,CUST00546,PROD00007,2025-04-22
BH000655,CUST01588,PROD00137,2024-06-10
BH000656,CUST00624,PROD00164,2024-10-29
BH000657,CUST00594,PROD00083,2024-08-24
BH000658,CUST00744,PROD00650,2024-10-28
BH000659,CUST01769,PROD00420,2024-12-30
BH000660,CUST01460,PROD00073,2025-04-07
BH000661,CUST01949,PROD00237,2025-02-28
BH000662,CUST02602,PROD00046,2024-11-30
BH000663,CUST02069,PROD00618,2024-06-17
BH000664,CUST02602,PROD00800,2024-09-01
BH000665,CUST02445,PROD00262,2024-09-19
BH000666,CUST02673,PROD00176,2025-05-24
BH000667,CUST00105,PROD00166,2024-08-10
BH000668,CUST02240,PROD00657,2025-05-26
BH000669,CUST00017,PROD00370,2024-09-22
BH000670,CUST00393,PROD00795,2024-12-24
BH000671,CUST00425,PROD00054,2024-06-24
BH000672,CUST02177,PROD00690,2025-04-30
BH000673,CUST00572,PROD00419,2024-08-22
BH000674,CUST02077,PROD00756,2024-08-02
BH000675,CUST01121,PROD00507,2025-03-30
BH000676,CUST00242,PROD00341,2024-07-17
BH000677,CUST02280,PROD00127,2024-09-12
BH000678,CUST00789,PROD00409,2024-11-05
BH000679,CUST00715,PROD00367,2024-10-26
BH000680,CUST00759,PROD00271,2024-08-15
BH000681,CUST02850,PROD00644,2024-10-11
BH000682,CUST00776,PROD00605,2024-11-21
BH000683,CUST02774,PROD00379,2024-06-23
BH000684,CUST02248,PROD00073,2024-07-20
BH000685,CUST02993,PROD00248,2025-01-31
BH000686,CUST00079,PROD00785,2024-07-17
BH000687,CUST00856,PROD00043,2025-01-23
BH000688,CUST02515,PROD00377,2025-02-18
BH000689,CUST02629,PROD00041,2024-08-31
BH000690,CUST01440,PROD00170,2024-12-19
BH000691,CUST02988,PROD00212,2025-01-30
BH000692,CUST02497,PROD00493,2025-02-06
BH000693,CUST02135,PROD00680,2025-04-05
BH000694,CUST02149,PROD00039,2024-07-04
BH000695,CUST01032,PROD00369,2024-07-15
BH000696,CUST00845,PROD00757,2024-11-14
BH000697,CUST00087,PROD00151,2024-10-16
BH000698,CUST02091,PROD00111,2024-11-22
BH000699,CUST00408,PROD00480,2025-01-09
BH000700,CUST02712,PROD00436,2025-05-24
BH000701,CUST01669,PROD00047,2024-12-15
BH000702,CUST00148,PROD00575,2025-02-14
BH000703,CUST02325,PROD00737,2025-05-22
BH000704,CUST00232,PROD00366,2025-03-29
BH000705,CUST01951,PROD00069,2024-12-23
BH000706,CUST00366,PROD00299,2025-05-18
BH000707,CUST01675,PROD00296,2024-12-28
BH000708,CUST00436,PROD00203,2024-12-25
BH000709,CUST00399,PROD00061,2025-04-07
BH000710,CUST01235,PROD00314,2024-07-08
BH000711,CUST01415,PROD00161,2025-05-24
BH000712,CUST02547,PROD00331,2024-06-24
BH000713,CUST02588,PROD00528,2024-12-22
BH000714,CUST00563,PROD00338,2024-06-04
BH000715,CUST02490,PROD00606,2025-01-20
BH000716,CUST01285,PROD00304,2025-02-26
BH000717,CUST00773,PROD00503,2025-01-01
BH000718,CUST02398,PROD00650,2024-12-16
BH000719,CUST02038,PROD00338,2025-03-06
BH000720,CUST02568,PROD00550,2024-12-17
BH000721,CUST01344,PROD00639,2024-05-30
BH000722,CUST02186,PROD00275,2024-09-10
BH000723,CUST01574,PROD00164,2024-11-03
BH000724,CUST00992,PROD00443,2025-03-02
BH000725,CUST02416,PROD00319,2024-06-01
BH000726,CUST01247,PROD00589,2024-09-11
BH000727,CUST00360,PROD00504,2025-02-23
BH000728,CUST00921,PROD00686,2025-04-08
BH000729,CUST02377,PROD00387,2024-06-10
BH000730,CUST02511,PROD00603,2024-06-19
BH000731,CUST02994,PROD00750,2025-02-08
BH000732,CUST00963,PROD00776,2025-03-31
BH000733,CUST01828,PROD00691,2025-02-24
BH000734,CUST02884,PROD00494,2024-12-11
BH000735,CUST01614,PROD00490,2025-05-12
BH000736,CUST01641,PROD00721,2025-03-09
BH000737,CUST02217,PROD00073,2024-09-17
BH000738,CUST00217,PROD00509,2025-03-15
BH000739,CUST00378,PROD00390,2025-04-02
BH000740,CUST00119,PROD00619,2025-05-23
BH000741,CUST00190,PROD00295,2025-04-10
BH000742,CUST02815,PROD00369,2024-08-22
BH000743,CUST00370,PROD00796,2024-10-31
BH000744,CUST01802,PROD00694,2024-11-11
BH000745,CUST02197,PROD00549,2024-11-26
BH000746,CUST00652,PROD00649,2024-11-30
BH000747,CUST01883,PROD00568,2025-03-02
BH000748,CUST01512,PROD00187,2025-02-24
BH000749,CUST00770,PROD00770,2024-06-03
BH000750,CUST02422,PROD00445,2024-05-30
BH000751,CUST00781,PROD00570,2024-12-16
BH000752,CUST01717,PROD00363,2025-02-09
BH000753,CUST02208,PROD00123,2024-10-05
BH000754,CUST02399,PROD00188,2024-09-11
BH000755,CUST01312,PROD00742,2025-01-10
BH000756,CUST02940,PROD00680,2025-03-14
BH000757,CUST01250,PROD00420,2024-08-29
BH000758,CUST00523,PROD00626,2024-06-19
BH000759,CUST00522,PROD00252,2025-04-14
BH000760,CUST00783,PROD00619,2024-09-26
BH000761,CUST02321,PROD00549,2024-12-07
BH000762,CUST00936,PROD00335,2025-03-25
BH000763,CUST02231,PROD00092,2025-05-07
BH000764,CUST01689,PROD00530,2024-05-29
BH000765,CUST00488,PROD00063,2024-10-08
BH000766,CUST01851,PROD00662,2025-02-23
BH000767,CUST00846,PROD00512,2024-10-09
BH000768,CUST02172,PROD00139,2025-04-03
BH000769,CUST02838,PROD00698,2024-05-27
BH000770,CUST02462,PROD00185,2024-07-15
BH000771,CUST02004,PROD00205,2024-06-08
BH000772,CUST01749,PROD00772,2024-12-29
BH000773,CUST00686,PROD00214,2024-07-16
BH000774,CUST02161,PROD00256,2024-12-19
BH000775,CUST02936,PROD00135,2024-06-23
BH000776,CUST02170,PROD00573,2025-04-07
BH000777,CUST01568,PROD00088,2025-02-14
BH000778,CUST01246,PROD00207,2025-03-10
BH000779,CUST00039,PROD00129,2025-05-08
BH000780,CUST02545,PROD00003,2024-08-01
BH000781,CUST00780,PROD00754,2024-08-09
BH000782,CUST01257,PROD00121,2024-06-10
BH000783,CUST02991,PROD00385,2025-04-15
BH000784,CUST02197,PROD00614,2025-01-17
BH000785,CUST02709,PROD00038,2025-04-05
BH000786,CUST01928,PROD00341,2025-02-24
BH000787,CUST00302,PROD00645,2024-07-31
BH000788,CUST02286,PROD00714,2024-10-22
BH000789,CUST00647,PROD00021,2024-09-27
BH000790,CUST00663,PROD00242,2025-01-17
BH000791,CUST02284,PROD00455,2025-05-04
BH000792,CUST01760,PROD00621,2025-04-26
BH000793,CUST02251,PROD00303,2024-11-23
BH000794,CUST00256,PROD00596,2024-08-03
BH000795,CUST00598,PROD00595,2024-10-30
BH000796,CUST00662,PROD00069,2025-05-10
BH000797,CUST00235,PROD00129,2024-11-26
BH000798,CUST01369,PROD00196,2024-10-15
BH000799,CUST02582,PROD00140,2024-11-20
BH000800,CUST02908,PROD00444,2024-12-20
BH000801,CUST00770,PROD00283,2024-10-23
BH000802,CUST02589,PROD00312,2024-10-07
BH000803,CUST00213,PROD00746,2024-07-04
BH000804,CUST00463,PROD00535,2024-09-21
BH000805,CUST02484,PROD00665,2025-04-19
BH000806,CUST00283,PROD00277,2024-09-02
BH000807,CUST01487,PROD00061,2025-04-12
BH000808,CUST01431,PROD00319,2024-10-02
BH000809,CUST00088,PROD00052,2024-07-29
BH000810,CUST01068,PROD00153,2024-10-11
BH000811,CUST00461,PROD00749,2024-11-30
BH000812,CUST02326,PROD00311,2025-02-04
BH000813,CUST02469,PROD00544,2024-05-30
BH000814,CUST01725,PROD00567,2025-04-05
BH000815,CUST01377,PROD00389,2024-10-01
BH000816,CUST02744,PROD00548,2025-05-03
BH000817,CUST00515,PROD00622,2024-12-28
BH000818,CUST00703,PROD00177,2024-06-19
BH000819,CUST01654,PROD00362,2024-06-05
BH000820,CUST02067,PROD00314,2024-07-09
BH000821,CUST00023,PROD00097,2024-10-26
BH000822,CUST02461,PROD00213,2025-02-08
BH000823,CUST01054,PROD00137,2024-08-13
BH000824,CUST01831,PROD00006,2024-08-07
BH000825,CUST02156,PROD00109,2024-05-26
BH000826,CUST01305,PROD00547,2025-04-04
BH000827,CUST01135,PROD00039,2024-10-20
BH000828,CUST02184,PROD00662,2024-09-07
BH000829,CUST00362,PROD00425,2025-03-12
BH000830,CUST02177,PROD00630,2024-07-27
BH000831,CUST01900,PROD00261,2024-08-19
BH000832,CUST01285,PROD00426,2024-12-15
BH000833,CUST00515,PROD00087,2024-06-23
BH000834,CUST00449,PROD00465,2024-10-11
BH000835,CUST01924,PROD00076,2025-02-18
BH000836,CUST01507,PROD00471,2024-06-11
BH000837,CUST01248,PROD00414,2024-09-22
BH000838,CUST01856,PROD00726,2025-01-19
BH000839,CUST00874,PROD00457,2025-03-06
BH000840,CUST02521,PROD00285,2025-05-03
BH000841,CUST01429,PROD00239,2024-08-23
BH000842,CUST02350,PROD00677,2025-03-28
BH000843,CUST02279,PROD00599,2024-10-20
BH000844,CUST01755,PROD00653,2024-10-05
BH000845,CUST00923,PROD00672,2024-11-07
BH000846,CUST02985,PROD00558,2025-01-07
BH000847,CUST02160,PROD00372,2024-09-22
BH000848,CUST01037,PROD00495,2024-07-09
BH000849,CUST01417,PROD00624,2024-12-23
BH000850,CUST02548,PROD00045,2025-01-30
BH000851,CUST02980,PROD00401,2025-03-30
BH000852,CUST02646,PROD00247,2024-07-25
BH000853,CUST02282,PROD00616,2025-03-10
BH000854,CUST02650,PROD00597,2024-08-15
BH000855,CUST00314,PROD00450,2024-10-21
BH000856,CUST02614,PROD00485,2025-05-20
BH000857,CUST02257,PROD00646,2024-08-15
BH000858,CUST01998,PROD00620,2024-09-21
BH000859,CUST01038,PROD00018,2024-08-07
BH000860,CUST01657,PROD00606,2024-12-25
BH000861,CUST02635,PROD00662,2025-04-01
BH000862,CUST01779,PROD00758,2025-02-13
BH000863,CUST01015,PROD00289,2024-08-22
BH000864,CUST01094,PROD00414,2024-11-19
BH000865,CUST01125,PROD00721,2024-11-23
BH000866,CUST00698,PROD00638,2024-06-27
BH000867,CUST02180,PROD00235,2024-06-27
BH000868,CUST01405,PROD00416,2025-02-13
BH000869,CUST01156,PROD00499,2025-01-25
BH000870,CUST01044,PROD00634,2024-08-19
BH000871,CUST01930,PROD00650,2025-05-22
BH000872,CUST02584,PROD00115,2024-06-24
BH000873,CUST01014,PROD00674,2025-03-27
BH000874,CUST00227,PROD00713,2024-09-05
BH000875,CUST01829,PROD00234,2024-09-30
BH000876,CUST01493,PROD00540,2024-05-26
BH000877,CUST00822,PROD00011,2025-05-22
BH000878,CUST02024,PROD00206,2024-08-19
BH000879,CUST00871,PROD00679,2024-10-21
BH000880,CUST02453,PROD00247,2024-09-07
BH000881,CUST02250,PROD00559,2024-11-27
BH000882,CUST02086,PROD00758,2025-04-25
BH000883,CUST02990,PROD00127,2024-08-20
BH000884,CUST01796,PROD00147,2025-05-14
BH000885,CUST00188,PROD00118,2025-02-27
BH000886,CUST01081,PROD00382,2025-03-20
BH000887,CUST00941,PROD00412,2025-02-07
BH000888,CUST02321,PROD00664,2024-11-25
BH000889,CUST02631,PROD00584,2024-06-03
BH000890,CUST02564,PROD00363,2024-12-22
BH000891,CUST00526,PROD00509,2024-09-11
BH000892,CUST00336,PROD00137,2024-08-26
BH000893,CUST02746,PROD00175,2024-11-16
BH000894,CUST01079,PROD00289,2024-11-23
BH000895,CUST02548,PROD00481,2024-06-23
BH000896,CUST02948,PROD00019,2025-04-21
BH000897,CUST02814,PROD00195,2024-07-06
BH000898,CUST02584,PROD00330,2025-02-18
BH000899,CUST00162,PROD00175,2025-04-13
BH000900,CUST00594,PROD00449,2024-07-10
BH000901,CUST01939,PROD00354,2024-07-08
BH000902,CUST02207,PROD00499,2024-07-02
BH000903,CUST00060,PROD00141,2025-02-14
BH000904,CUST02963,PROD00758,2025-03-11
BH000905,CUST01902,PROD00093,2024-11-28
BH000906,CUST02259,PROD00239,2025-01-12
BH000907,CUST00406,PROD00205,2024-12-18
BH000908,CUST00664,PROD00560,2025-05-08
BH000909,CUST01133,PROD00433,2025-05-02
BH000910,CUST01100,PROD00245,2024-06-02
BH000911,CUST00542,PROD00317,2024-12-26
BH000912,CUST01338,PROD00295,2024-06-24
BH000913,CUST00998,PROD00640,2025-04-03
BH000914,CUST01141,PROD00282,2024-05-30
BH000915,CUST02975,PROD00017,2025-04-15
BH000916,CUST00868,PROD00071,2024-11-08
BH000917,CUST02067,PROD00269,2024-07-09
BH000918,CUST00432,PROD00325,2024-12-17
BH000919,CUST00740,PROD00794,2025-02-14
BH000920,CUST01374,PROD00305,2025-02-16
BH000921,CUST00183,PROD00451,2024-12-25
BH000922,CUST02161,PROD00007,2024-10-02
BH000923,CUST01207,PROD00314,2024-08-03
BH000924,CUST02529,PROD00103,2024-07-12
BH000925,CUST01170,PROD00193,2025-01-24
BH000926,CUST00831,PROD00753,2024-09-18
BH000927,CUST01652,PROD00574,2024-10-03
BH000928,CUST01137,PROD00529,2024-11-01
BH000929,CUST02811,PROD00171,2024-09-05
BH000930,CUST00476,PROD00537,2024-09-30
BH000931,CUST02811,PROD00251,2025-01-28
BH000932,CUST01327,PROD00765,2024-12-26
BH000933,CUST00971,PROD00387,2025-03-17
BH000934,CUST01020,PROD00207,2025-01-05
BH000935,CUST01142,PROD00541,2024-11-26
BH000936,CUST01837,PROD00629,2024-07-20
BH000937,CUST00161,PROD00416,2025-04-23
BH000938,CUST02449,PROD00794,2024-11-26
BH000939,CUST00198,PROD00380,2025-05-21
BH000940,CUST01284,PROD00144,2024-09-24
BH000941,CUST00660,PROD00025,2025-04-04
BH000942,CUST01776,PROD00668,2024-07-23
BH000943,CUST01071,PROD00073,2025-05-21
BH000944,CUST02011,PROD00632,2024-07-28
BH000945,CUST00399,PROD00093,2025-03-04
BH000946,CUST01734,PROD00505,2025-03-30
BH000947,CUST01583,PROD00598,2024-12-04
BH000948,CUST02126,PROD00336,2024-07-25
BH000949,CUST02172,PROD00425,2025-05-10
BH000950,CUST00075,PROD00499,2024-09-04
BH000951,CUST02185,PROD00364,2024-08-12
BH000952,CUST00602,PROD00630,2025-04-05
BH000953,CUST00837,PROD00745,2025-02-22
BH000954,CUST01529,PROD00199,2025-05-19
BH000955,CUST00500,PROD00718,2024-12-23
BH000956,CUST01597,PROD00413,2024-11-01
BH000957,CUST00138,PROD00339,2024-07-01
BH000958,CUST02098,PROD00659,2024-09-23
BH000959,CUST01795,PROD00429,2025-03-30
BH000960,CUST00973,PROD00783,2024-08-15
BH000961,CUST01643,PROD00139,2024-06-03
BH000962,CUST01886,PROD00693,2025-04-01
BH000963,CUST02302,PROD00542,2024-06-20
BH000964,CUST02029,PROD00057,2025-01-01
BH000965,CUST02758,PROD00232,2025-04-23
BH000966,CUST01901,PROD00658,2025-05-19
BH000967,CUST02611,PROD00435,2025-02-14
BH000968,CUST02805,PROD00384,2024-09-23
BH000969,CUST01450,PROD00560,2024-10-02
BH000970,CUST00547,PROD00194,2025-02-09
BH000971,CUST00922,PROD00736,2024-10-12
BH000972,CUST00581,PROD00648,2024-07-18
BH000973,CUST01373,PROD00534,2024-10-15
BH000974,CUST01957,PROD00518,2024-06-11
BH000975,CUST02004,PROD00716,2024-10-10
BH000976,CUST02097,PROD00751,2024-09-30
BH000977,CUST02965,PROD00185,2024-12-23
BH000978,CUST00704,PROD00292,2024-07-25
BH000979,CUST02309,PROD00335,2024-11-21
BH000980,CUST02404,PROD00732,2024-12-20
BH000981,CUST01626,PROD00116,2024-10-26
BH000982,CUST00638,PROD00049,2025-02-09
BH000983,CUST02791,PROD00685,2025-02-24
BH000984,CUST01010,PROD00082,2025-01-19
BH000985,CUST02979,PROD00333,2025-04-28
BH000986,CUST00641,PROD00557,2025-01-04
BH000987,CUST02840,PROD00335,2024-12-29
BH000988,CUST02660,PROD00532,2024-09-22
BH000989,CUST01862,PROD00221,2024-11-10
BH000990,CUST02857,PROD00635,2025-05-08
BH000991,CUST01206,PROD00746,2025-05-06
BH000992,CUST00686,PROD00733,2025-04-09
BH000993,CUST01852,PROD00323,2024-05-29
BH000994,CUST00188,PROD00003,2024-07-23
BH000995,CUST01620,PROD00694,2025-02-06
BH000996,CUST01688,PROD00206,2024-11-20
BH000997,CUST00985,PROD00040,2025-05-04
BH000998,CUST00548,PROD00059,2024-07-01
BH000999,CUST02773,PROD00574,2024-12-19
BH001000,CUST02974,PROD00644,2025-04-21
BH001001,CUST01432,PROD00507,2024-10-13
BH001002,CUST00876,PROD00572,2024-11-20
BH001003,CUST00618,PROD00122,2025-03-17
BH001004,CUST02462,PROD00479,2025-05-18
BH001005,CUST01366,PROD00619,2024-07-22
BH001006,CUST01244,PROD00096,2024-07-05
BH001007,CUST00903,PROD00414,2024-08-22
BH001008,CUST00163,PROD00235,2025-03-20
BH001009,CUST01975,PROD00062,2025-04-24
BH001010,CUST00270,PROD00256,2025-03-04
BH001011,CUST00632,PROD00561,2024-12-06
BH001012,CUST00906,PROD00348,2024-09-14
BH001013,CUST02015,PROD00671,2024-06-27
BH001014,CUST01642,PROD00124,2024-07-10
BH001015,CUST00205,PROD00482,2025-03-06
BH001016,CUST00582,PROD00317,2024-08-05
BH001017,CUST01580,PROD00504,2024-12-24
BH001018,CUST00841,PROD00719,2024-12-10
BH001019,CUST01837,PROD00048,2025-02-21
BH001020,CUST01252,PROD00409,2024-06-15
BH001021,CUST01720,PROD00136,2025-02-01
BH001022,CUST01643,PROD00201,2024-10-09
BH001023,CUST02644,PROD00250,2024-08-09
BH001024,CUST02298,PROD00314,2024-11-16
BH001025,CUST00875,PROD00368,2025-02-11
BH001026,CUST01465,PROD00429,2024-08-13
BH001027,CUST02244,PROD00480,2024-11-10
BH001028,CUST00690,PROD00314,2024-07-15
BH001029,CUST02011,PROD00500,2024-06-24
BH001030,CUST02687,PROD00721,2024-06-28
BH001031,CUST01423,PROD00355,2025-05-06
BH001032,CUST02002,PROD00485,2024-10-09
BH001033,CUST00672,PROD00211,2024-11-29
BH001034,CUST01172,PROD00704,2024-06-03
BH001035,CUST01496,PROD00044,2024-09-21
BH001036,CUST00944,PROD00541,2025-03-28
BH001037,CUST02247,PROD00571,2025-02-11
BH001038,CUST01450,PROD00583,2025-03-10
BH001039,CUST02540,PROD00092,2024-11-30
BH001040,CUST00896,PROD00265,2025-03-08
BH001041,CUST02190,PROD00220,2025-05-23
BH001042,CUST01337,PROD00442,2024-09-03
BH001043,CUST00165,PROD00401,2024-07-14
BH001044,CUST02362,PROD00400,2024-08-07
BH001045,CUST02069,PROD00727,2024-11-10
BH001046,CUST01106,PROD00789,2024-06-09
BH001047,CUST01754,PROD00576,2024-07-06
BH001048,CUST02353,PROD00490,2025-03-07
BH001049,CUST01939,PROD00485,2024-06-17
BH001050,CUST00371,PROD00757,2025-03-27
BH001051,CUST01881,PROD00470,2024-08-12
BH001052,CUST00853,PROD00574,2024-08-02
BH001053,CUST00384,PROD00682,2024-07-31
BH001054,CUST01932,PROD00445,2024-07-09
BH001055,CUST02493,PROD00269,2025-03-25
BH001056,CUST00425,PROD00267,2025-02-11
BH001057,CUST02209,PROD00054,2024-11-10
BH001058,CUST00629,PROD00528,2024-11-15
BH001059,CUST00895,PROD00520,2024-11-14
BH001060,CUST02538,PROD00616,2024-08-20
BH001061,CUST02375,PROD00059,2024-05-31
BH001062,CUST00598,PROD00040,2024-07-25
BH001063,CUST02337,PROD00237,2024-08-16
BH001064,CUST00593,PROD00386,2025-03-26
BH001065,CUST01688,PROD00606,2025-03-10
BH001066,CUST00573,PROD00734,2025-02-12
BH001067,CUST02076,PROD00716,2024-11-24
BH001068,CUST02091,PROD00650,2024-08-23
BH001069,CUST01705,PROD00300,2024-08-08
BH001070,CUST02471,PROD00395,2024-12-12
BH001071,CUST00177,PROD00207,2025-04-03
BH001072,CUST00529,PROD00336,2024-07-10
BH001073,CUST01634,PROD00593,2025-05-19
BH001074,CUST00966,PROD00730,2024-06-18
BH001075,CUST01518,PROD00514,2025-02-21
BH001076,CUST00198,PROD00178,2025-05-08
BH001077,CUST02658,PROD00396,2025-01-09
BH001078,CUST02890,PROD00371,2024-07-14
BH001079,CUST00853,PROD00791,2025-05-04
BH001080,CUST01538,PROD00658,2025-02-22
BH001081,CUST02070,PROD00318,2025-05-19
BH001082,CUST01081,PROD00736,2025-02-11
BH001083,CUST02890,PROD00369,2024-06-12
BH001084,CUST00098,PROD00384,2024-10-09
BH001085,CUST01904,PROD00062,2024-11-28
BH001086,CUST00435,PROD00505,2025-01-18
BH001087,CUST00637,PROD00239,2024-11-30
BH001088,CUST00588,PROD00195,2025-05-14
BH001089,CUST00344,PROD00678,2025-02-02
BH001090,CUST01318,PROD00222,2024-09-15
BH001091,CUST01980,PROD00061,2024-09-05
BH001092,CUST00571,PROD00129,2024-06-25
BH001093,CUST00611,PROD00685,2024-10-21
BH001094,CUST01728,PROD00156,2025-04-08
BH001095,CUST02291,PROD00378,2024-07-16
BH001096,CUST01855,PROD00622,2025-02-19
BH001097,CUST02609,PROD00781,2025-04-08
BH001098,CUST00960,PROD00790,2025-03-11
BH001099,CUST02080,PROD00586,2024-06-08
BH001100,CUST02439,PROD00437,2024-11-07
BH001101,CUST02325,PROD00207,2024-10-30
BH001102,CUST00532,PROD00388,2025-04-21
BH001103,CUST01178,PROD00480,2024-08-20
BH001104,CUST02431,PROD00791,2024-11-06
BH001105,CUST01092,PROD00340,2025-03-26
BH001106,CUST01902,PROD00340,2025-01-23
BH001107,CUST00884,PROD00204,2025-01-02
BH001108,CUST02262,PROD00161,2025-03-29
BH001109,CUST01679,PROD00540,2025-03-12
BH001110,CUST02424,PROD00392,2025-05-25
BH001111,CUST02792,PROD00769,2024-10-17
BH001112,CUST02261,PROD00677,2024-11-20
BH001113,CUST02127,PROD00575,2024-09-17
BH001114,CUST01750,PROD00534,2024-11-29
BH001115,CUST02676,PROD00070,2024-08-25
BH001116,CUST02652,PROD00405,2025-05-04
BH001117,CUST00782,PROD00608,2024-10-27
BH001118,CUST02728,PROD00675,2025-03-18
BH001119,CUST02106,PROD00591,2025-02-12
BH001120,CUST00881,PROD00517,2025-03-11
BH001121,CUST00447,PROD00120,2024-08-12
BH001122,CUST02114,PROD00690,2024-10-11
BH001123,CUST01784,PROD00688,2025-01-15
BH001124,CUST01278,PROD00217,2024-11-22
BH001125,CUST01992,PROD00056,2025-03-06
BH001126,CUST01068,PROD00366,2024-12-26
BH001127,CUST01578,PROD00699,2025-01-14
BH001128,CUST01012,PROD00504,2024-07-01
BH001129,CUST02275,PROD00744,2024-11-28
BH001130,CUST00774,PROD00767,2025-04-29
BH001131,CUST02727,PROD00455,2024-08-31
BH001132,CUST01815,PROD00104,2024-12-14
BH001133,CUST02649,PROD00077,2024-11-10
BH001134,CUST02427,PROD00230,2025-01-22
BH001135,CUST01202,PROD00258,2024-09-14
BH001136,CUST01451,PROD00264,2024-11-05
BH001137,CUST02757,PROD00331,2024-12-10
BH001138,CUST00307,PROD00182,2024-10-24
BH001139,CUST00779,PROD00768,2024-11-09
BH001140,CUST02552,PROD00550,2024-10-27
BH001141,CUST02316,PROD00688,2024-08-18
BH001142,CUST00008,PROD00027,2024-07-28
BH001143,CUST02556,PROD00276,2024-09-26
BH001144,CUST00476,PROD00652,2024-12-23
BH001145,CUST01321,PROD00299,2025-05-26
BH001146,CUST02212,PROD00799,2025-03-17
BH001147,CUST00485,PROD00091,2025-03-20
BH001148,CUST02615,PROD00480,2024-06-04
BH001149,CUST00905,PROD00573,2024-11-19
BH001150,CUST00559,PROD00458,2025-02-22
BH001151,CUST01968,PROD00451,2024-10-12
BH001152,CUST02286,PROD00365,2025-04-09
BH001153,CUST01128,PROD00675,2025-05-14
BH001154,CUST01234,PROD00351,2024-08-25
BH001155,CUST02602,PROD00655,2024-10-12
BH001156,CUST02876,PROD00400,2024-08-24
BH001157,CUST00468,PROD00253,2025-05-12
BH001158,CUST02434,PROD00781,2024-06-09
BH001159,CUST02823,PROD00459,2024-12-11
BH001160,CUST00848,PROD00699,2025-04-16
BH001161,CUST02435,PROD00499,2024-12-02
BH001162,CUST02925,PROD00508,2024-09-03
BH001163,CUST00259,PROD00304,2024-07-17
BH001164,CUST00283,PROD00501,2024-08-01
BH001165,CUST01650,PROD00598,2025-03-07
BH001166,CUST01899,PROD00166,2024-06-04
BH001167,CUST00040,PROD00415,2024-06-29
BH001168,CUST02534,PROD00462,2025-05-20
BH001169,CUST02977,PROD00114,2024-06-23
BH001170,CUST02268,PROD00433,2025-01-14
BH001171,CUST01015,PROD00356,2025-04-20
BH001172,CUST00613,PROD00695,2024-05-30
BH001173,CUST02976,PROD00207,2024-06-18
BH001174,CUST01916,PROD00768,2024-08-31
BH001175,CUST00688,PROD00235,2025-05-12
BH001176,CUST00613,PROD00442,2024-08-08
BH001177,CUST02308,PROD00355,2024-11-20
BH001178,CUST02414,PROD00515,2025-04-22
BH001179,CUST01782,PROD00208,2024-12-26
BH001180,CUST01811,PROD00709,2024-12-21
BH001181,CUST02592,PROD00125,2024-10-31
BH001182,CUST02697,PROD00138,2025-05-04
BH001183,CUST01548,PROD00339,2024-11-21
BH001184,CUST01931,PROD00537,2024-07-29
BH001185,CUST02862,PROD00068,2024-10-11
BH001186,CUST01153,PROD00573,2024-06-16
BH001187,CUST00575,PROD00541,2025-02-15
BH001188,CUST01911,PROD00383,2025-02-24
BH001189,CUST01013,PROD00019,2024-12-19
BH001190,CUST00670,PROD00683,2025-05-08
BH001191,CUST00269,PROD00450,2024-10-05
BH001192,CUST01284,PROD00074,2025-03-23
BH001193,CUST00924,PROD00573,2025-02-02
BH001194,CUST01126,PROD00665,2024-07-19
BH001195,CUST01530,PROD00276,2025-03-29
BH001196,CUST01759,PROD00048,2024-11-22
BH001197,CUST01595,PROD00211,2024-06-21
BH001198,CUST00247,PROD00651,2024-10-13
BH001199,CUST01561,PROD00622,2024-11-04
BH001200,CUST02179,PROD00695,2024-12-30
BH001201,CUST02401,PROD00540,2025-01-11
BH001202,CUST02244,PROD00709,2024-11-03
BH001203,CUST01940,PROD00191,2024-09-23
BH001204,CUST00930,PROD00315,2024-11-10
BH001205,CUST02693,PROD00563,2024-12-19
BH001206,CUST00227,PROD00661,2024-11-20
BH001207,CUST02749,PROD00780,2025-01-11
BH001208,CUST00265,PROD00562,2024-08-12
BH001209,CUST01396,PROD00758,2025-01-25
BH001210,CUST01458,PROD00113,2024-12-22
BH001211,CUST00646,PROD00170,2024-08-05
BH001212,CUST02259,PROD00468,2025-04-29
BH001213,CUST01419,PROD00678,2025-01-30
BH001214,CUST01474,PROD00014,2025-03-07
BH001215,CUST02991,PROD00715,2025-02-15
BH001216,CUST01388,PROD00288,2024-06-09
BH001217,CUST01900,PROD00189,2025-01-21
BH001218,CUST02505,PROD00155,2025-04-15
BH001219,CUST02773,PROD00567,2024-11-06
BH001220,CUST01250,PROD00694,2025-04-15
BH001221,CUST00982,PROD00722,2024-10-17
BH001222,CUST01155,PROD00471,2024-07-01
BH001223,CUST00588,PROD00075,2024-07-13
BH001224,CUST00476,PROD00277,2024-06-20
BH001225,CUST01822,PROD00645,2025-03-12
BH001226,CUST00986,PROD00343,2025-05-26
BH001227,CUST02204,PROD00425,2025-03-12
BH001228,CUST01242,PROD00571,2024-07-25
BH001229,CUST00190,PROD00511,2024-06-24
BH001230,CUST01441,PROD00182,2025-01-03
BH001231,CUST00981,PROD00458,2024-06-22
BH001232,CUST01699,PROD00064,2024-10-28
BH001233,CUST01716,PROD00260,2025-05-26
BH001234,CUST02594,PROD00193,2025-01-21
BH001235,CUST00041,PROD00655,2024-10-12
BH001236,CUST02355,PROD00616,2024-07-25
BH001237,CUST00943,PROD00406,2025-01-27
BH001238,CUST00338,PROD00726,2024-05-26
BH001239,CUST01338,PROD00754,2024-08-16
BH001240,CUST01099,PROD00721,2024-08-02
BH001241,CUST02327,PROD00093,2025-03-02
BH001242,CUST00896,PROD00430,2025-02-06
BH001243,CUST02321,PROD00654,2024-09-20
BH001244,CUST02885,PROD00434,2025-03-15
BH001245,CUST02668,PROD00404,2024-09-08
BH001246,CUST01675,PROD00434,2025-01-30
BH001247,CUST02910,PROD00112,2025-05-08
BH001248,CUST00931,PROD00375,2024-10-01
BH001249,CUST00289,PROD00059,2025-05-11
BH001250,CUST00724,PROD00043,2024-07-03
BH001251,CUST02941,PROD00207,2025-05-21
BH001252,CUST02320,PROD00780,2025-04-01
BH001253,CUST01954,PROD00296,2025-02-03
BH001254,CUST01090,PROD00118,2024-11-23
BH001255,CUST00483,PROD00532,2025-01-22
BH001256,CUST00936,PROD00222,2024-06-23
BH001257,CUST02296,PROD00166,2025-04-28
BH001258,CUST00156,PROD00643,2025-04-16
BH001259,CUST01071,PROD00156,2024-08-03
BH001260,CUST01959,PROD00184,2025-03-20
BH001261,CUST02502,PROD00090,2025-04-17
BH001262,CUST02249,PROD00094,2025-01-24
BH001263,CUST01684,PROD00013,2024-10-01
BH001264,CUST00124,PROD00742,2024-08-24
BH001265,CUST02049,PROD00438,2025-05-18
BH001266,CUST00968,PROD00538,2025-04-15
BH001267,CUST00855,PROD00587,2024-11-07
BH001268,CUST00640,PROD00150,2025-05-23
BH001269,CUST02239,PROD00660,2025-03-17
BH001270,CUST01603,PROD00008,2024-06-21
BH001271,CUST02564,PROD00029,2024-07-19
BH001272,CUST00442,PROD00296,2025-05-08
BH001273,CUST01945,PROD00721,2024-11-02
BH001274,CUST01839,PROD00640,2024-07-15
BH001275,CUST01830,PROD00340,2025-04-06
BH001276,CUST02191,PROD00628,2024-08-20
BH001277,CUST00533,PROD00439,2025-04-16
BH001278,CUST02275,PROD00144,2024-06-15
BH001279,CUST01337,PROD00747,2025-02-13
BH001280,CUST00949,PROD00519,2025-04-17
BH001281,CUST02020,PROD00045,2025-04-24
BH001282,CUST00460,PROD00239,2025-03-22
BH001283,CUST00551,PROD00155,2025-03-05
BH001284,CUST00393,PROD00181,2024-06-04
BH001285,CUST01788,PROD00215,2024-06-23
BH001286,CUST00845,PROD00088,2024-10-20
BH001287,CUST02258,PROD00256,2024-09-24
BH001288,CUST01139,PROD00511,2024-08-28
BH001289,CUST00646,PROD00073,2024-12-22
BH001290,CUST02267,PROD00179,2024-11-29
BH001291,CUST02455,PROD00212,2024-11-06
BH001292,CUST01467,PROD00234,2025-03-03
BH001293,CUST01378,PROD00465,2025-02-10
BH001294,CUST02936,PROD00751,2024-10-24
BH001295,CUST02606,PROD00223,2024-07-05
BH001296,CUST02598,PROD00631,2025-03-15
BH001297,CUST00142,PROD00264,2024-06-21
BH001298,CUST02660,PROD00207,2024-09-10
BH001299,CUST00501,PROD00607,2025-03-11
BH001300,CUST00840,PROD00734,2024-08-02
BH001301,CUST02750,PROD00366,2024-12-26
BH001302,CUST01683,PROD00276,2025-03-22
BH001303,CUST01566,PROD00380,2024-06-02
BH001304,CUST02047,PROD00743,2025-04-28
BH001305,CUST01531,PROD00309,2024-10-09
BH001306,CUST00596,PROD00631,2025-01-14
BH001307,CUST01905,PROD00268,2024-09-16
BH001308,CUST00281,PROD00785,2024-08-02
BH001309,CUST00424,PROD00064,2024-09-24
BH001310,CUST02904,PROD00350,2024-12-28
BH001311,CUST00270,PROD00494,2024-07-30
BH001312,CUST00154,PROD00523,2025-03-02
BH001313,CUST02662,PROD00098,2024-07-05
BH001314,CUST01751,PROD00071,2025-04-26
BH001315,CUST00662,PROD00364,2024-06-28
BH001316,CUST01968,PROD00570,2024-08-22
BH001317,CUST00083,PROD00763,2025-04-13
BH001318,CUST02995,PROD00276,2024-08-10
BH001319,CUST02947,PROD00050,2025-02-19
BH001320,CUST01450,PROD00358,2025-05-24
BH001321,CUST01299,PROD00728,2024-06-12
BH001322,CUST02332,PROD00564,2025-04-27
BH001323,CUST00980,PROD00783,2025-05-07
BH001324,CUST02221,PROD00485,2024-10-29
BH001325,CUST02811,PROD00084,2025-01-18
BH001326,CUST01660,PROD00638,2025-05-08
BH001327,CUST01399,PROD00584,2024-12-30
BH001328,CUST00633,PROD00296,2025-05-23
BH001329,CUST01532,PROD00236,2024-07-24
BH001330,CUST00787,PROD00056,2025-04-27
BH001331,CUST02991,PROD00360,2024-09-03
BH001332,CUST00398,PROD00110,2024-06-10
BH001333,CUST01144,PROD00192,2024-09-14
BH001334,CUST00934,PROD00093,2024-06-20
BH001335,CUST01461,PROD00568,2025-01-14
BH001336,CUST01853,PROD00060,2025-01-24
BH001337,CUST02724,PROD00650,2024-09-06
BH001338,CUST02984,PROD00039,2024-06-09
BH001339,CUST02513,PROD00540,2024-07-28
BH001340,CUST00286,PROD00049,2024-07-19
BH001341,CUST00265,PROD00420,2025-02-04
BH001342,CUST02368,PROD00637,2025-03-25
BH001343,CUST02721,PROD00013,2025-02-09
BH001344,CUST02868,PROD00036,2024-07-29
BH001345,CUST02137,PROD00101,2024-09-16
BH001346,CUST01678,PROD00794,2024-08-04
BH001347,CUST01227,PROD00086,2024-08-23
BH001348,CUST00821,PROD00516,2025-05-05
BH001349,CUST01763,PROD00223,2024-08-11
BH001350,CUST02382,PROD00338,2025-03-18
BH001351,CUST02270,PROD00166,2024-09-09
BH001352,CUST00041,PROD00383,2024-11-13
BH001353,CUST01732,PROD00376,2024-12-25
BH001354,CUST00068,PROD00471,2025-05-14
BH001355,CUST00988,PROD00790,2025-03-13
BH001356,CUST01800,PROD00642,2024-12-12
BH001357,CUST02562,PROD00031,2025-01-12
BH001358,CUST01622,PROD00375,2024-08-18
BH001359,CUST01656,PROD00011,2024-10-08
BH001360,CUST01279,PROD00302,2025-03-22
BH001361,CUST00695,PROD00096,2024-11-05
BH001362,CUST02525,PROD00190,2025-03-12
BH001363,CUST01086,PROD00453,2024-09-12
BH001364,CUST02929,PROD00192,2025-04-14
BH001365,CUST02480,PROD00486,2025-03-16
BH001366,CUST01694,PROD00266,2025-02-09
BH001367,CUST02316,PROD00424,2024-11-19
BH001368,CUST01059,PROD00128,2024-12-23
BH001369,CUST00779,PROD00238,2025-02-20
BH001370,CUST00494,PROD00355,2025-05-25
BH001371,CUST01586,PROD00112,2025-03-20
BH001372,CUST01493,PROD00446,2024-07-24
BH001373,CUST01791,PROD00343,2025-03-24
BH001374,CUST00661,PROD00145,2024-08-22
BH001375,CUST01349,PROD00065,2024-07-11
BH001376,CUST01328,PROD00247,2024-12-10
BH001377,CUST01300,PROD00735,2025-03-04
BH001378,CUST01987,PROD00490,2024-12-14
BH001379,CUST02045,PROD00439,2024-11-01
BH001380,CUST01929,PROD00106,2024-06-04
BH001381,CUST01348,PROD00181,2025-04-24
BH001382,CUST01059,PROD00184,2025-05-24
BH001383,CUST00977,PROD00226,2025-01-30
BH001384,CUST00482,PROD00777,2024-08-17
BH001385,CUST00728,PROD00790,2024-12-03
BH001386,CUST02528,PROD00089,2025-05-09
BH001387,CUST01032,PROD00688,2024-11-19
BH001388,CUST00343,PROD00530,2024-07-03
BH001389,CUST01448,PROD00371,2024-07-22
BH001390,CUST02380,PROD00399,2024-09-13
BH001391,CUST02486,PROD00106,2025-02-27
BH001392,CUST02222,PROD00271,2025-03-23
BH001393,CUST02607,PROD00503,2024-12-24
BH001394,CUST00527,PROD00679,2025-01-30
BH001395,CUST01897,PROD00525,2025-04-30
BH001396,CUST00659,PROD00032,2024-08-09
BH001397,CUST02074,PROD00393,2025-05-17
BH001398,CUST00820,PROD00040,2024-07-22
BH001399,CUST02653,PROD00660,2024-12-04
BH001400,CUST00406,PROD00218,2025-01-08
BH001401,CUST02280,PROD00731,2025-03-26
BH001402,CUST02581,PROD00082,2024-08-19
BH001403,CUST01574,PROD00720,2024-11-11
BH001404,CUST01812,PROD00201,2025-04-17
BH001405,CUST00505,PROD00447,2025-04-14
BH001406,CUST00179,PROD00428,2024-12-02
BH001407,CUST00132,PROD00038,2025-05-21
BH001408,CUST01847,PROD00211,2024-07-05
BH001409,CUST01479,PROD00444,2024-07-18
BH001410,CUST02396,PROD00327,2024-09-16
BH001411,CUST02588,PROD00761,2024-12-26
BH001412,CUST00772,PROD00227,2024-07-11
BH001413,CUST01430,PROD00048,2024-11-28
BH001414,CUST02124,PROD00018,2025-05-03
BH001415,CUST00579,PROD00439,2024-08-22
BH001416,CUST02902,PROD00708,2024-11-15
BH001417,CUST01516,PROD00187,2024-10-25
BH001418,CUST00194,PROD00345,2024-10-23
BH001419,CUST02008,PROD00224,2024-08-16
BH001420,CUST01186,PROD00488,2025-02-08
BH001421,CUST02395,PROD00229,2025-05-16
BH001422,CUST02999,PROD00390,2025-01-01
BH001423,CUST01385,PROD00589,2025-01-28
BH001424,CUST01793,PROD00188,2024-12-10
BH001425,CUST01111,PROD00270,2024-08-23
BH001426,CUST02262,PROD00607,2025-03-01
BH001427,CUST01937,PROD00310,2025-02-21
BH001428,CUST02621,PROD00132,2024-12-25
BH001429,CUST00780,PROD00551,2025-05-22
BH001430,CUST00262,PROD00072,2024-08-11
BH001431,CUST00730,PROD00793,2025-02-19
BH001432,CUST00283,PROD00672,2025-01-18
BH001433,CUST01491,PROD00187,2024-08-13
BH001434,CUST00362,PROD00486,2025-05-02
BH001435,CUST00441,PROD00191,2025-02-16
BH001436,CUST02141,PROD00422,2025-01-23
BH001437,CUST01645,PROD00120,2024-07-30
BH001438,CUST02801,PROD00220,2024-09-14
BH001439,CUST00867,PROD00053,2024-10-10
BH001440,CUST01448,PROD00734,2025-02-17
BH001441,CUST00142,PROD00451,2025-05-16
BH001442,CUST01315,PROD00412,2024-10-22
BH001443,CUST01456,PROD00643,2024-10-03
BH001444,CUST02797,PROD00237,2025-04-03
BH001445,CUST01876,PROD00758,2024-11-25
BH001446,CUST01848,PROD00738,2024-09-28
BH001447,CUST01713,PROD00720,2024-07-23
BH001448,CUST02701,PROD00406,2025-01-15
BH001449,CUST00701,PROD00608,2025-04-14
BH001450,CUST00998,PROD00422,2024-08-29
BH001451,CUST02097,PROD00712,2025-01-24
BH001452,CUST01326,PROD00247,2024-06-03
BH001453,CUST00881,PROD00072,2025-03-26
BH001454,CUST01214,PROD00185,2024-09-12
BH001455,CUST01160,PROD00006,2024-12-04
BH001456,CUST00555,PROD00206,2024-12-14
BH001457,CUST00404,PROD00544,2025-05-09
BH001458,CUST00892,PROD00611,2025-05-21
BH001459,CUST02913,PROD00387,2024-10-12
BH001460,CUST00602,PROD00768,2025-05-06
BH001461,CUST01831,PROD00699,2025-05-01
BH001462,CUST00341,PROD00076,2024-12-27
BH001463,CUST01969,PROD00177,2024-12-21
BH001464,CUST00704,PROD00799,2025-01-28
BH001465,CUST00318,PROD00349,2024-10-12
BH001466,CUST02666,PROD00255,2024-08-04
BH001467,CUST01387,PROD00702,2025-01-31
BH001468,CUST02430,PROD00308,2024-06-12
BH001469,CUST02281,PROD00345,2024-06-02
BH001470,CUST01801,PROD00127,2025-03-31
BH001471,CUST01368,PROD00287,2025-03-06
BH001472,CUST01573,PROD00766,2025-05-22
BH001473,CUST00817,PROD00725,2024-11-30
BH001474,CUST00553,PROD00762,2024-07-10
BH001475,CUST00856,PROD00596,2024-12-24
BH001476,CUST01813,PROD00487,2024-09-09
BH001477,CUST02867,PROD00383,2024-07-08
BH001478,CUST00183,PROD00406,2024-09-12
BH001479,CUST01575,PROD00388,2025-03-24
BH001480,CUST00397,PROD00525,2025-02-12
BH001481,CUST01728,PROD00557,2024-09-22
BH001482,CUST02827,PROD00639,2024-11-21
BH001483,CUST01518,PROD00626,2024-08-12
BH001484,CUST00907,PROD00276,2025-02-13
BH001485,CUST01357,PROD00500,2024-08-28
BH001486,CUST02175,PROD00717,2025-04-15
BH001487,CUST00001,PROD00337,2024-09-07
BH001488,CUST00019,PROD00481,2025-04-09
BH001489,CUST00584,PROD00273,2024-07-12
BH001490,CUST00456,PROD00058,2025-03-25
BH001491,CUST02037,PROD00328,2024-06-19
BH001492,CUST01133,PROD00731,2025-04-26
BH001493,CUST02493,PROD00109,2024-11-15
BH001494,CUST01953,PROD00279,2025-05-12
BH001495,CUST02650,PROD00686,2025-03-12
BH001496,CUST02151,PROD00328,2024-12-23
BH001497,CUST00988,PROD00776,2024-07-14
BH001498,CUST00520,PROD00315,2024-07-05
BH001499,CUST00859,PROD00474,2024-12-03
BH001500,CUST00174,PROD00111,2025-03-09
BH001501,CUST01367,PROD00699,2024-07-17
BH001502,CUST02479,PROD00781,2024-06-02
BH001503,CUST00727,PROD00229,2025-03-29
BH001504,CUST01711,PROD00497,2024-08-17
BH001505,CUST01876,PROD00156,2025-04-07
BH001506,CUST02898,PROD00473,2025-02-24
BH001507,CUST01682,PROD00701,2024-11-17
BH001508,CUST01348,PROD00272,2024-11-13
BH001509,CUST00990,PROD00002,2025-03-21
BH001510,CUST02687,PROD00758,2024-12-28
BH001511,CUST00420,PROD00722,2024-05-27
BH001512,CUST00594,PROD00511,2024-06-25
BH001513,CUST02533,PROD00286,2024-10-19
BH001514,CUST01775,PROD00013,2025-01-12
BH001515,CUST02460,PROD00608,2024-12-18
BH001516,CUST00936,PROD00498,2025-01-26
BH001517,CUST01108,PROD00733,2024-08-01
BH001518,CUST01137,PROD00238,2025-05-13
BH001519,CUST00332,PROD00094,2024-10-27
BH001520,CUST02703,PROD00338,2024-06-16
BH001521,CUST02089,PROD00781,2025-02-08
BH001522,CUST01794,PROD00171,2025-05-23
BH001523,CUST00959,PROD00606,2024-10-01
BH001524,CUST00105,PROD00661,2025-01-12
BH001525,CUST00202,PROD00624,2024-10-25
BH001526,CUST02498,PROD00567,2024-06-13
BH001527,CUST01843,PROD00467,2024-10-29
BH001528,CUST01867,PROD00628,2025-01-15
BH001529,CUST01997,PROD00143,2024-08-10
BH001530,CUST01290,PROD00201,2024-10-08
BH001531,CUST00910,PROD00180,2025-03-01
BH001532,CUST00210,PROD00714,2025-03-13
BH001533,CUST00563,PROD00364,2025-05-09
BH001534,CUST02761,PROD00479,2025-05-14
BH001535,CUST01564,PROD00565,2025-04-18
BH001536,CUST00771,PROD00471,2024-06-08
BH001537,CUST02502,PROD00384,2025-03-30
BH001538,CUST02715,PROD00692,2024-06-15
BH001539,CUST00629,PROD00417,2025-04-20
BH001540,CUST01629,PROD00308,2025-01-21
BH001541,CUST01702,PROD00649,2025-02-19
BH001542,CUST00387,PROD00694,2024-08-03
BH001543,CUST01936,PROD00367,2024-12-06
BH001544,CUST02344,PROD00001,2025-01-10
BH001545,CUST02306,PROD00044,2024-07-14
BH001546,CUST01105,PROD00739,2024-10-11
BH001547,CUST00268,PROD00098,2024-07-29
BH001548,CUST02467,PROD00720,2025-04-14
BH001549,CUST02283,PROD00265,2025-01-03
BH001550,CUST01857,PROD00800,2024-11-14
BH001551,CUST01999,PROD00783,2024-10-16
BH001552,CUST01381,PROD00140,2025-01-03
BH001553,CUST01237,PROD00481,2025-05-23
BH001554,CUST00574,PROD00237,2025-05-15
BH001555,CUST00049,PROD00072,2025-04-05
BH001556,CUST01151,PROD00667,2024-07-25
BH001557,CUST00223,PROD00190,2024-08-10
BH001558,CUST02969,PROD00268,2025-01-01
BH001559,CUST01432,PROD00321,2025-03-09
BH001560,CUST01529,PROD00107,2025-05-12
BH001561,CUST01820,PROD00232,2024-08-06
BH001562,CUST02325,PROD00042,2024-09-28
BH001563,CUST01462,PROD00702,2025-03-19
BH001564,CUST01131,PROD00139,2024-11-13
BH001565,CUST01682,PROD00615,2025-02-19
BH001566,CUST02468,PROD00683,2025-04-10
BH001567,CUST02659,PROD00273,2024-09-03
BH001568,CUST00375,PROD00481,2025-03-05
BH001569,CUST02121,PROD00416,2024-12-21
BH001570,CUST02022,PROD00506,2024-12-27
BH001571,CUST01054,PROD00733,2024-09-30
BH001572,CUST01890,PROD00725,2025-04-10
BH001573,CUST01824,PROD00424,2025-03-15
BH001574,CUST01475,PROD00407,2024-08-04
BH001575,CUST02243,PROD00568,2025-02-02
BH001576,CUST01180,PROD00390,2024-06-13
BH001577,CUST02895,PROD00342,2025-04-02
BH001578,CUST01065,PROD00614,2025-01-22
BH001579,CUST02071,PROD00493,2024-07-08
BH001580,CUST00360,PROD00192,2024-11-13
BH001581,CUST02608,PROD00499,2024-11-23
BH001582,CUST02720,PROD00712,2025-05-25
BH001583,CUST02042,PROD00233,2025-02-17
BH001584,CUST01142,PROD00227,2025-02-19
BH001585,CUST01636,PROD00371,2024-10-24
BH001586,CUST01404,PROD00139,2024-06-07
BH001587,CUST01944,PROD00149,2024-05-26
BH001588,CUST00679,PROD00115,2025-05-11
BH001589,CUST02488,PROD00450,2024-07-06
BH001590,CUST02981,PROD00063,2025-02-26
BH001591,CUST00007,PROD00104,2024-09-24
BH001592,CUST02469,PROD00668,2025-03-03
BH001593,CUST01592,PROD00273,2024-12-13
BH001594,CUST00833,PROD00006,2025-04-26
BH001595,CUST02607,PROD00147,2024-11-11
BH001596,CUST01811,PROD00184,2024-06-03
BH001597,CUST00914,PROD00028,2025-01-08
BH001598,CUST02012,PROD00550,2024-09-08
BH001599,CUST01443,PROD00119,2024-05-27
BH001600,CUST01451,PROD00293,2024-08-27
BH001601,CUST01503,PROD00371,2025-03-25
BH001602,CUST00126,PROD00244,2025-01-12
BH001603,CUST02443,PROD00580,2025-01-26
BH001604,CUST00817,PROD00726,2025-05-06
BH001605,CUST02929,PROD00218,2024-09-20
BH001606,CUST01830,PROD00177,2024-09-22
BH001607,CUST00576,PROD00299,2025-04-06
BH001608,CUST02373,PROD00676,2024-11-15
BH001609,CUST01416,PROD00058,2025-01-30
BH001610,CUST00930,PROD00269,2025-05-05
BH001611,CUST01464,PROD00308,2024-07-06
BH001612,CUST00833,PROD00570,2025-04-23
BH001613,CUST01055,PROD00288,2024-10-02
BH001614,CUST01649,PROD00105,2024-10-23
BH001615,CUST01901,PROD00228,2024-07-30
BH001616,CUST01458,PROD00247,2024-08-18
BH001617,CUST02885,PROD00700,2024-05-28
BH001618,CUST02974,PROD00494,2024-05-31
BH001619,CUST01400,PROD00083,2025-02-01
BH001620,CUST00443,PROD00186,2025-05-07
BH001621,CUST02123,PROD00252,2024-08-20
BH001622,CUST00557,PROD00355,2025-01-08
BH001623,CUST01179,PROD00750,2024-07-10
BH001624,CUST02038,PROD00696,2025-05-16
BH001625,CUST00363,PROD00796,2025-01-22
BH001626,CUST02496,PROD00210,2024-11-28
BH001627,CUST01258,PROD00609,2024-06-15
BH001628,CUST01842,PROD00447,2024-07-17
BH001629,CUST02310,PROD00460,2024-10-26
BH001630,CUST01851,PROD00472,2024-08-11
BH001631,CUST02173,PROD00720,2025-02-25
BH001632,CUST00911,PROD00370,2024-12-08
BH001633,CUST00245,PROD00492,2025-02-23
BH001634,CUST00542,PROD00137,2024-08-24
BH001635,CUST02533,PROD00367,2024-05-27
BH001636,CUST02170,PROD00184,2024-10-13
BH001637,CUST02173,PROD00588,2024-07-26
BH001638,CUST01573,PROD00287,2025-01-09
BH001639,CUST02218,PROD00472,2025-02-24
BH001640,CUST00124,PROD00375,2024-10-10
BH001641,CUST02694,PROD00654,2025-02-14
BH001642,CUST01732,PROD00749,2024-11-03
BH001643,CUST00786,PROD00537,2025-03-26
BH001644,CUST02044,PROD00511,2024-06-26
BH001645,CUST02249,PROD00579,2025-02-26
BH001646,CUST02417,PROD00250,2025-03-12
BH001647,CUST00797,PROD00510,2025-05-08
BH001648,CUST00077,PROD00630,2025-04-15
BH001649,CUST00059,PROD00073,2024-06-25
BH001650,CUST02479,PROD00282,2024-12-28
BH001651,CUST02686,PROD00360,2024-11-10
BH001652,CUST01524,PROD00010,2024-07-25
BH001653,CUST01937,PROD00211,2024-09-14
BH001654,CUST02157,PROD00152,2024-08-13
BH001655,CUST01302,PROD00005,2024-12-30
BH001656,CUST00068,PROD00195,2024-11-21
BH001657,CUST02353,PROD00283,2024-09-28
BH001658,CUST01933,PROD00464,2024-11-14
BH001659,CUST02722,PROD00113,2025-05-24
BH001660,CUST00365,PROD00271,2024-09-27
BH001661,CUST00821,PROD00163,2024-10-22
BH001662,CUST01403,PROD00460,2024-05-26
BH001663,CUST02391,PROD00105,2024-08-26
BH001664,CUST00947,PROD00693,2024-11-18
BH001665,CUST02947,PROD00556,2025-01-27
BH001666,CUST01578,PROD00282,2024-12-18
BH001667,CUST01378,PROD00687,2024-11-24
BH001668,CUST01440,PROD00162,2024-05-28
BH001669,CUST00762,PROD00351,2025-05-23
BH001670,CUST00341,PROD00434,2024-07-19
BH001671,CUST02990,PROD00140,2024-07-15
BH001672,CUST00383,PROD00471,2025-01-09
BH001673,CUST01004,PROD00132,2025-01-04
BH001674,CUST01557,PROD00087,2025-02-10
BH001675,CUST00300,PROD00688,2025-02-15
BH001676,CUST00139,PROD00183,2025-05-04
BH001677,CUST00359,PROD00368,2025-01-22
BH001678,CUST00836,PROD00129,2024-12-01
BH001679,CUST01523,PROD00246,2024-07-23
BH001680,CUST01628,PROD00601,2024-07-09
BH001681,CUST01983,PROD00578,2024-11-12
BH001682,CUST01304,PROD00670,2024-12-19
BH001683,CUST02531,PROD00378,2024-12-28
BH001684,CUST00909,PROD00149,2025-03-18
BH001685,CUST01135,PROD00433,2024-10-18
BH001686,CUST02914,PROD00628,2024-11-07
BH001687,CUST02187,PROD00726,2024-11-02
BH001688,CUST00996,PROD00469,2024-12-27
BH001689,CUST02483,PROD00446,2025-01-14
BH001690,CUST02557,PROD00481,2025-05-03
BH001691,CUST02321,PROD00294,2025-01-07
BH001692,CUST02152,PROD00765,2025-05-11
BH001693,CUST01238,PROD00143,2024-09-28
BH001694,CUST01785,PROD00250,2024-06-10
BH001695,CUST02810,PROD00302,2025-05-19
BH001696,CUST02835,PROD00025,2025-03-28
BH001697,CUST00165,PROD00789,2025-03-29
BH001698,CUST00999,PROD00070,2024-09-30
BH001699,CUST02568,PROD00625,2024-09-24
BH001700,CUST01308,PROD00112,2025-04-08
BH001701,CUST02565,PROD00364,2024-05-29
BH001702,CUST00657,PROD00303,2025-02-05
BH001703,CUST02661,PROD00471,2024-12-07
BH001704,CUST02212,PROD00091,2024-05-27
BH001705,CUST01910,PROD00530,2025-04-24
BH001706,CUST02047,PROD00661,2024-07-04
BH001707,CUST02112,PROD00739,2025-02-15
BH001708,CUST01141,PROD00726,2024-09-22
BH001709,CUST01890,PROD00663,2025-03-17
BH001710,CUST00267,PROD00192,2024-05-27
BH001711,CUST01846,PROD00552,2024-08-06
BH001712,CUST01709,PROD00242,2024-12-13
BH001713,CUST02294,PROD00138,2025-03-13
BH001714,CUST02443,PROD00345,2025-01-23
BH001715,CUST01511,PROD00180,2024-11-14
BH001716,CUST00476,PROD00712,2024-10-08
BH001717,CUST00977,PROD00503,2024-10-29
BH001718,CUST01208,PROD00203,2024-11-05
BH001719,CUST01044,PROD00573,2024-08-24
BH001720,CUST01961,PROD00192,2024-08-11
BH001721,CUST00558,PROD00005,2024-08-12
BH001722,CUST01018,PROD00237,2024-11-02
BH001723,CUST01606,PROD00693,2024-10-19
BH001724,CUST00883,PROD00311,2024-11-07
BH001725,CUST02195,PROD00549,2024-11-11
BH001726,CUST00666,PROD00056,2024-08-08
BH001727,CUST02668,PROD00443,2024-09-07
BH001728,CUST01772,PROD00237,2025-04-24
BH001729,CUST02868,PROD00197,2024-07-16
BH001730,CUST00864,PROD00585,2025-04-20
BH001731,CUST00582,PROD00571,2024-06-09
BH001732,CUST00695,PROD00752,2025-03-05
BH001733,CUST01252,PROD00514,2025-02-26
BH001734,CUST01611,PROD00449,2024-08-27
BH001735,CUST01240,PROD00360,2025-02-04
BH001736,CUST02455,PROD00700,2024-12-13
BH001737,CUST00399,PROD00030,2025-02-14
BH001738,CUST01947,PROD00779,2024-11-29
BH001739,CUST00715,PROD00108,2024-08-31
BH001740,CUST00704,PROD00602,2025-05-09
BH001741,CUST02809,PROD00717,2025-01-31
BH001742,CUST02547,PROD00445,2024-09-10
BH001743,CUST01715,PROD00438,2024-07-31
BH001744,CUST01973,PROD00732,2024-09-10
BH001745,CUST00082,PROD00606,2024-05-26
BH001746,CUST00604,PROD00457,2025-01-04
BH001747,CUST01971,PROD00615,2024-06-13
BH001748,CUST01711,PROD00735,2024-10-20
BH001749,CUST02047,PROD00698,2025-03-16
BH001750,CUST02820,PROD00696,2024-08-23
BH001751,CUST00903,PROD00495,2025-03-12
BH001752,CUST00365,PROD00674,2025-04-17
BH001753,CUST00163,PROD00247,2024-05-30
BH001754,CUST02559,PROD00543,2024-11-01
BH001755,CUST01864,PROD00564,2024-09-15
BH001756,CUST00116,PROD00588,2024-06-08
BH001757,CUST02989,PROD00439,2024-05-29
BH001758,CUST02385,PROD00278,2024-07-31
BH001759,CUST00881,PROD00552,2024-09-25
BH001760,CUST02785,PROD00613,2024-09-19
BH001761,CUST00840,PROD00111,2025-01-21
BH001762,CUST02195,PROD00385,2024-05-28
BH001763,CUST01347,PROD00761,2024-11-25
BH001764,CUST02491,PROD00191,2024-07-15
BH001765,CUST02885,PROD00490,2024-11-29
BH001766,CUST01037,PROD00694,2025-02-14
BH001767,CUST00943,PROD00426,2024-10-30
BH001768,CUST01725,PROD00405,2024-12-10
BH001769,CUST02335,PROD00335,2024-07-20
BH001770,CUST02768,PROD00209,2024-09-10
BH001771,CUST01138,PROD00022,2024-08-25
BH001772,CUST02528,PROD00678,2025-01-30
BH001773,CUST00022,PROD00611,2025-01-16
BH001774,CUST01750,PROD00208,2024-12-10
BH001775,CUST00683,PROD00008,2024-08-08
BH001776,CUST02954,PROD00702,2024-11-05
BH001777,CUST01834,PROD00687,2025-05-26
BH001778,CUST02368,PROD00785,2024-08-11
BH001779,CUST00126,PROD00529,2025-01-27
BH001780,CUST00277,PROD00602,2024-08-07
BH001781,CUST02000,PROD00653,2024-10-05
BH001782,CUST01228,PROD00657,2024-11-14
BH001783,CUST02242,PROD00166,2025-02-09
BH001784,CUST00696,PROD00496,2025-01-18
BH001785,CUST01310,PROD00590,2025-04-13
BH001786,CUST00057,PROD00429,2024-09-15
BH001787,CUST00019,PROD00774,2025-01-29
BH001788,CUST02312,PROD00163,2025-05-24
BH001789,CUST02842,PROD00366,2025-03-22
BH001790,CUST00113,PROD00526,2024-11-04
BH001791,CUST00542,PROD00239,2025-01-16
BH001792,CUST02695,PROD00072,2025-03-18
BH001793,CUST00579,PROD00445,2024-12-27
BH001794,CUST01089,PROD00655,2024-12-07
BH001795,CUST00025,PROD00509,2025-05-24
BH001796,CUST01573,PROD00795,2025-03-12
BH001797,CUST02049,PROD00269,2024-11-10
BH001798,CUST02959,PROD00753,2024-06-25
BH001799,CUST01573,PROD00415,2024-09-08
BH001800,CUST00141,PROD00245,2025-03-02
BH001801,CUST01768,PROD00675,2025-04-06
BH001802,CUST00648,PROD00060,2024-08-04
BH001803,CUST02236,PROD00006,2024-10-12
BH001804,CUST00201,PROD00709,2024-06-03
BH001805,CUST00257,PROD00570,2024-12-17
BH001806,CUST00547,PROD00407,2024-11-22
BH001807,CUST02242,PROD00217,2024-09-09
BH001808,CUST02751,PROD00026,2025-04-17
BH001809,CUST00802,PROD00005,2024-08-19
BH001810,CUST00942,PROD00532,2025-04-11
BH001811,CUST00414,PROD00390,2024-08-13
BH001812,CUST02015,PROD00710,2025-05-07
BH001813,CUST01382,PROD00571,2024-08-10
BH001814,CUST01099,PROD00448,2024-11-18
BH001815,CUST00910,PROD00754,2025-01-26
BH001816,CUST00188,PROD00146,2025-04-23
BH001817,CUST02016,PROD00388,2024-08-19
BH001818,CUST01314,PROD00785,2025-05-03
BH001819,CUST02093,PROD00249,2025-03-07
BH001820,CUST02131,PROD00526,2025-03-30
BH001821,CUST01147,PROD00462,2024-07-31
BH001822,CUST00358,PROD00013,2024-10-25
BH001823,CUST01552,PROD00384,2024-07-18
BH001824,CUST01090,PROD00556,2024-09-30
BH001825,CUST02984,PROD00399,2024-07-11
BH001826,CUST01681,PROD00019,2024-12-08
BH001827,CUST02423,PROD00575,2024-07-24
BH001828,CUST00162,PROD00491,2024-06-18
BH001829,CUST02370,PROD00751,2024-08-20
BH001830,CUST00450,PROD00419,2025-03-29
BH001831,CUST01498,PROD00337,2024-08-27
BH001832,CUST01037,PROD00419,2024-11-28
BH001833,CUST02232,PROD00612,2025-02-28
BH001834,CUST02159,PROD00675,2024-11-03
BH001835,CUST01951,PROD00122,2024-09-17
BH001836,CUST02556,PROD00432,2025-01-31
BH001837,CUST01314,PROD00044,2024-07-01
BH001838,CUST02343,PROD00317,2025-01-06
BH001839,CUST02952,PROD00381,2025-03-06
BH001840,CUST01239,PROD00145,2025-01-31
BH001841,CUST00974,PROD00327,2025-04-07
BH001842,CUST00632,PROD00363,2024-05-28
BH001843,CUST01591,PROD00050,2024-06-07
BH001844,CUST01051,PROD00065,2025-04-07
BH001845,CUST02781,PROD00355,2024-07-15
BH001846,CUST01589,PROD00800,2024-11-05
BH001847,CUST02369,PROD00164,2024-08-08
BH001848,CUST02961,PROD00141,2024-07-24
BH001849,CUST01694,PROD00128,2024-07-06
BH001850,CUST00437,PROD00398,2025-03-11
BH001851,CUST02829,PROD00463,2025-01-04
BH001852,CUST01557,PROD00751,2024-12-23
BH001853,CUST01077,PROD00187,2024-06-28
BH001854,CUST01305,PROD00720,2024-08-15
BH001855,CUST02774,PROD00732,2024-09-19
BH001856,CUST02079,PROD00190,2025-03-22
BH001857,CUST02385,PROD00388,2024-08-21
BH001858,CUST00183,PROD00429,2024-06-18
BH001859,CUST02592,PROD00284,2024-08-01
BH001860,CUST01470,PROD00237,2024-08-10
BH001861,CUST01480,PROD00194,2024-07-07
BH001862,CUST01590,PROD00287,2024-06-07
BH001863,CUST01588,PROD00771,2025-03-03
BH001864,CUST00660,PROD00758,2024-09-01
BH001865,CUST00160,PROD00136,2024-09-04
BH001866,CUST02460,PROD00792,2024-08-03
BH001867,CUST01012,PROD00783,2025-01-19
BH001868,CUST00053,PROD00171,2025-02-04
BH001869,CUST02456,PROD00159,2025-03-10
BH001870,CUST02895,PROD00201,2024-12-10
BH001871,CUST01046,PROD00487,2025-02-20
BH001872,CUST01054,PROD00557,2024-12-16
BH001873,CUST02751,PROD00776,2025-03-21
BH001874,CUST02308,PROD00583,2025-05-09
BH001875,CUST01229,PROD00504,2024-08-26
BH001876,CUST01495,PROD00371,2025-02-05
BH001877,CUST02824,PROD00103,2024-11-05
BH001878,CUST01490,PROD00125,2024-07-15
BH001879,CUST01036,PROD00313,2024-12-25
BH001880,CUST01951,PROD00798,2024-11-04
BH001881,CUST00850,PROD00458,2024-08-29
BH001882,CUST00354,PROD00230,2024-08-23
BH001883,CUST01099,PROD00658,2025-04-14
BH001884,CUST02921,PROD00197,2024-06-29
BH001885,CUST01740,PROD00733,2025-05-11
BH001886,CUST01465,PROD00423,2025-01-17
BH001887,CUST00991,PROD00572,2025-02-26
BH001888,CUST01265,PROD00610,2025-01-22
BH001889,CUST01885,PROD00171,2024-09-01
BH001890,CUST01810,PROD00382,2024-08-09
BH001891,CUST02342,PROD00173,2024-11-29
BH001892,CUST02257,PROD00663,2025-02-19
BH001893,CUST01112,PROD00453,2024-12-17
BH001894,CUST00818,PROD00350,2024-06-29
BH001895,CUST01800,PROD00634,2025-04-17
BH001896,CUST01961,PROD00494,2025-03-13
BH001897,CUST02438,PROD00620,2025-05-17
BH001898,CUST02373,PROD00004,2025-03-28
BH001899,CUST02988,PROD00093,2024-07-28
BH001900,CUST00889,PROD00006,2025-03-26
BH001901,CUST01856,PROD00288,2025-04-14
BH001902,CUST01181,PROD00618,2024-05-29
BH001903,CUST00668,PROD00146,2025-03-28
BH001904,CUST00633,PROD00783,2024-08-29
BH001905,CUST02625,PROD00424,2025-05-06
BH001906,CUST01643,PROD00608,2024-11-26
BH001907,CUST00137,PROD00457,2025-03-27
BH001908,CUST01947,PROD00741,2024-11-29
BH001909,CUST01698,PROD00202,2024-09-21
BH001910,CUST00428,PROD00212,2025-03-10
BH001911,CUST01476,PROD00006,2024-07-21
BH001912,CUST02660,PROD00624,2025-01-24
BH001913,CUST02959,PROD00376,2024-07-29
BH001914,CUST00819,PROD00447,2024-11-12
BH001915,CUST02189,PROD00106,2025-01-19
BH001916,CUST01107,PROD00651,2025-01-26
BH001917,CUST02225,PROD00401,2025-03-07
BH001918,CUST00198,PROD00096,2025-04-23
BH001919,CUST02672,PROD00388,2025-01-30
BH001920,CUST01996,PROD00452,2025-05-05
BH001921,CUST02739,PROD00416,2024-11-18
BH001922,CUST02449,PROD00726,2025-05-05
BH001923,CUST00471,PROD00504,2025-01-06
BH001924,CUST02266,PROD00454,2025-04-04
BH001925,CUST01949,PROD00291,2025-01-15
BH001926,CUST00929,PROD00534,2025-02-14
BH001927,CUST02011,PROD00193,2025-04-07
BH001928,CUST02680,PROD00150,2024-12-27
BH001929,CUST02999,PROD00759,2025-02-01
BH001930,CUST00906,PROD00779,2024-10-27
BH001931,CUST02223,PROD00763,2024-06-25
BH001932,CUST00023,PROD00515,2025-03-20
BH001933,CUST00235,PROD00393,2024-06-30
BH001934,CUST01125,PROD00316,2025-03-26
BH001935,CUST00929,PROD00076,2024-12-04
BH001936,CUST00523,PROD00599,2025-05-25
BH001937,CUST01809,PROD00270,2024-11-09
BH001938,CUST00431,PROD00225,2024-06-24
BH001939,CUST00793,PROD00530,2024-09-14
BH001940,CUST01630,PROD00113,2025-05-15
BH001941,CUST01737,PROD00251,2024-09-24
BH001942,CUST00533,PROD00233,2024-11-10
BH001943,CUST01747,PROD00791,2025-01-17
BH001944,CUST01676,PROD00714,2024-12-30
BH001945,CUST01317,PROD00083,2024-12-24
BH001946,CUST02858,PROD00125,2025-01-13
BH001947,CUST00913,PROD00175,2024-06-10
BH001948,CUST01125,PROD00069,2025-05-18
BH001949,CUST01526,PROD00047,2024-09-05
BH001950,CUST01328,PROD00256,2025-05-21
BH001951,CUST02919,PROD00727,2024-11-12
BH001952,CUST02588,PROD00030,2024-10-25
BH001953,CUST01024,PROD00281,2025-02-25
BH001954,CUST01577,PROD00237,2024-06-13
BH001955,CUST01379,PROD00248,2025-01-13
BH001956,CUST01520,PROD00368,2024-09-24
BH001957,CUST01682,PROD00495,2025-05-02
BH001958,CUST01998,PROD00025,2024-07-22
BH001959,CUST00227,PROD00586,2024-07-05
BH001960,CUST01260,PROD00718,2024-06-08
BH001961,CUST00873,PROD00490,2025-01-30
BH001962,CUST00892,PROD00494,2024-10-19
BH001963,CUST01479,PROD00314,2024-09-16
BH001964,CUST01037,PROD00606,2024-09-10
BH001965,CUST02258,PROD00375,2024-12-16
BH001966,CUST02789,PROD00639,2024-12-05
BH001967,CUST00397,PROD00025,2024-08-04
BH001968,CUST01124,PROD00334,2024-10-05
BH001969,CUST02079,PROD00355,2025-02-10
BH001970,CUST02946,PROD00116,2024-10-29
BH001971,CUST00649,PROD00048,2025-05-23
BH001972,CUST00329,PROD00738,2025-03-07
BH001973,CUST01483,PROD00778,2025-01-04
BH001974,CUST00952,PROD00099,2024-06-03
BH001975,CUST02006,PROD00459,2025-02-24
BH001976,CUST02017,PROD00523,2024-07-18
BH001977,CUST02669,PROD00597,2024-07-21
BH001978,CUST01879,PROD00405,2024-10-29
BH001979,CUST01197,PROD00214,2025-03-23
BH001980,CUST01773,PROD00685,2024-06-13
BH001981,CUST00162,PROD00503,2025-04-27
BH001982,CUST01752,PROD00721,2024-08-19
BH001983,CUST00776,PROD00448,2025-04-18
BH001984,CUST01828,PROD00576,2025-02-20
BH001985,CUST02322,PROD00258,2025-03-16
BH001986,CUST01052,PROD00121,2024-09-07
BH001987,CUST02374,PROD00054,2025-04-01
BH001988,CUST00940,PROD00331,2025-05-20
BH001989,CUST00540,PROD00784,2024-11-17
BH001990,CUST02536,PROD00241,2025-01-12
BH001991,CUST00822,PROD00755,2025-03-03
BH001992,CUST01462,PROD00530,2025-04-05
BH001993,CUST01089,PROD00483,2024-08-09
BH001994,CUST00356,PROD00187,2024-06-14
BH001995,CUST00235,PROD00656,2025-03-14
BH001996,CUST02275,PROD00262,2024-08-29
BH001997,CUST01549,PROD00364,2024-08-10
BH001998,CUST02097,PROD00491,2025-02-11
BH001999,CUST00118,PROD00431,2025-04-23
BH002000,CUST02102,PROD00239,2024-08-31
