AttendanceID,EmployeeID,Date,Status
EA000001,EMP00048,2023-09-09,Absent
EA000002,EMP00134,2025-01-18,Late
EA000003,EMP00044,2023-12-28,Late
EA000004,EMP00182,2024-09-03,Late
EA000005,EMP00199,2024-04-17,Present
EA000006,EMP00036,2023-10-19,Absent
EA000007,EMP00136,2025-03-10,Late
EA000008,EMP00083,2024-04-16,Late
EA000009,EMP00010,2024-03-29,Late
EA000010,EMP00161,2024-07-07,Present
EA000011,EMP00102,2025-02-22,Absent
EA000012,EMP00093,2023-11-29,Absent
EA000013,EMP00019,2024-11-19,Late
EA000014,EMP00018,2024-11-09,Absent
EA000015,EMP00115,2023-06-04,Present
EA000016,EMP00179,2023-08-19,Late
EA000017,EMP00023,2023-12-04,Absent
EA000018,EMP00129,2023-11-25,Late
EA000019,EMP00059,2024-07-17,Present
EA000020,EMP00107,2024-06-30,Late
EA000021,EMP00131,2023-12-08,Present
EA000022,EMP00010,2025-01-02,Late
EA000023,EMP00123,2025-02-24,Late
EA000024,EMP00199,2023-08-06,Absent
EA000025,EMP00049,2024-01-13,Absent
EA000026,EMP00056,2023-12-24,Present
EA000027,EMP00090,2023-12-27,Present
EA000028,EMP00144,2024-09-21,Present
EA000029,EMP00039,2023-05-30,Absent
EA000030,EMP00109,2025-05-14,Late
EA000031,EMP00096,2024-05-31,Present
EA000032,EMP00044,2024-10-24,Late
EA000033,EMP00008,2024-07-03,Late
EA000034,EMP00136,2025-01-17,Absent
EA000035,EMP00045,2025-04-15,Absent
EA000036,EMP00139,2023-11-11,Late
EA000037,EMP00097,2024-01-04,Present
EA000038,EMP00153,2025-05-03,Absent
EA000039,EMP00017,2025-02-26,Late
EA000040,EMP00083,2025-04-20,Absent
EA000041,EMP00183,2023-07-01,Late
EA000042,EMP00079,2024-04-29,Absent
EA000043,EMP00056,2024-02-17,Present
EA000044,EMP00044,2025-04-22,Present
EA000045,EMP00053,2024-10-02,Absent
EA000046,EMP00163,2023-05-26,Absent
EA000047,EMP00039,2023-06-10,Absent
EA000048,EMP00130,2023-12-02,Present
EA000049,EMP00098,2024-09-01,Absent
EA000050,EMP00025,2024-03-24,Present
EA000051,EMP00166,2023-11-09,Absent
EA000052,EMP00196,2024-07-18,Absent
EA000053,EMP00080,2023-08-21,Late
EA000054,EMP00032,2024-05-23,Present
EA000055,EMP00079,2025-03-10,Absent
EA000056,EMP00078,2024-07-27,Present
EA000057,EMP00169,2023-06-01,Late
EA000058,EMP00079,2024-03-26,Present
EA000059,EMP00071,2023-09-24,Present
EA000060,EMP00007,2024-12-30,Present
EA000061,EMP00200,2023-11-16,Present
EA000062,EMP00018,2024-04-09,Present
EA000063,EMP00017,2023-06-04,Present
EA000064,EMP00117,2024-05-20,Present
EA000065,EMP00104,2023-06-20,Absent
EA000066,EMP00077,2023-05-27,Absent
EA000067,EMP00059,2024-04-04,Present
EA000068,EMP00011,2023-07-23,Present
EA000069,EMP00125,2025-03-22,Absent
EA000070,EMP00051,2025-03-12,Late
EA000071,EMP00007,2025-05-19,Absent
EA000072,EMP00155,2025-02-15,Late
EA000073,EMP00187,2023-08-10,Present
EA000074,EMP00037,2023-12-31,Present
EA000075,EMP00005,2024-11-26,Absent
EA000076,EMP00062,2024-12-13,Absent
EA000077,EMP00200,2023-08-27,Absent
EA000078,EMP00074,2025-05-07,Present
EA000079,EMP00090,2024-10-01,Absent
EA000080,EMP00079,2024-08-19,Absent
EA000081,EMP00055,2024-07-03,Late
EA000082,EMP00144,2025-04-16,Present
EA000083,EMP00092,2023-08-06,Present
EA000084,EMP00074,2025-01-27,Present
EA000085,EMP00056,2023-07-03,Absent
EA000086,EMP00179,2023-12-08,Present
EA000087,EMP00196,2024-02-13,Absent
EA000088,EMP00174,2025-03-23,Late
EA000089,EMP00061,2023-06-07,Present
EA000090,EMP00104,2024-10-18,Late
EA000091,EMP00117,2024-12-25,Late
EA000092,EMP00078,2023-09-20,Present
EA000093,EMP00033,2023-07-08,Present
EA000094,EMP00055,2023-08-10,Absent
EA000095,EMP00018,2023-11-10,Late
EA000096,EMP00140,2025-03-19,Late
EA000097,EMP00074,2024-08-17,Absent
EA000098,EMP00021,2024-11-03,Present
EA000099,EMP00097,2025-03-03,Late
EA000100,EMP00154,2025-01-22,Absent
EA000101,EMP00149,2025-04-17,Late
EA000102,EMP00150,2024-04-24,Late
EA000103,EMP00183,2024-10-02,Absent
EA000104,EMP00046,2024-02-01,Late
EA000105,EMP00041,2023-09-14,Absent
EA000106,EMP00005,2025-03-25,Absent
EA000107,EMP00044,2024-10-08,Late
EA000108,EMP00144,2024-03-01,Late
EA000109,EMP00163,2024-12-17,Present
EA000110,EMP00005,2024-09-22,Present
EA000111,EMP00062,2025-01-06,Late
EA000112,EMP00090,2024-08-09,Present
EA000113,EMP00026,2023-12-19,Present
EA000114,EMP00061,2024-04-17,Absent
EA000115,EMP00179,2025-02-10,Late
EA000116,EMP00069,2025-03-29,Present
EA000117,EMP00184,2023-11-05,Present
EA000118,EMP00050,2024-05-02,Present
EA000119,EMP00125,2024-04-03,Late
EA000120,EMP00036,2024-03-20,Absent
EA000121,EMP00152,2024-03-05,Late
EA000122,EMP00030,2024-05-19,Absent
EA000123,EMP00069,2023-09-02,Present
EA000124,EMP00176,2023-06-17,Late
EA000125,EMP00022,2024-06-19,Absent
EA000126,EMP00033,2024-06-11,Present
EA000127,EMP00069,2025-05-10,Present
EA000128,EMP00096,2023-08-08,Late
EA000129,EMP00050,2024-03-30,Absent
EA000130,EMP00023,2023-12-17,Present
EA000131,EMP00138,2023-11-26,Present
EA000132,EMP00164,2024-09-25,Present
EA000133,EMP00114,2024-08-28,Absent
EA000134,EMP00017,2024-01-16,Absent
EA000135,EMP00181,2024-09-02,Present
EA000136,EMP00091,2024-10-20,Absent
EA000137,EMP00136,2023-10-18,Present
EA000138,EMP00172,2023-08-06,Present
EA000139,EMP00189,2025-04-05,Absent
EA000140,EMP00122,2023-08-19,Absent
EA000141,EMP00134,2024-11-20,Late
EA000142,EMP00071,2024-11-16,Late
EA000143,EMP00090,2023-07-17,Absent
EA000144,EMP00165,2023-07-24,Absent
EA000145,EMP00054,2023-11-23,Absent
EA000146,EMP00023,2024-06-29,Absent
EA000147,EMP00185,2024-09-08,Present
EA000148,EMP00051,2024-03-23,Present
EA000149,EMP00058,2023-06-11,Late
EA000150,EMP00147,2024-07-23,Absent
EA000151,EMP00155,2023-10-21,Late
EA000152,EMP00025,2023-11-03,Absent
EA000153,EMP00149,2024-05-03,Absent
EA000154,EMP00123,2024-02-02,Absent
EA000155,EMP00025,2025-05-18,Present
EA000156,EMP00125,2024-07-29,Late
EA000157,EMP00179,2024-01-01,Absent
EA000158,EMP00071,2024-02-15,Late
EA000159,EMP00035,2024-07-23,Late
EA000160,EMP00070,2025-05-09,Present
EA000161,EMP00104,2024-04-08,Present
EA000162,EMP00178,2025-04-18,Absent
EA000163,EMP00143,2024-12-09,Late
EA000164,EMP00152,2025-03-10,Present
EA000165,EMP00049,2023-09-15,Late
EA000166,EMP00068,2024-11-01,Late
EA000167,EMP00007,2024-11-12,Absent
EA000168,EMP00094,2024-09-22,Late
EA000169,EMP00128,2023-07-11,Present
EA000170,EMP00081,2023-10-07,Absent
EA000171,EMP00182,2024-02-12,Absent
EA000172,EMP00038,2025-04-02,Absent
EA000173,EMP00094,2023-08-06,Present
EA000174,EMP00045,2024-11-02,Absent
EA000175,EMP00103,2024-02-15,Late
EA000176,EMP00137,2024-09-24,Absent
EA000177,EMP00055,2023-07-05,Present
EA000178,EMP00052,2024-12-15,Present
EA000179,EMP00111,2025-03-15,Absent
EA000180,EMP00049,2025-04-29,Late
EA000181,EMP00183,2025-02-14,Present
EA000182,EMP00070,2023-11-28,Present
EA000183,EMP00111,2024-08-26,Present
EA000184,EMP00131,2025-05-23,Absent
EA000185,EMP00068,2025-05-19,Present
EA000186,EMP00101,2024-04-26,Present
EA000187,EMP00038,2025-04-09,Present
EA000188,EMP00198,2024-07-09,Absent
EA000189,EMP00049,2023-12-02,Present
EA000190,EMP00092,2024-02-03,Present
EA000191,EMP00008,2024-12-23,Absent
EA000192,EMP00116,2024-04-04,Absent
EA000193,EMP00095,2025-04-01,Late
EA000194,EMP00173,2024-05-06,Present
EA000195,EMP00029,2024-10-18,Absent
EA000196,EMP00079,2023-07-25,Late
EA000197,EMP00177,2023-07-08,Present
EA000198,EMP00024,2024-10-24,Absent
EA000199,EMP00149,2023-09-10,Absent
EA000200,EMP00113,2023-12-10,Present
EA000201,EMP00023,2024-10-24,Present
EA000202,EMP00095,2024-09-26,Late
EA000203,EMP00156,2023-08-30,Present
EA000204,EMP00160,2025-01-19,Present
EA000205,EMP00150,2024-09-14,Present
EA000206,EMP00190,2024-12-02,Absent
EA000207,EMP00067,2024-07-28,Late
EA000208,EMP00118,2023-10-05,Late
EA000209,EMP00073,2025-03-11,Late
EA000210,EMP00006,2024-02-29,Absent
EA000211,EMP00065,2024-02-26,Present
EA000212,EMP00022,2023-10-20,Absent
EA000213,EMP00179,2024-08-19,Late
EA000214,EMP00196,2024-07-23,Present
EA000215,EMP00109,2025-05-04,Present
EA000216,EMP00116,2025-05-14,Late
EA000217,EMP00185,2024-03-20,Present
EA000218,EMP00200,2023-07-22,Absent
EA000219,EMP00055,2024-09-25,Late
EA000220,EMP00170,2023-08-24,Absent
EA000221,EMP00180,2024-08-20,Present
EA000222,EMP00189,2024-11-01,Late
EA000223,EMP00019,2024-01-15,Present
EA000224,EMP00108,2025-05-02,Late
EA000225,EMP00129,2025-04-16,Late
EA000226,EMP00169,2024-04-02,Late
EA000227,EMP00191,2023-07-14,Late
EA000228,EMP00048,2023-07-26,Late
EA000229,EMP00160,2024-12-05,Present
EA000230,EMP00178,2025-02-21,Late
EA000231,EMP00142,2023-07-25,Absent
EA000232,EMP00017,2023-11-06,Late
EA000233,EMP00096,2025-04-21,Absent
EA000234,EMP00030,2023-09-25,Present
EA000235,EMP00121,2024-05-22,Late
EA000236,EMP00111,2025-02-09,Late
EA000237,EMP00179,2024-12-28,Absent
EA000238,EMP00098,2024-03-15,Late
EA000239,EMP00190,2023-07-16,Present
EA000240,EMP00152,2024-08-18,Present
EA000241,EMP00120,2024-05-31,Late
EA000242,EMP00191,2023-08-17,Absent
EA000243,EMP00142,2023-10-25,Present
EA000244,EMP00034,2024-06-08,Late
EA000245,EMP00187,2024-09-22,Absent
EA000246,EMP00111,2023-10-19,Absent
EA000247,EMP00193,2025-05-21,Present
EA000248,EMP00086,2025-03-11,Late
EA000249,EMP00161,2024-08-03,Present
EA000250,EMP00108,2025-01-08,Absent
EA000251,EMP00118,2024-02-22,Present
EA000252,EMP00111,2024-08-25,Late
EA000253,EMP00058,2023-12-05,Present
EA000254,EMP00018,2023-06-08,Absent
EA000255,EMP00111,2023-10-03,Present
EA000256,EMP00103,2024-08-26,Absent
EA000257,EMP00140,2024-02-07,Absent
EA000258,EMP00194,2024-08-18,Absent
EA000259,EMP00130,2024-08-12,Present
EA000260,EMP00198,2025-01-10,Late
EA000261,EMP00028,2023-12-30,Absent
EA000262,EMP00120,2024-07-21,Present
EA000263,EMP00123,2024-01-27,Absent
EA000264,EMP00042,2024-04-28,Present
EA000265,EMP00003,2025-01-08,Absent
EA000266,EMP00176,2024-12-08,Present
EA000267,EMP00087,2024-10-27,Absent
EA000268,EMP00141,2024-10-14,Absent
EA000269,EMP00057,2025-02-18,Absent
EA000270,EMP00131,2024-10-21,Late
EA000271,EMP00114,2024-07-01,Present
EA000272,EMP00191,2024-09-24,Late
EA000273,EMP00038,2025-05-10,Present
EA000274,EMP00059,2025-03-05,Absent
EA000275,EMP00028,2024-11-26,Present
EA000276,EMP00026,2023-11-28,Present
EA000277,EMP00084,2024-09-10,Absent
EA000278,EMP00091,2024-02-05,Absent
EA000279,EMP00065,2023-07-28,Absent
EA000280,EMP00074,2025-03-19,Present
EA000281,EMP00061,2025-04-29,Absent
EA000282,EMP00185,2023-05-30,Absent
EA000283,EMP00001,2023-06-08,Present
EA000284,EMP00160,2024-11-06,Late
EA000285,EMP00032,2025-01-27,Present
EA000286,EMP00155,2024-10-05,Present
EA000287,EMP00141,2024-06-23,Present
EA000288,EMP00017,2024-02-14,Absent
EA000289,EMP00156,2023-12-11,Present
EA000290,EMP00089,2024-11-19,Late
EA000291,EMP00052,2024-04-13,Present
EA000292,EMP00114,2025-05-08,Present
EA000293,EMP00164,2023-10-02,Absent
EA000294,EMP00047,2024-03-08,Absent
EA000295,EMP00194,2024-08-09,Late
EA000296,EMP00160,2023-10-02,Present
EA000297,EMP00032,2024-08-14,Present
EA000298,EMP00198,2023-12-19,Present
EA000299,EMP00095,2024-03-09,Present
EA000300,EMP00123,2024-03-27,Present
EA000301,EMP00183,2024-04-15,Present
EA000302,EMP00107,2025-01-06,Absent
EA000303,EMP00128,2024-06-30,Late
EA000304,EMP00080,2024-04-12,Present
EA000305,EMP00089,2024-10-23,Present
EA000306,EMP00040,2023-06-26,Absent
EA000307,EMP00028,2024-05-21,Present
EA000308,EMP00081,2023-10-08,Absent
EA000309,EMP00031,2024-11-16,Late
EA000310,EMP00119,2023-10-25,Present
EA000311,EMP00087,2024-01-19,Late
EA000312,EMP00031,2024-05-21,Present
EA000313,EMP00154,2024-06-18,Late
EA000314,EMP00004,2023-06-29,Late
EA000315,EMP00107,2023-11-21,Present
EA000316,EMP00107,2024-06-20,Late
EA000317,EMP00107,2024-01-09,Absent
EA000318,EMP00186,2024-02-04,Absent
EA000319,EMP00117,2025-02-11,Late
EA000320,EMP00079,2024-10-31,Late
EA000321,EMP00023,2024-03-14,Absent
EA000322,EMP00197,2024-05-17,Present
EA000323,EMP00105,2025-05-14,Absent
EA000324,EMP00188,2025-01-23,Late
EA000325,EMP00171,2024-10-18,Absent
EA000326,EMP00154,2024-02-23,Present
EA000327,EMP00195,2024-05-16,Absent
EA000328,EMP00116,2025-03-03,Present
EA000329,EMP00196,2025-02-13,Late
EA000330,EMP00055,2025-04-09,Absent
EA000331,EMP00175,2023-10-28,Absent
EA000332,EMP00187,2024-03-31,Present
EA000333,EMP00144,2024-09-11,Absent
EA000334,EMP00058,2023-10-11,Absent
EA000335,EMP00107,2023-06-11,Present
EA000336,EMP00001,2023-12-15,Absent
EA000337,EMP00127,2024-12-17,Present
EA000338,EMP00173,2023-09-27,Late
EA000339,EMP00094,2024-05-14,Absent
EA000340,EMP00134,2023-09-28,Present
EA000341,EMP00052,2024-03-18,Present
EA000342,EMP00019,2024-12-21,Absent
EA000343,EMP00102,2023-09-20,Present
EA000344,EMP00171,2023-06-24,Late
EA000345,EMP00019,2023-11-18,Late
EA000346,EMP00039,2024-09-24,Absent
EA000347,EMP00108,2023-12-12,Late
EA000348,EMP00160,2024-10-29,Absent
EA000349,EMP00065,2024-07-19,Absent
EA000350,EMP00047,2024-12-20,Present
EA000351,EMP00141,2024-12-14,Present
EA000352,EMP00074,2024-08-31,Present
EA000353,EMP00164,2023-10-28,Present
EA000354,EMP00198,2023-10-25,Absent
EA000355,EMP00155,2023-08-06,Present
EA000356,EMP00072,2023-08-02,Present
EA000357,EMP00152,2024-01-11,Late
EA000358,EMP00148,2025-01-02,Absent
EA000359,EMP00086,2024-11-18,Late
EA000360,EMP00009,2023-07-20,Late
EA000361,EMP00120,2024-11-20,Late
EA000362,EMP00167,2024-04-15,Present
EA000363,EMP00114,2024-02-12,Absent
EA000364,EMP00001,2023-06-29,Late
EA000365,EMP00011,2024-03-14,Late
EA000366,EMP00105,2024-03-27,Absent
EA000367,EMP00001,2023-09-28,Present
EA000368,EMP00081,2025-01-08,Late
EA000369,EMP00123,2024-11-25,Absent
EA000370,EMP00172,2024-11-20,Present
EA000371,EMP00051,2024-05-20,Present
EA000372,EMP00017,2023-10-24,Present
EA000373,EMP00103,2024-03-02,Present
EA000374,EMP00107,2025-01-04,Present
EA000375,EMP00120,2024-03-28,Absent
EA000376,EMP00194,2023-08-21,Present
EA000377,EMP00112,2024-09-13,Late
EA000378,EMP00023,2023-09-24,Absent
EA000379,EMP00169,2024-08-30,Late
EA000380,EMP00126,2024-01-11,Late
EA000381,EMP00059,2024-10-10,Present
EA000382,EMP00106,2024-01-29,Present
EA000383,EMP00094,2024-12-02,Absent
EA000384,EMP00025,2023-12-18,Absent
EA000385,EMP00145,2023-08-16,Late
EA000386,EMP00110,2024-05-05,Present
EA000387,EMP00019,2024-01-23,Present
EA000388,EMP00082,2024-06-16,Late
EA000389,EMP00046,2023-09-21,Present
EA000390,EMP00035,2023-10-23,Absent
EA000391,EMP00023,2024-06-28,Late
EA000392,EMP00109,2023-12-07,Present
EA000393,EMP00044,2023-10-28,Late
EA000394,EMP00009,2024-06-30,Present
EA000395,EMP00160,2025-01-12,Present
EA000396,EMP00090,2024-09-06,Present
EA000397,EMP00093,2024-03-06,Absent
EA000398,EMP00187,2024-07-27,Late
EA000399,EMP00042,2024-11-25,Absent
EA000400,EMP00190,2025-03-29,Absent
EA000401,EMP00147,2024-01-09,Late
EA000402,EMP00093,2025-01-02,Late
EA000403,EMP00117,2024-10-05,Present
EA000404,EMP00127,2025-01-19,Present
EA000405,EMP00035,2023-06-18,Late
EA000406,EMP00136,2023-09-10,Present
EA000407,EMP00111,2025-01-20,Present
EA000408,EMP00043,2024-06-06,Late
EA000409,EMP00045,2023-12-22,Absent
EA000410,EMP00134,2023-06-08,Late
EA000411,EMP00013,2024-08-29,Late
EA000412,EMP00011,2024-12-21,Absent
EA000413,EMP00102,2024-04-30,Present
EA000414,EMP00198,2024-02-22,Absent
EA000415,EMP00197,2024-10-31,Absent
EA000416,EMP00135,2023-06-07,Late
EA000417,EMP00055,2023-05-29,Present
EA000418,EMP00183,2024-02-06,Present
EA000419,EMP00019,2023-08-08,Absent
EA000420,EMP00107,2023-09-23,Late
EA000421,EMP00006,2024-02-13,Absent
EA000422,EMP00009,2023-10-25,Present
EA000423,EMP00148,2024-04-06,Present
EA000424,EMP00025,2025-04-06,Late
EA000425,EMP00050,2024-09-17,Late
EA000426,EMP00072,2025-04-02,Absent
EA000427,EMP00178,2024-06-30,Late
EA000428,EMP00166,2024-09-19,Absent
EA000429,EMP00066,2023-09-29,Late
EA000430,EMP00057,2024-03-06,Absent
EA000431,EMP00022,2024-07-19,Present
EA000432,EMP00056,2024-03-07,Present
EA000433,EMP00036,2023-12-26,Present
EA000434,EMP00179,2023-09-03,Present
EA000435,EMP00068,2025-04-28,Present
EA000436,EMP00001,2024-08-28,Present
EA000437,EMP00048,2024-04-23,Late
EA000438,EMP00161,2024-04-07,Late
EA000439,EMP00152,2025-01-04,Late
EA000440,EMP00177,2023-07-27,Absent
EA000441,EMP00197,2024-08-06,Late
EA000442,EMP00058,2023-12-09,Late
EA000443,EMP00048,2025-04-06,Absent
EA000444,EMP00185,2024-11-18,Absent
EA000445,EMP00192,2024-12-21,Present
EA000446,EMP00099,2023-07-07,Late
EA000447,EMP00181,2024-05-12,Late
EA000448,EMP00188,2024-06-12,Absent
EA000449,EMP00126,2024-03-05,Present
EA000450,EMP00114,2023-11-06,Late
EA000451,EMP00090,2025-02-26,Absent
EA000452,EMP00113,2024-05-18,Absent
EA000453,EMP00171,2024-05-02,Late
EA000454,EMP00169,2025-01-11,Absent
EA000455,EMP00107,2024-01-03,Absent
EA000456,EMP00154,2025-03-03,Late
EA000457,EMP00187,2025-03-23,Present
EA000458,EMP00105,2025-01-07,Late
EA000459,EMP00177,2024-01-28,Present
EA000460,EMP00192,2023-08-13,Absent
EA000461,EMP00133,2024-06-12,Late
EA000462,EMP00172,2024-02-04,Late
EA000463,EMP00018,2023-12-29,Present
EA000464,EMP00185,2024-12-17,Absent
EA000465,EMP00112,2025-03-05,Late
EA000466,EMP00040,2024-06-01,Late
EA000467,EMP00102,2024-02-26,Absent
EA000468,EMP00113,2024-01-18,Present
EA000469,EMP00174,2024-04-23,Late
EA000470,EMP00058,2024-06-05,Absent
EA000471,EMP00085,2024-11-25,Late
EA000472,EMP00152,2025-02-08,Late
EA000473,EMP00156,2023-06-05,Late
EA000474,EMP00046,2024-09-15,Present
EA000475,EMP00196,2024-03-22,Absent
EA000476,EMP00072,2023-06-05,Late
EA000477,EMP00182,2025-02-22,Late
EA000478,EMP00033,2025-03-29,Late
EA000479,EMP00067,2024-07-14,Present
EA000480,EMP00113,2023-06-20,Late
EA000481,EMP00084,2023-11-19,Absent
EA000482,EMP00163,2024-04-27,Present
EA000483,EMP00039,2024-09-25,Absent
EA000484,EMP00175,2023-06-20,Late
EA000485,EMP00071,2024-11-12,Late
EA000486,EMP00005,2023-07-23,Present
EA000487,EMP00165,2023-08-21,Late
EA000488,EMP00001,2024-08-01,Absent
EA000489,EMP00125,2024-04-24,Absent
EA000490,EMP00184,2025-03-15,Absent
EA000491,EMP00135,2024-07-07,Late
EA000492,EMP00113,2023-12-20,Late
EA000493,EMP00192,2024-08-21,Present
EA000494,EMP00008,2024-12-12,Present
EA000495,EMP00108,2025-04-20,Absent
EA000496,EMP00126,2025-04-01,Absent
EA000497,EMP00126,2024-06-08,Present
EA000498,EMP00192,2023-12-29,Present
EA000499,EMP00185,2023-07-13,Absent
EA000500,EMP00028,2023-11-15,Present
EA000501,EMP00154,2024-08-22,Late
EA000502,EMP00034,2023-08-13,Late
EA000503,EMP00096,2024-07-05,Present
EA000504,EMP00022,2024-06-06,Present
EA000505,EMP00124,2023-07-06,Late
EA000506,EMP00148,2025-05-24,Late
EA000507,EMP00142,2024-05-16,Absent
EA000508,EMP00151,2025-05-09,Present
EA000509,EMP00067,2025-04-27,Late
EA000510,EMP00147,2025-01-24,Present
EA000511,EMP00078,2024-10-18,Late
EA000512,EMP00039,2025-01-23,Late
EA000513,EMP00165,2023-11-09,Present
EA000514,EMP00099,2024-05-18,Absent
EA000515,EMP00129,2024-06-04,Late
EA000516,EMP00019,2023-11-28,Present
EA000517,EMP00015,2023-10-16,Late
EA000518,EMP00001,2025-05-14,Present
EA000519,EMP00031,2023-10-22,Present
EA000520,EMP00180,2025-03-06,Late
EA000521,EMP00171,2023-09-28,Absent
EA000522,EMP00174,2024-09-26,Late
EA000523,EMP00086,2024-02-11,Late
EA000524,EMP00050,2024-06-11,Absent
EA000525,EMP00020,2023-09-25,Absent
EA000526,EMP00105,2024-03-02,Present
EA000527,EMP00190,2023-06-09,Present
EA000528,EMP00043,2025-03-01,Absent
EA000529,EMP00005,2024-09-10,Absent
EA000530,EMP00066,2023-09-14,Late
EA000531,EMP00140,2024-06-04,Absent
EA000532,EMP00128,2024-12-22,Late
EA000533,EMP00185,2024-07-28,Late
EA000534,EMP00188,2025-03-10,Late
EA000535,EMP00183,2024-08-12,Absent
EA000536,EMP00071,2024-02-15,Absent
EA000537,EMP00066,2023-09-03,Late
EA000538,EMP00200,2024-06-10,Absent
EA000539,EMP00073,2024-10-09,Present
EA000540,EMP00155,2024-03-14,Present
EA000541,EMP00156,2025-04-29,Late
EA000542,EMP00165,2024-05-06,Absent
EA000543,EMP00079,2025-03-16,Present
EA000544,EMP00019,2024-01-13,Late
EA000545,EMP00179,2024-09-12,Present
EA000546,EMP00013,2024-01-25,Late
EA000547,EMP00045,2023-07-03,Late
EA000548,EMP00006,2023-12-23,Late
EA000549,EMP00129,2023-05-30,Present
EA000550,EMP00106,2023-11-15,Late
EA000551,EMP00121,2024-02-17,Late
EA000552,EMP00025,2024-04-22,Present
EA000553,EMP00154,2023-12-02,Late
EA000554,EMP00141,2023-11-19,Present
EA000555,EMP00019,2024-03-31,Late
EA000556,EMP00138,2025-03-14,Absent
EA000557,EMP00173,2024-09-02,Absent
EA000558,EMP00071,2024-10-15,Present
EA000559,EMP00015,2024-02-04,Late
EA000560,EMP00107,2023-10-20,Present
EA000561,EMP00159,2024-12-03,Late
EA000562,EMP00126,2025-05-06,Present
EA000563,EMP00136,2023-06-29,Absent
EA000564,EMP00030,2024-06-17,Present
EA000565,EMP00098,2025-05-09,Absent
EA000566,EMP00097,2023-08-17,Absent
EA000567,EMP00001,2023-05-30,Absent
EA000568,EMP00016,2024-02-12,Present
EA000569,EMP00114,2024-09-18,Present
EA000570,EMP00011,2023-08-24,Absent
EA000571,EMP00155,2023-08-14,Present
EA000572,EMP00086,2023-12-02,Late
EA000573,EMP00168,2024-10-12,Absent
EA000574,EMP00172,2024-09-23,Late
EA000575,EMP00070,2023-10-03,Absent
EA000576,EMP00120,2024-06-14,Late
EA000577,EMP00185,2023-11-01,Absent
EA000578,EMP00176,2024-11-04,Absent
EA000579,EMP00168,2025-03-01,Absent
EA000580,EMP00039,2024-01-15,Present
EA000581,EMP00131,2024-01-14,Late
EA000582,EMP00183,2024-02-16,Absent
EA000583,EMP00001,2024-10-28,Present
EA000584,EMP00023,2023-09-27,Absent
EA000585,EMP00195,2024-03-22,Late
EA000586,EMP00190,2024-10-29,Absent
EA000587,EMP00115,2023-10-11,Present
EA000588,EMP00162,2023-08-25,Absent
EA000589,EMP00145,2023-07-14,Absent
EA000590,EMP00048,2023-10-22,Absent
EA000591,EMP00091,2023-08-27,Absent
EA000592,EMP00053,2023-06-11,Present
EA000593,EMP00061,2024-07-07,Absent
EA000594,EMP00103,2023-11-16,Late
EA000595,EMP00102,2023-07-12,Late
EA000596,EMP00139,2023-09-25,Absent
EA000597,EMP00143,2023-12-01,Present
EA000598,EMP00090,2023-11-24,Late
EA000599,EMP00118,2024-04-08,Absent
EA000600,EMP00139,2023-07-10,Absent
EA000601,EMP00135,2024-12-10,Present
EA000602,EMP00047,2024-02-17,Absent
EA000603,EMP00136,2023-10-18,Present
EA000604,EMP00005,2024-03-02,Late
EA000605,EMP00087,2023-05-28,Absent
EA000606,EMP00194,2024-10-21,Present
EA000607,EMP00091,2023-12-28,Absent
EA000608,EMP00063,2024-09-08,Absent
EA000609,EMP00021,2023-08-31,Late
EA000610,EMP00199,2024-07-21,Absent
EA000611,EMP00119,2025-05-24,Present
EA000612,EMP00121,2024-06-23,Present
EA000613,EMP00102,2025-02-10,Present
EA000614,EMP00090,2025-03-30,Absent
EA000615,EMP00140,2023-07-23,Absent
EA000616,EMP00112,2024-11-30,Late
EA000617,EMP00139,2024-11-14,Absent
EA000618,EMP00182,2024-08-21,Present
EA000619,EMP00138,2025-02-24,Present
EA000620,EMP00119,2023-11-07,Late
EA000621,EMP00016,2024-12-01,Present
EA000622,EMP00143,2024-05-21,Present
EA000623,EMP00186,2024-12-01,Present
EA000624,EMP00119,2023-06-13,Late
EA000625,EMP00084,2023-08-16,Late
EA000626,EMP00132,2025-05-16,Present
EA000627,EMP00022,2024-04-18,Present
EA000628,EMP00163,2024-02-08,Absent
EA000629,EMP00142,2024-04-20,Absent
EA000630,EMP00094,2024-10-05,Present
EA000631,EMP00031,2025-04-14,Absent
EA000632,EMP00070,2025-05-07,Present
EA000633,EMP00091,2024-04-19,Present
EA000634,EMP00128,2025-02-27,Absent
EA000635,EMP00011,2023-11-17,Late
EA000636,EMP00036,2024-03-08,Late
EA000637,EMP00080,2024-05-02,Late
EA000638,EMP00024,2024-01-31,Present
EA000639,EMP00168,2024-07-28,Present
EA000640,EMP00113,2023-11-20,Late
EA000641,EMP00042,2025-05-05,Late
EA000642,EMP00021,2023-07-28,Late
EA000643,EMP00096,2024-11-13,Present
EA000644,EMP00051,2023-06-03,Present
EA000645,EMP00081,2025-02-03,Absent
EA000646,EMP00055,2023-08-27,Absent
EA000647,EMP00124,2024-10-29,Absent
EA000648,EMP00132,2024-12-13,Late
EA000649,EMP00062,2025-04-16,Present
EA000650,EMP00087,2024-01-12,Absent
EA000651,EMP00153,2024-12-28,Absent
EA000652,EMP00198,2023-10-15,Absent
EA000653,EMP00142,2025-04-28,Absent
EA000654,EMP00041,2023-07-27,Late
EA000655,EMP00185,2023-12-28,Present
EA000656,EMP00166,2025-01-02,Present
EA000657,EMP00190,2024-03-28,Present
EA000658,EMP00041,2023-06-15,Absent
EA000659,EMP00045,2023-11-21,Late
EA000660,EMP00126,2023-10-21,Late
EA000661,EMP00096,2023-06-17,Late
EA000662,EMP00144,2023-12-14,Present
EA000663,EMP00019,2024-07-15,Present
EA000664,EMP00037,2024-12-26,Late
EA000665,EMP00085,2024-05-28,Absent
EA000666,EMP00189,2023-05-26,Present
EA000667,EMP00026,2024-11-10,Present
EA000668,EMP00094,2023-06-05,Absent
EA000669,EMP00104,2023-12-08,Absent
EA000670,EMP00192,2025-02-26,Present
EA000671,EMP00125,2025-04-16,Absent
EA000672,EMP00141,2024-07-23,Absent
EA000673,EMP00091,2024-08-09,Absent
EA000674,EMP00087,2023-07-27,Absent
EA000675,EMP00162,2023-11-01,Absent
EA000676,EMP00123,2023-06-25,Late
EA000677,EMP00098,2025-02-08,Present
EA000678,EMP00023,2024-05-12,Late
EA000679,EMP00108,2024-05-03,Late
EA000680,EMP00148,2024-08-09,Late
EA000681,EMP00054,2025-03-10,Present
EA000682,EMP00186,2024-05-07,Present
EA000683,EMP00059,2023-07-04,Present
EA000684,EMP00148,2024-11-25,Late
EA000685,EMP00039,2024-06-07,Present
EA000686,EMP00078,2025-03-24,Late
EA000687,EMP00091,2024-03-12,Absent
EA000688,EMP00160,2024-10-24,Present
EA000689,EMP00169,2024-12-08,Absent
EA000690,EMP00069,2025-02-10,Late
EA000691,EMP00068,2024-12-27,Present
EA000692,EMP00087,2024-04-29,Present
EA000693,EMP00021,2025-04-05,Absent
EA000694,EMP00152,2024-11-04,Late
EA000695,EMP00144,2024-12-09,Late
EA000696,EMP00032,2025-01-18,Present
EA000697,EMP00154,2023-08-24,Present
EA000698,EMP00003,2024-12-14,Present
EA000699,EMP00082,2025-01-29,Present
EA000700,EMP00121,2024-03-16,Present
EA000701,EMP00116,2023-12-01,Late
EA000702,EMP00135,2024-07-27,Present
EA000703,EMP00088,2024-01-21,Absent
EA000704,EMP00144,2024-11-21,Present
EA000705,EMP00053,2024-06-28,Present
EA000706,EMP00004,2024-03-16,Late
EA000707,EMP00173,2025-05-24,Late
EA000708,EMP00032,2024-02-12,Late
EA000709,EMP00083,2024-04-16,Absent
EA000710,EMP00102,2024-06-16,Late
EA000711,EMP00058,2024-09-20,Present
EA000712,EMP00013,2024-11-16,Late
EA000713,EMP00150,2024-01-18,Absent
EA000714,EMP00044,2024-01-10,Present
EA000715,EMP00172,2024-03-23,Present
EA000716,EMP00030,2024-06-06,Absent
EA000717,EMP00151,2023-08-24,Late
EA000718,EMP00012,2024-08-02,Late
EA000719,EMP00014,2025-04-04,Late
EA000720,EMP00036,2024-07-11,Late
EA000721,EMP00045,2024-05-23,Absent
EA000722,EMP00200,2023-12-20,Absent
EA000723,EMP00024,2024-02-02,Late
EA000724,EMP00119,2023-07-18,Absent
EA000725,EMP00131,2024-02-15,Present
EA000726,EMP00078,2023-12-16,Late
EA000727,EMP00179,2025-03-01,Present
EA000728,EMP00183,2024-11-01,Present
EA000729,EMP00038,2023-10-30,Present
EA000730,EMP00092,2025-03-24,Late
EA000731,EMP00087,2024-11-14,Late
EA000732,EMP00020,2024-07-23,Late
EA000733,EMP00097,2023-11-23,Absent
EA000734,EMP00002,2025-03-16,Late
EA000735,EMP00154,2024-07-02,Present
EA000736,EMP00002,2024-04-20,Late
EA000737,EMP00195,2024-03-08,Absent
EA000738,EMP00042,2023-10-08,Late
EA000739,EMP00040,2025-01-16,Absent
EA000740,EMP00137,2023-08-31,Present
EA000741,EMP00130,2024-12-08,Present
EA000742,EMP00156,2025-02-08,Present
EA000743,EMP00003,2024-12-15,Present
EA000744,EMP00016,2024-09-18,Present
EA000745,EMP00132,2023-09-07,Present
EA000746,EMP00023,2023-12-13,Absent
EA000747,EMP00102,2024-04-21,Present
EA000748,EMP00077,2023-08-17,Late
EA000749,EMP00134,2023-07-12,Absent
EA000750,EMP00055,2024-04-16,Absent
EA000751,EMP00136,2024-05-31,Late
EA000752,EMP00073,2025-03-24,Late
EA000753,EMP00098,2024-07-13,Late
EA000754,EMP00081,2025-03-25,Late
EA000755,EMP00114,2024-02-17,Late
EA000756,EMP00192,2025-03-15,Present
EA000757,EMP00067,2024-10-09,Absent
EA000758,EMP00041,2023-11-01,Late
EA000759,EMP00040,2024-05-11,Late
EA000760,EMP00103,2025-05-05,Absent
EA000761,EMP00155,2024-04-17,Absent
EA000762,EMP00039,2024-09-08,Present
EA000763,EMP00053,2024-07-15,Absent
EA000764,EMP00040,2023-10-19,Late
EA000765,EMP00052,2025-05-20,Absent
EA000766,EMP00037,2024-11-02,Late
EA000767,EMP00067,2024-02-28,Absent
EA000768,EMP00147,2023-12-04,Absent
EA000769,EMP00162,2024-10-07,Present
EA000770,EMP00085,2023-12-18,Late
EA000771,EMP00066,2025-04-15,Present
EA000772,EMP00138,2025-02-16,Present
EA000773,EMP00052,2023-11-01,Late
EA000774,EMP00170,2025-01-07,Absent
EA000775,EMP00188,2025-02-25,Present
EA000776,EMP00002,2023-07-26,Absent
EA000777,EMP00129,2025-01-01,Absent
EA000778,EMP00178,2023-07-09,Present
EA000779,EMP00164,2023-09-07,Present
EA000780,EMP00097,2023-12-23,Present
EA000781,EMP00022,2023-06-10,Absent
EA000782,EMP00113,2024-03-01,Late
EA000783,EMP00082,2024-07-10,Late
EA000784,EMP00164,2024-04-12,Present
EA000785,EMP00121,2023-10-12,Absent
EA000786,EMP00003,2024-05-27,Present
EA000787,EMP00172,2023-10-07,Absent
EA000788,EMP00118,2024-06-06,Late
EA000789,EMP00144,2025-02-16,Late
EA000790,EMP00139,2025-03-31,Present
EA000791,EMP00010,2024-03-29,Present
EA000792,EMP00179,2024-03-31,Late
EA000793,EMP00170,2023-05-27,Absent
EA000794,EMP00025,2025-03-10,Late
EA000795,EMP00120,2024-03-24,Absent
EA000796,EMP00006,2023-11-29,Present
EA000797,EMP00110,2024-11-06,Late
EA000798,EMP00172,2023-11-18,Present
EA000799,EMP00008,2023-10-25,Late
EA000800,EMP00162,2025-01-19,Present
EA000801,EMP00041,2024-05-01,Late
EA000802,EMP00110,2025-02-28,Late
EA000803,EMP00001,2024-03-13,Present
EA000804,EMP00131,2023-11-02,Late
EA000805,EMP00052,2024-01-19,Late
EA000806,EMP00102,2023-08-22,Late
EA000807,EMP00077,2024-02-12,Late
EA000808,EMP00171,2023-06-07,Present
EA000809,EMP00047,2023-09-30,Present
EA000810,EMP00114,2024-02-17,Late
EA000811,EMP00083,2025-05-24,Late
EA000812,EMP00019,2023-06-17,Present
EA000813,EMP00070,2024-07-07,Late
EA000814,EMP00047,2023-11-23,Absent
EA000815,EMP00117,2023-10-07,Present
EA000816,EMP00078,2023-09-21,Late
EA000817,EMP00005,2023-11-16,Absent
EA000818,EMP00064,2024-08-12,Late
EA000819,EMP00107,2023-08-08,Late
EA000820,EMP00173,2023-10-23,Late
EA000821,EMP00192,2025-02-14,Absent
EA000822,EMP00173,2023-09-09,Absent
EA000823,EMP00036,2023-08-22,Present
EA000824,EMP00137,2024-05-14,Late
EA000825,EMP00151,2023-08-15,Late
EA000826,EMP00160,2024-12-19,Absent
EA000827,EMP00173,2024-02-23,Late
EA000828,EMP00156,2025-03-07,Late
EA000829,EMP00180,2024-03-11,Late
EA000830,EMP00011,2024-03-30,Absent
EA000831,EMP00147,2024-10-23,Late
EA000832,EMP00064,2023-10-19,Late
EA000833,EMP00065,2025-01-18,Present
EA000834,EMP00073,2025-03-03,Late
EA000835,EMP00057,2023-07-14,Absent
EA000836,EMP00066,2023-10-18,Absent
EA000837,EMP00132,2025-05-08,Late
EA000838,EMP00157,2024-05-16,Present
EA000839,EMP00004,2024-10-11,Late
EA000840,EMP00124,2024-04-03,Late
EA000841,EMP00129,2024-08-07,Late
EA000842,EMP00092,2023-11-02,Absent
EA000843,EMP00018,2023-10-28,Late
EA000844,EMP00141,2025-03-31,Absent
EA000845,EMP00070,2024-09-15,Present
EA000846,EMP00177,2024-04-28,Late
EA000847,EMP00175,2024-02-26,Absent
EA000848,EMP00103,2024-04-28,Absent
EA000849,EMP00086,2024-10-11,Absent
EA000850,EMP00030,2024-03-22,Late
EA000851,EMP00155,2024-11-18,Present
EA000852,EMP00200,2023-11-13,Absent
EA000853,EMP00107,2024-01-18,Late
EA000854,EMP00156,2024-11-01,Absent
EA000855,EMP00130,2023-06-03,Absent
EA000856,EMP00020,2025-05-07,Late
EA000857,EMP00078,2024-03-12,Absent
EA000858,EMP00152,2023-10-04,Absent
EA000859,EMP00077,2023-08-07,Late
EA000860,EMP00072,2025-04-19,Present
EA000861,EMP00172,2024-02-03,Present
EA000862,EMP00149,2023-10-20,Present
EA000863,EMP00150,2024-08-31,Present
EA000864,EMP00073,2023-06-01,Late
EA000865,EMP00186,2024-06-25,Late
EA000866,EMP00106,2023-07-06,Present
EA000867,EMP00128,2025-01-24,Late
EA000868,EMP00107,2024-12-26,Present
EA000869,EMP00011,2023-12-03,Absent
EA000870,EMP00080,2024-01-19,Absent
EA000871,EMP00181,2024-12-10,Absent
EA000872,EMP00009,2024-10-18,Present
EA000873,EMP00195,2025-05-01,Absent
EA000874,EMP00100,2024-02-24,Present
EA000875,EMP00052,2023-10-30,Late
EA000876,EMP00115,2023-08-17,Absent
EA000877,EMP00141,2024-10-28,Absent
EA000878,EMP00129,2023-11-14,Absent
EA000879,EMP00172,2024-07-22,Late
EA000880,EMP00075,2023-06-30,Present
EA000881,EMP00152,2023-10-25,Absent
EA000882,EMP00133,2024-04-13,Absent
EA000883,EMP00194,2023-10-25,Present
EA000884,EMP00148,2023-06-23,Absent
EA000885,EMP00192,2024-09-27,Absent
EA000886,EMP00143,2023-10-08,Absent
EA000887,EMP00068,2025-02-08,Present
EA000888,EMP00054,2024-11-05,Absent
EA000889,EMP00011,2025-05-08,Late
EA000890,EMP00151,2024-05-03,Present
EA000891,EMP00129,2025-02-16,Absent
EA000892,EMP00170,2024-03-01,Late
EA000893,EMP00047,2023-08-24,Late
EA000894,EMP00115,2023-07-07,Late
EA000895,EMP00196,2025-01-25,Late
EA000896,EMP00038,2024-01-25,Late
EA000897,EMP00130,2023-08-30,Absent
EA000898,EMP00045,2024-05-13,Late
EA000899,EMP00155,2025-05-23,Present
EA000900,EMP00061,2023-12-14,Absent
EA000901,EMP00082,2023-08-04,Absent
EA000902,EMP00011,2024-07-16,Late
EA000903,EMP00197,2024-01-22,Late
EA000904,EMP00157,2023-07-23,Absent
EA000905,EMP00025,2024-05-04,Present
EA000906,EMP00078,2023-08-19,Absent
EA000907,EMP00182,2023-12-19,Absent
EA000908,EMP00176,2024-10-28,Late
EA000909,EMP00174,2025-05-09,Present
EA000910,EMP00041,2024-11-03,Late
EA000911,EMP00041,2025-04-10,Late
EA000912,EMP00189,2025-04-28,Late
EA000913,EMP00101,2023-07-30,Late
EA000914,EMP00139,2023-06-30,Present
EA000915,EMP00172,2025-03-22,Late
EA000916,EMP00032,2023-10-05,Late
EA000917,EMP00049,2023-07-22,Present
EA000918,EMP00006,2024-06-26,Absent
EA000919,EMP00057,2023-10-03,Late
EA000920,EMP00006,2023-09-17,Absent
EA000921,EMP00047,2025-01-17,Late
EA000922,EMP00063,2024-01-03,Late
EA000923,EMP00177,2025-04-14,Present
EA000924,EMP00150,2025-03-01,Present
EA000925,EMP00067,2023-11-29,Absent
EA000926,EMP00147,2024-02-13,Late
EA000927,EMP00183,2025-03-29,Present
EA000928,EMP00162,2025-01-22,Late
EA000929,EMP00041,2025-02-22,Late
EA000930,EMP00105,2024-06-12,Absent
EA000931,EMP00007,2025-04-23,Late
EA000932,EMP00057,2023-06-24,Present
EA000933,EMP00016,2024-02-01,Absent
EA000934,EMP00059,2024-01-03,Present
EA000935,EMP00166,2024-01-15,Absent
EA000936,EMP00137,2024-11-16,Absent
EA000937,EMP00034,2024-11-16,Late
EA000938,EMP00046,2024-07-11,Absent
EA000939,EMP00165,2024-01-24,Absent
EA000940,EMP00043,2023-12-05,Late
EA000941,EMP00047,2024-12-29,Absent
EA000942,EMP00134,2024-09-12,Absent
EA000943,EMP00166,2024-02-16,Present
EA000944,EMP00112,2023-11-07,Present
EA000945,EMP00123,2023-10-27,Late
EA000946,EMP00061,2024-04-01,Absent
EA000947,EMP00132,2024-06-16,Late
EA000948,EMP00133,2024-05-15,Late
EA000949,EMP00070,2024-12-28,Late
EA000950,EMP00060,2024-03-02,Present
EA000951,EMP00088,2023-07-10,Late
EA000952,EMP00092,2025-01-05,Absent
EA000953,EMP00077,2023-12-25,Present
EA000954,EMP00106,2023-12-03,Present
EA000955,EMP00184,2023-07-12,Present
EA000956,EMP00082,2024-10-31,Absent
EA000957,EMP00187,2023-12-07,Late
EA000958,EMP00007,2024-06-29,Late
EA000959,EMP00196,2023-07-26,Present
EA000960,EMP00031,2024-10-24,Present
EA000961,EMP00085,2025-02-08,Late
EA000962,EMP00048,2025-05-01,Absent
EA000963,EMP00042,2025-02-14,Present
EA000964,EMP00090,2024-04-01,Present
EA000965,EMP00030,2024-09-06,Absent
EA000966,EMP00117,2024-05-12,Present
EA000967,EMP00126,2024-08-12,Absent
EA000968,EMP00051,2025-04-02,Late
EA000969,EMP00163,2024-07-24,Late
EA000970,EMP00190,2024-06-12,Present
EA000971,EMP00051,2025-01-01,Late
EA000972,EMP00120,2023-06-09,Absent
EA000973,EMP00109,2025-04-30,Present
EA000974,EMP00178,2024-06-28,Absent
EA000975,EMP00158,2023-08-20,Late
EA000976,EMP00147,2024-05-16,Late
EA000977,EMP00050,2023-07-17,Late
EA000978,EMP00182,2024-12-01,Present
EA000979,EMP00083,2024-06-22,Absent
EA000980,EMP00086,2025-02-01,Present
EA000981,EMP00132,2024-02-17,Late
EA000982,EMP00012,2023-09-08,Late
EA000983,EMP00143,2023-08-20,Present
EA000984,EMP00143,2024-09-04,Absent
EA000985,EMP00138,2023-09-01,Late
EA000986,EMP00118,2024-07-20,Absent
EA000987,EMP00061,2023-07-23,Late
EA000988,EMP00147,2023-07-19,Present
EA000989,EMP00181,2023-07-28,Late
EA000990,EMP00200,2024-12-06,Present
EA000991,EMP00057,2023-11-01,Present
EA000992,EMP00009,2024-07-15,Present
EA000993,EMP00029,2025-03-01,Late
EA000994,EMP00007,2023-10-10,Absent
EA000995,EMP00200,2024-10-26,Absent
EA000996,EMP00105,2025-01-16,Late
EA000997,EMP00145,2025-05-18,Present
EA000998,EMP00079,2025-03-17,Absent
EA000999,EMP00144,2024-04-01,Absent
EA001000,EMP00199,2023-07-31,Late
EA001001,EMP00106,2023-11-19,Present
EA001002,EMP00083,2023-08-16,Absent
EA001003,EMP00166,2024-05-20,Late
EA001004,EMP00089,2023-08-24,Late
EA001005,EMP00076,2024-03-13,Present
EA001006,EMP00175,2025-02-13,Late
EA001007,EMP00010,2024-09-14,Present
EA001008,EMP00152,2023-06-12,Absent
EA001009,EMP00050,2023-12-24,Late
EA001010,EMP00196,2024-01-08,Absent
EA001011,EMP00126,2024-04-25,Present
EA001012,EMP00043,2024-09-24,Present
EA001013,EMP00165,2024-05-14,Present
EA001014,EMP00173,2023-11-04,Late
EA001015,EMP00054,2024-02-16,Late
EA001016,EMP00043,2025-04-29,Late
EA001017,EMP00196,2024-09-12,Absent
EA001018,EMP00037,2024-09-04,Absent
EA001019,EMP00169,2024-05-14,Late
EA001020,EMP00128,2023-09-04,Absent
EA001021,EMP00129,2024-02-23,Present
EA001022,EMP00093,2025-01-05,Late
EA001023,EMP00016,2024-02-29,Present
EA001024,EMP00037,2024-09-15,Present
EA001025,EMP00165,2024-08-31,Present
EA001026,EMP00135,2023-12-18,Absent
EA001027,EMP00040,2025-03-28,Present
EA001028,EMP00179,2024-04-04,Absent
EA001029,EMP00064,2023-06-10,Present
EA001030,EMP00114,2025-04-20,Late
EA001031,EMP00022,2024-10-24,Present
EA001032,EMP00043,2023-06-26,Present
EA001033,EMP00062,2023-09-26,Late
EA001034,EMP00182,2023-12-08,Absent
EA001035,EMP00155,2024-11-29,Late
EA001036,EMP00029,2024-01-07,Present
EA001037,EMP00016,2023-11-01,Present
EA001038,EMP00139,2025-01-05,Absent
EA001039,EMP00021,2023-07-20,Present
EA001040,EMP00137,2023-11-02,Present
EA001041,EMP00027,2025-01-10,Absent
EA001042,EMP00127,2023-10-13,Absent
EA001043,EMP00086,2023-07-07,Absent
EA001044,EMP00107,2025-04-16,Absent
EA001045,EMP00151,2023-08-04,Present
EA001046,EMP00051,2023-10-28,Absent
EA001047,EMP00080,2025-02-06,Absent
EA001048,EMP00131,2024-01-14,Present
EA001049,EMP00144,2023-06-21,Absent
EA001050,EMP00136,2024-09-10,Present
EA001051,EMP00090,2023-06-29,Absent
EA001052,EMP00170,2024-06-29,Absent
EA001053,EMP00163,2023-06-09,Late
EA001054,EMP00199,2024-09-23,Present
EA001055,EMP00200,2025-02-28,Absent
EA001056,EMP00048,2024-09-19,Late
EA001057,EMP00054,2024-03-02,Late
EA001058,EMP00103,2024-07-29,Present
EA001059,EMP00036,2023-11-11,Late
EA001060,EMP00006,2025-01-19,Present
EA001061,EMP00199,2023-10-31,Late
EA001062,EMP00012,2023-09-08,Present
EA001063,EMP00103,2025-05-20,Absent
EA001064,EMP00187,2024-06-29,Present
EA001065,EMP00065,2024-06-08,Late
EA001066,EMP00178,2024-06-14,Present
EA001067,EMP00171,2024-08-14,Absent
EA001068,EMP00171,2024-12-09,Absent
EA001069,EMP00177,2025-04-14,Late
EA001070,EMP00089,2023-11-28,Late
EA001071,EMP00183,2023-07-26,Late
EA001072,EMP00091,2023-12-06,Absent
EA001073,EMP00087,2024-12-12,Absent
EA001074,EMP00178,2025-04-08,Late
EA001075,EMP00021,2025-04-22,Absent
EA001076,EMP00088,2023-06-03,Absent
EA001077,EMP00013,2024-06-17,Late
EA001078,EMP00170,2023-12-29,Absent
EA001079,EMP00120,2024-11-29,Late
EA001080,EMP00143,2023-11-13,Absent
EA001081,EMP00178,2024-05-26,Present
EA001082,EMP00129,2025-03-03,Present
EA001083,EMP00051,2024-01-25,Absent
EA001084,EMP00162,2023-11-08,Absent
EA001085,EMP00042,2024-09-15,Present
EA001086,EMP00062,2025-01-12,Late
EA001087,EMP00095,2024-12-02,Late
EA001088,EMP00160,2024-10-03,Present
EA001089,EMP00100,2024-12-18,Late
EA001090,EMP00061,2024-07-04,Late
EA001091,EMP00093,2023-11-28,Present
EA001092,EMP00182,2024-04-15,Present
EA001093,EMP00186,2025-03-20,Absent
EA001094,EMP00152,2023-10-19,Present
EA001095,EMP00155,2024-05-27,Present
EA001096,EMP00021,2025-04-05,Late
EA001097,EMP00018,2024-11-05,Late
EA001098,EMP00055,2023-06-18,Absent
EA001099,EMP00068,2025-03-13,Late
EA001100,EMP00047,2024-01-14,Late
EA001101,EMP00054,2024-10-16,Late
EA001102,EMP00018,2023-07-20,Present
EA001103,EMP00128,2024-08-07,Late
EA001104,EMP00192,2024-01-03,Present
EA001105,EMP00049,2025-01-25,Late
EA001106,EMP00094,2025-05-25,Present
EA001107,EMP00163,2025-04-07,Late
EA001108,EMP00167,2023-11-19,Absent
EA001109,EMP00186,2025-01-24,Absent
EA001110,EMP00057,2024-12-22,Absent
EA001111,EMP00006,2024-12-22,Late
EA001112,EMP00078,2025-03-13,Absent
EA001113,EMP00020,2024-02-05,Present
EA001114,EMP00050,2024-06-29,Absent
EA001115,EMP00009,2023-09-19,Absent
EA001116,EMP00142,2023-10-09,Absent
EA001117,EMP00120,2023-10-26,Absent
EA001118,EMP00151,2024-12-26,Present
EA001119,EMP00048,2025-02-05,Absent
EA001120,EMP00080,2024-03-04,Late
EA001121,EMP00056,2023-12-10,Absent
EA001122,EMP00121,2024-10-26,Late
EA001123,EMP00040,2025-05-05,Late
EA001124,EMP00097,2024-02-27,Absent
EA001125,EMP00197,2025-04-16,Absent
EA001126,EMP00167,2024-02-18,Late
EA001127,EMP00086,2024-05-16,Present
EA001128,EMP00043,2024-09-14,Present
EA001129,EMP00122,2023-12-06,Absent
EA001130,EMP00159,2024-02-06,Present
EA001131,EMP00070,2023-06-12,Present
EA001132,EMP00100,2025-02-08,Absent
EA001133,EMP00131,2023-08-06,Late
EA001134,EMP00132,2025-01-20,Late
EA001135,EMP00155,2023-09-15,Present
EA001136,EMP00089,2023-06-19,Late
EA001137,EMP00027,2024-01-09,Absent
EA001138,EMP00105,2023-10-27,Present
EA001139,EMP00100,2024-06-22,Late
EA001140,EMP00175,2023-12-04,Present
EA001141,EMP00060,2023-08-21,Late
EA001142,EMP00036,2024-04-18,Present
EA001143,EMP00118,2025-02-11,Late
EA001144,EMP00174,2024-01-30,Late
EA001145,EMP00061,2024-10-31,Absent
EA001146,EMP00170,2025-03-23,Absent
EA001147,EMP00007,2023-06-24,Absent
EA001148,EMP00158,2024-10-26,Present
EA001149,EMP00050,2024-01-10,Present
EA001150,EMP00116,2024-07-30,Present
EA001151,EMP00175,2023-11-02,Late
EA001152,EMP00168,2025-04-07,Late
EA001153,EMP00128,2024-12-17,Late
EA001154,EMP00005,2023-12-13,Present
EA001155,EMP00070,2025-01-05,Absent
EA001156,EMP00186,2023-05-26,Present
EA001157,EMP00172,2024-09-19,Present
EA001158,EMP00199,2024-02-27,Absent
EA001159,EMP00032,2025-04-12,Absent
EA001160,EMP00079,2025-03-04,Present
EA001161,EMP00115,2024-10-05,Late
EA001162,EMP00077,2023-12-09,Late
EA001163,EMP00074,2023-10-22,Absent
EA001164,EMP00168,2024-07-14,Present
EA001165,EMP00057,2024-12-22,Late
EA001166,EMP00011,2024-06-24,Late
EA001167,EMP00168,2025-04-06,Absent
EA001168,EMP00104,2025-02-01,Present
EA001169,EMP00175,2024-07-04,Absent
EA001170,EMP00130,2024-10-15,Present
EA001171,EMP00180,2024-10-12,Present
EA001172,EMP00118,2024-03-28,Present
EA001173,EMP00120,2024-11-12,Present
EA001174,EMP00200,2024-08-21,Present
EA001175,EMP00049,2024-01-27,Present
EA001176,EMP00187,2023-12-16,Late
EA001177,EMP00038,2024-09-14,Late
EA001178,EMP00016,2024-07-24,Late
EA001179,EMP00120,2023-05-30,Late
EA001180,EMP00088,2024-09-29,Present
EA001181,EMP00119,2023-06-07,Late
EA001182,EMP00078,2024-10-04,Present
EA001183,EMP00027,2023-07-26,Absent
EA001184,EMP00074,2024-02-06,Absent
EA001185,EMP00123,2023-11-21,Late
EA001186,EMP00156,2025-05-18,Present
EA001187,EMP00194,2023-09-20,Late
EA001188,EMP00045,2023-12-07,Present
EA001189,EMP00161,2025-05-21,Late
EA001190,EMP00128,2023-10-18,Absent
EA001191,EMP00060,2024-10-07,Absent
EA001192,EMP00178,2025-03-12,Late
EA001193,EMP00126,2024-05-05,Late
EA001194,EMP00174,2023-09-17,Present
EA001195,EMP00035,2024-02-11,Absent
EA001196,EMP00041,2023-08-29,Late
EA001197,EMP00186,2025-03-07,Present
EA001198,EMP00183,2025-05-19,Absent
EA001199,EMP00133,2024-09-24,Present
EA001200,EMP00005,2025-02-02,Absent
EA001201,EMP00150,2023-10-06,Absent
EA001202,EMP00034,2023-08-15,Present
EA001203,EMP00193,2023-09-26,Present
EA001204,EMP00187,2024-03-20,Absent
EA001205,EMP00145,2024-07-25,Absent
EA001206,EMP00051,2024-01-21,Present
EA001207,EMP00177,2024-10-22,Late
EA001208,EMP00137,2024-03-29,Present
EA001209,EMP00125,2024-01-25,Late
EA001210,EMP00143,2024-07-30,Present
EA001211,EMP00109,2023-12-29,Late
EA001212,EMP00157,2024-05-19,Late
EA001213,EMP00181,2024-08-04,Absent
EA001214,EMP00153,2024-12-21,Present
EA001215,EMP00085,2025-01-30,Present
EA001216,EMP00028,2023-07-11,Present
EA001217,EMP00151,2024-05-20,Late
EA001218,EMP00103,2025-04-09,Late
EA001219,EMP00100,2025-01-18,Absent
EA001220,EMP00003,2023-08-22,Late
EA001221,EMP00033,2024-01-15,Present
EA001222,EMP00199,2023-10-03,Late
EA001223,EMP00069,2023-09-22,Late
EA001224,EMP00090,2023-09-26,Absent
EA001225,EMP00017,2023-05-30,Late
EA001226,EMP00081,2025-03-26,Present
EA001227,EMP00111,2025-04-20,Present
EA001228,EMP00067,2025-04-27,Present
EA001229,EMP00067,2024-06-11,Present
EA001230,EMP00034,2024-07-17,Absent
EA001231,EMP00008,2024-10-04,Absent
EA001232,EMP00045,2023-12-05,Present
EA001233,EMP00060,2025-05-10,Present
EA001234,EMP00184,2025-02-01,Late
EA001235,EMP00070,2023-06-12,Late
EA001236,EMP00101,2023-07-09,Late
EA001237,EMP00109,2023-06-18,Late
EA001238,EMP00150,2024-03-07,Late
EA001239,EMP00161,2024-07-02,Present
EA001240,EMP00178,2023-10-23,Late
EA001241,EMP00199,2024-08-20,Late
EA001242,EMP00112,2025-01-21,Late
EA001243,EMP00174,2025-03-13,Absent
EA001244,EMP00052,2023-06-04,Absent
EA001245,EMP00119,2024-08-19,Absent
EA001246,EMP00074,2023-12-19,Present
EA001247,EMP00066,2024-11-24,Absent
EA001248,EMP00149,2024-05-26,Late
EA001249,EMP00152,2024-01-01,Late
EA001250,EMP00176,2024-12-27,Late
EA001251,EMP00121,2025-02-03,Present
EA001252,EMP00013,2024-10-29,Absent
EA001253,EMP00064,2024-12-25,Absent
EA001254,EMP00005,2025-03-09,Late
EA001255,EMP00146,2025-03-20,Late
EA001256,EMP00116,2023-09-21,Absent
EA001257,EMP00037,2023-08-03,Absent
EA001258,EMP00054,2024-09-22,Late
EA001259,EMP00032,2023-12-23,Absent
EA001260,EMP00028,2024-09-16,Absent
EA001261,EMP00086,2024-02-04,Present
EA001262,EMP00045,2024-05-08,Late
EA001263,EMP00028,2023-12-10,Absent
EA001264,EMP00065,2023-07-27,Present
EA001265,EMP00070,2024-08-30,Present
EA001266,EMP00042,2023-07-22,Present
EA001267,EMP00161,2024-09-27,Present
EA001268,EMP00016,2024-11-18,Present
EA001269,EMP00141,2024-03-18,Present
EA001270,EMP00149,2024-06-22,Present
EA001271,EMP00059,2023-06-09,Late
EA001272,EMP00047,2023-07-03,Late
EA001273,EMP00167,2024-11-16,Late
EA001274,EMP00110,2025-03-26,Present
EA001275,EMP00126,2023-12-16,Absent
EA001276,EMP00043,2023-08-16,Present
EA001277,EMP00155,2024-01-23,Late
EA001278,EMP00109,2023-09-16,Late
EA001279,EMP00165,2024-07-10,Present
EA001280,EMP00114,2024-04-28,Late
EA001281,EMP00003,2025-05-04,Absent
EA001282,EMP00076,2025-01-07,Absent
EA001283,EMP00007,2024-01-14,Absent
EA001284,EMP00186,2024-08-10,Present
EA001285,EMP00020,2023-11-15,Late
EA001286,EMP00079,2025-04-26,Late
EA001287,EMP00065,2024-08-15,Absent
EA001288,EMP00115,2024-02-28,Late
EA001289,EMP00142,2025-02-07,Present
EA001290,EMP00098,2025-01-11,Absent
EA001291,EMP00049,2025-01-01,Present
EA001292,EMP00074,2024-08-08,Present
EA001293,EMP00037,2024-08-10,Late
EA001294,EMP00134,2025-01-19,Present
EA001295,EMP00006,2024-03-14,Absent
EA001296,EMP00028,2024-04-20,Present
EA001297,EMP00102,2024-06-09,Late
EA001298,EMP00121,2024-04-23,Present
EA001299,EMP00141,2024-09-15,Present
EA001300,EMP00013,2025-04-30,Late
EA001301,EMP00123,2023-12-20,Late
EA001302,EMP00010,2024-11-20,Late
EA001303,EMP00080,2024-11-18,Late
EA001304,EMP00167,2023-08-26,Late
EA001305,EMP00099,2024-03-29,Late
EA001306,EMP00151,2025-02-18,Late
EA001307,EMP00037,2023-11-30,Present
EA001308,EMP00121,2024-01-17,Present
EA001309,EMP00008,2024-01-08,Present
EA001310,EMP00188,2024-10-14,Absent
EA001311,EMP00086,2023-08-13,Late
EA001312,EMP00005,2023-06-05,Present
EA001313,EMP00122,2023-11-08,Late
EA001314,EMP00027,2024-08-23,Absent
EA001315,EMP00124,2024-02-18,Late
EA001316,EMP00147,2023-06-30,Present
EA001317,EMP00171,2024-04-09,Absent
EA001318,EMP00043,2025-04-24,Late
EA001319,EMP00035,2024-04-10,Absent
EA001320,EMP00055,2025-05-15,Late
EA001321,EMP00061,2025-02-15,Absent
EA001322,EMP00047,2025-05-22,Present
EA001323,EMP00102,2023-12-26,Late
EA001324,EMP00077,2025-05-06,Late
EA001325,EMP00056,2024-06-17,Late
EA001326,EMP00082,2024-03-25,Present
EA001327,EMP00146,2024-10-09,Absent
EA001328,EMP00193,2023-06-24,Present
EA001329,EMP00053,2023-11-16,Absent
EA001330,EMP00089,2023-09-08,Late
EA001331,EMP00085,2025-01-08,Absent
EA001332,EMP00139,2025-02-18,Absent
EA001333,EMP00112,2023-07-01,Late
EA001334,EMP00129,2024-03-17,Late
EA001335,EMP00096,2024-04-06,Absent
EA001336,EMP00008,2025-01-30,Late
EA001337,EMP00147,2023-10-16,Late
EA001338,EMP00183,2023-07-29,Absent
EA001339,EMP00016,2024-01-13,Present
EA001340,EMP00066,2024-04-09,Present
EA001341,EMP00012,2024-10-08,Late
EA001342,EMP00093,2025-05-24,Absent
EA001343,EMP00074,2023-12-15,Late
EA001344,EMP00190,2025-03-03,Present
EA001345,EMP00086,2023-12-20,Present
EA001346,EMP00098,2024-10-06,Absent
EA001347,EMP00186,2024-12-20,Absent
EA001348,EMP00021,2024-12-03,Present
EA001349,EMP00037,2024-08-09,Absent
EA001350,EMP00005,2023-06-14,Present
EA001351,EMP00198,2024-07-09,Late
EA001352,EMP00160,2025-04-30,Present
EA001353,EMP00067,2024-10-03,Present
EA001354,EMP00010,2025-05-23,Absent
EA001355,EMP00197,2024-04-07,Absent
EA001356,EMP00088,2023-10-17,Absent
EA001357,EMP00084,2023-09-19,Late
EA001358,EMP00062,2024-10-27,Absent
EA001359,EMP00037,2025-03-21,Late
EA001360,EMP00175,2023-08-14,Absent
EA001361,EMP00049,2024-12-31,Absent
EA001362,EMP00024,2023-08-13,Present
EA001363,EMP00082,2024-11-21,Present
EA001364,EMP00154,2025-02-17,Present
EA001365,EMP00106,2023-09-14,Late
EA001366,EMP00055,2023-11-23,Absent
EA001367,EMP00007,2024-11-27,Present
EA001368,EMP00169,2023-08-13,Absent
EA001369,EMP00130,2024-08-10,Present
EA001370,EMP00158,2023-09-29,Absent
EA001371,EMP00123,2025-05-04,Present
EA001372,EMP00020,2023-12-25,Present
EA001373,EMP00056,2024-02-08,Present
EA001374,EMP00024,2023-08-27,Present
EA001375,EMP00108,2024-05-18,Present
EA001376,EMP00140,2025-02-15,Absent
EA001377,EMP00091,2025-01-16,Present
EA001378,EMP00015,2024-10-13,Absent
EA001379,EMP00073,2023-10-17,Present
EA001380,EMP00176,2025-01-26,Absent
EA001381,EMP00061,2024-04-29,Present
EA001382,EMP00199,2024-08-11,Present
EA001383,EMP00028,2023-09-02,Present
EA001384,EMP00110,2025-01-13,Late
EA001385,EMP00003,2024-11-28,Absent
EA001386,EMP00016,2024-06-26,Absent
EA001387,EMP00164,2024-09-15,Present
EA001388,EMP00132,2023-08-14,Present
EA001389,EMP00009,2024-10-24,Present
EA001390,EMP00110,2024-10-20,Late
EA001391,EMP00012,2024-08-02,Present
EA001392,EMP00074,2025-04-29,Present
EA001393,EMP00044,2025-03-17,Absent
EA001394,EMP00108,2023-10-06,Late
EA001395,EMP00194,2023-08-31,Absent
EA001396,EMP00147,2025-01-04,Late
EA001397,EMP00013,2024-02-19,Late
EA001398,EMP00183,2024-11-21,Absent
EA001399,EMP00065,2025-01-17,Absent
EA001400,EMP00092,2025-01-22,Late
EA001401,EMP00104,2023-09-16,Late
EA001402,EMP00198,2024-08-14,Present
EA001403,EMP00116,2023-07-06,Present
EA001404,EMP00131,2025-04-20,Absent
EA001405,EMP00109,2024-06-10,Late
EA001406,EMP00153,2024-05-18,Absent
EA001407,EMP00121,2024-05-01,Present
EA001408,EMP00108,2023-12-28,Present
EA001409,EMP00180,2024-07-14,Present
EA001410,EMP00016,2024-07-10,Late
EA001411,EMP00043,2025-05-12,Absent
EA001412,EMP00056,2023-10-01,Late
EA001413,EMP00196,2023-08-23,Late
EA001414,EMP00136,2025-01-10,Present
EA001415,EMP00103,2023-12-06,Present
EA001416,EMP00172,2023-10-28,Absent
EA001417,EMP00166,2025-02-01,Late
EA001418,EMP00151,2024-04-26,Absent
EA001419,EMP00006,2025-01-28,Absent
EA001420,EMP00043,2023-07-12,Absent
EA001421,EMP00044,2025-05-20,Absent
EA001422,EMP00118,2024-09-03,Present
EA001423,EMP00080,2023-08-08,Absent
EA001424,EMP00023,2025-01-21,Present
EA001425,EMP00144,2024-10-24,Absent
EA001426,EMP00009,2023-07-06,Present
EA001427,EMP00137,2024-04-03,Absent
EA001428,EMP00186,2024-10-28,Late
EA001429,EMP00193,2024-08-20,Late
EA001430,EMP00059,2024-07-29,Present
EA001431,EMP00151,2023-12-16,Present
EA001432,EMP00069,2025-05-25,Absent
EA001433,EMP00147,2025-02-18,Late
EA001434,EMP00035,2024-05-06,Absent
EA001435,EMP00097,2024-09-21,Present
EA001436,EMP00183,2025-01-27,Absent
EA001437,EMP00110,2024-03-28,Late
EA001438,EMP00040,2024-05-30,Late
EA001439,EMP00142,2024-02-10,Late
EA001440,EMP00084,2025-01-28,Late
EA001441,EMP00116,2024-10-31,Late
EA001442,EMP00013,2024-08-28,Present
EA001443,EMP00053,2023-08-30,Absent
EA001444,EMP00080,2024-06-30,Absent
EA001445,EMP00095,2023-09-28,Absent
EA001446,EMP00039,2023-08-21,Present
EA001447,EMP00084,2025-02-28,Present
EA001448,EMP00121,2024-11-21,Present
EA001449,EMP00065,2024-03-14,Present
EA001450,EMP00184,2024-03-29,Absent
EA001451,EMP00040,2023-09-08,Late
EA001452,EMP00174,2024-06-18,Late
EA001453,EMP00135,2025-01-11,Present
EA001454,EMP00045,2023-11-14,Absent
EA001455,EMP00022,2024-05-05,Absent
EA001456,EMP00135,2024-04-26,Present
EA001457,EMP00122,2024-02-04,Absent
EA001458,EMP00052,2024-05-27,Late
EA001459,EMP00100,2025-04-08,Present
EA001460,EMP00068,2024-01-08,Absent
EA001461,EMP00198,2023-07-16,Absent
EA001462,EMP00067,2025-01-02,Absent
EA001463,EMP00003,2024-12-11,Present
EA001464,EMP00058,2024-10-20,Late
EA001465,EMP00120,2025-01-18,Absent
EA001466,EMP00195,2023-07-28,Present
EA001467,EMP00100,2025-04-05,Present
EA001468,EMP00182,2024-09-21,Absent
EA001469,EMP00009,2023-08-23,Present
EA001470,EMP00182,2023-05-28,Late
EA001471,EMP00179,2024-10-15,Late
EA001472,EMP00016,2025-02-17,Present
EA001473,EMP00012,2025-03-18,Absent
EA001474,EMP00102,2023-10-20,Late
EA001475,EMP00148,2024-11-26,Absent
EA001476,EMP00181,2025-01-13,Present
EA001477,EMP00031,2023-07-10,Late
EA001478,EMP00021,2024-07-13,Absent
EA001479,EMP00131,2023-10-09,Present
EA001480,EMP00021,2023-07-02,Absent
EA001481,EMP00092,2023-11-12,Late
EA001482,EMP00028,2025-04-13,Present
EA001483,EMP00133,2025-03-20,Present
EA001484,EMP00071,2024-02-18,Absent
EA001485,EMP00197,2023-10-06,Absent
EA001486,EMP00073,2025-03-27,Present
EA001487,EMP00175,2023-09-17,Late
EA001488,EMP00148,2025-05-19,Late
EA001489,EMP00166,2024-06-25,Absent
EA001490,EMP00116,2023-08-31,Absent
EA001491,EMP00165,2024-11-18,Absent
EA001492,EMP00058,2025-01-26,Late
EA001493,EMP00145,2024-10-22,Late
EA001494,EMP00042,2023-11-29,Absent
EA001495,EMP00097,2023-07-08,Absent
EA001496,EMP00160,2023-08-01,Present
EA001497,EMP00062,2025-04-18,Present
EA001498,EMP00096,2024-10-20,Present
EA001499,EMP00112,2024-03-09,Present
EA001500,EMP00120,2024-12-07,Absent
EA001501,EMP00087,2025-02-01,Late
EA001502,EMP00149,2024-12-15,Late
EA001503,EMP00161,2024-09-13,Present
EA001504,EMP00195,2024-05-24,Late
EA001505,EMP00134,2023-11-09,Present
EA001506,EMP00113,2023-12-31,Absent
EA001507,EMP00092,2024-08-28,Present
EA001508,EMP00066,2024-03-24,Late
EA001509,EMP00032,2025-01-28,Late
EA001510,EMP00064,2025-01-17,Late
EA001511,EMP00154,2025-02-27,Absent
EA001512,EMP00190,2025-02-09,Present
EA001513,EMP00005,2024-08-25,Absent
EA001514,EMP00139,2024-04-24,Absent
EA001515,EMP00128,2024-12-31,Present
EA001516,EMP00074,2024-07-05,Late
EA001517,EMP00177,2024-05-09,Late
EA001518,EMP00092,2024-01-14,Late
EA001519,EMP00190,2025-05-07,Late
EA001520,EMP00060,2024-07-26,Absent
EA001521,EMP00002,2024-05-25,Present
EA001522,EMP00089,2024-12-30,Present
EA001523,EMP00187,2023-10-31,Present
EA001524,EMP00107,2024-06-18,Absent
EA001525,EMP00115,2024-09-17,Late
EA001526,EMP00076,2025-05-05,Late
EA001527,EMP00153,2024-02-11,Present
EA001528,EMP00196,2024-02-20,Late
EA001529,EMP00170,2023-11-01,Absent
EA001530,EMP00076,2024-04-24,Late
EA001531,EMP00199,2024-06-24,Late
EA001532,EMP00183,2024-12-12,Late
EA001533,EMP00166,2023-11-30,Present
EA001534,EMP00171,2024-08-17,Absent
EA001535,EMP00198,2024-08-08,Present
EA001536,EMP00181,2023-12-11,Absent
EA001537,EMP00128,2023-07-09,Present
EA001538,EMP00021,2024-08-09,Absent
EA001539,EMP00148,2024-02-19,Absent
EA001540,EMP00019,2024-02-26,Present
EA001541,EMP00161,2023-09-24,Present
EA001542,EMP00063,2025-02-02,Late
EA001543,EMP00196,2023-09-21,Absent
EA001544,EMP00188,2023-11-16,Absent
EA001545,EMP00019,2025-01-04,Absent
EA001546,EMP00113,2025-03-23,Absent
EA001547,EMP00156,2024-05-27,Absent
EA001548,EMP00022,2023-12-10,Late
EA001549,EMP00051,2024-10-27,Late
EA001550,EMP00088,2024-03-12,Late
EA001551,EMP00123,2024-09-01,Absent
EA001552,EMP00063,2023-12-10,Present
EA001553,EMP00062,2023-06-03,Present
EA001554,EMP00157,2024-10-14,Absent
EA001555,EMP00074,2023-11-07,Late
EA001556,EMP00032,2024-11-24,Present
EA001557,EMP00153,2024-12-09,Present
EA001558,EMP00144,2024-01-11,Late
EA001559,EMP00015,2023-07-17,Absent
EA001560,EMP00187,2024-11-28,Absent
EA001561,EMP00048,2024-06-26,Absent
EA001562,EMP00018,2023-10-23,Absent
EA001563,EMP00023,2025-01-05,Absent
EA001564,EMP00055,2023-07-29,Present
EA001565,EMP00042,2024-11-27,Late
EA001566,EMP00131,2024-07-12,Present
EA001567,EMP00199,2023-09-08,Present
EA001568,EMP00103,2023-11-02,Present
EA001569,EMP00052,2025-01-23,Late
EA001570,EMP00011,2023-06-06,Present
EA001571,EMP00055,2024-04-10,Present
EA001572,EMP00088,2023-09-23,Absent
EA001573,EMP00114,2024-11-08,Late
EA001574,EMP00025,2024-09-23,Absent
EA001575,EMP00092,2024-03-22,Absent
EA001576,EMP00087,2024-03-06,Present
EA001577,EMP00081,2024-05-08,Absent
EA001578,EMP00169,2025-02-10,Present
EA001579,EMP00165,2023-07-31,Absent
EA001580,EMP00183,2024-07-18,Late
EA001581,EMP00009,2025-01-05,Late
EA001582,EMP00099,2023-06-07,Absent
EA001583,EMP00036,2023-10-03,Present
EA001584,EMP00057,2023-10-06,Present
EA001585,EMP00063,2023-11-24,Present
EA001586,EMP00082,2024-03-17,Absent
EA001587,EMP00020,2023-07-28,Present
EA001588,EMP00047,2023-09-10,Absent
EA001589,EMP00020,2025-03-26,Late
EA001590,EMP00006,2024-08-21,Present
EA001591,EMP00073,2024-01-18,Absent
EA001592,EMP00107,2024-05-01,Present
EA001593,EMP00093,2025-04-15,Absent
EA001594,EMP00029,2023-10-08,Present
EA001595,EMP00100,2023-10-26,Late
EA001596,EMP00111,2023-07-29,Absent
EA001597,EMP00121,2024-08-04,Absent
EA001598,EMP00049,2024-11-18,Late
EA001599,EMP00108,2024-07-12,Late
EA001600,EMP00134,2023-09-26,Present
EA001601,EMP00039,2024-11-24,Absent
EA001602,EMP00032,2023-06-07,Absent
EA001603,EMP00177,2024-12-22,Present
EA001604,EMP00043,2025-03-13,Present
EA001605,EMP00108,2024-05-14,Absent
EA001606,EMP00028,2025-04-14,Late
EA001607,EMP00045,2024-11-10,Present
EA001608,EMP00065,2024-09-22,Absent
EA001609,EMP00050,2024-01-24,Present
EA001610,EMP00054,2023-09-04,Late
EA001611,EMP00051,2024-04-03,Absent
EA001612,EMP00043,2023-06-04,Absent
EA001613,EMP00064,2024-08-18,Absent
EA001614,EMP00030,2024-09-09,Late
EA001615,EMP00170,2025-03-27,Present
EA001616,EMP00166,2024-07-02,Late
EA001617,EMP00087,2024-03-05,Late
EA001618,EMP00066,2024-04-01,Late
EA001619,EMP00069,2023-07-09,Absent
EA001620,EMP00015,2024-09-23,Late
EA001621,EMP00189,2023-10-17,Absent
EA001622,EMP00110,2023-07-06,Absent
EA001623,EMP00134,2024-01-06,Present
EA001624,EMP00024,2023-06-26,Present
EA001625,EMP00121,2024-02-06,Late
EA001626,EMP00085,2025-05-11,Absent
EA001627,EMP00142,2024-03-25,Absent
EA001628,EMP00140,2024-08-13,Present
EA001629,EMP00183,2025-04-18,Absent
EA001630,EMP00068,2024-12-27,Late
EA001631,EMP00122,2025-03-01,Absent
EA001632,EMP00044,2025-05-07,Late
EA001633,EMP00085,2024-12-31,Present
EA001634,EMP00179,2024-03-20,Present
EA001635,EMP00166,2025-01-15,Absent
EA001636,EMP00041,2024-09-22,Absent
EA001637,EMP00122,2023-07-04,Present
EA001638,EMP00044,2024-03-25,Late
EA001639,EMP00075,2024-01-13,Late
EA001640,EMP00092,2025-01-28,Late
EA001641,EMP00016,2024-12-21,Present
EA001642,EMP00178,2024-09-23,Present
EA001643,EMP00166,2023-12-23,Present
EA001644,EMP00086,2023-12-08,Absent
EA001645,EMP00133,2024-04-11,Present
EA001646,EMP00137,2024-09-20,Late
EA001647,EMP00077,2025-05-17,Late
EA001648,EMP00039,2023-10-21,Present
EA001649,EMP00087,2025-04-23,Present
EA001650,EMP00155,2024-10-24,Late
EA001651,EMP00160,2024-07-23,Present
EA001652,EMP00064,2025-02-18,Absent
EA001653,EMP00161,2024-07-14,Present
EA001654,EMP00106,2024-09-20,Late
EA001655,EMP00090,2023-08-23,Late
EA001656,EMP00146,2023-07-02,Present
EA001657,EMP00067,2023-08-17,Late
EA001658,EMP00005,2023-08-29,Present
EA001659,EMP00059,2024-08-30,Late
EA001660,EMP00076,2023-12-09,Late
EA001661,EMP00004,2023-09-27,Late
EA001662,EMP00016,2023-08-28,Present
EA001663,EMP00075,2023-09-24,Present
EA001664,EMP00100,2024-08-24,Present
EA001665,EMP00121,2024-08-08,Absent
EA001666,EMP00176,2023-12-14,Absent
EA001667,EMP00066,2023-11-15,Absent
EA001668,EMP00136,2023-06-08,Late
EA001669,EMP00172,2023-12-10,Late
EA001670,EMP00021,2024-01-05,Present
EA001671,EMP00026,2023-06-27,Late
EA001672,EMP00163,2024-07-09,Absent
EA001673,EMP00143,2025-02-17,Absent
EA001674,EMP00168,2024-10-29,Present
EA001675,EMP00030,2024-09-30,Late
EA001676,EMP00066,2024-03-28,Late
EA001677,EMP00080,2024-10-21,Absent
EA001678,EMP00013,2024-07-21,Present
EA001679,EMP00001,2023-09-29,Absent
EA001680,EMP00171,2024-11-27,Late
EA001681,EMP00156,2025-03-02,Absent
EA001682,EMP00129,2023-06-17,Absent
EA001683,EMP00168,2024-05-15,Late
EA001684,EMP00162,2023-06-10,Late
EA001685,EMP00141,2024-02-10,Late
EA001686,EMP00061,2024-01-26,Absent
EA001687,EMP00117,2024-05-15,Absent
EA001688,EMP00066,2024-09-28,Absent
EA001689,EMP00123,2024-05-29,Present
EA001690,EMP00004,2024-04-09,Present
EA001691,EMP00141,2024-03-10,Late
EA001692,EMP00036,2025-02-26,Present
EA001693,EMP00096,2024-03-11,Late
EA001694,EMP00189,2024-06-08,Absent
EA001695,EMP00186,2025-03-16,Late
EA001696,EMP00085,2024-11-09,Absent
EA001697,EMP00143,2024-01-16,Late
EA001698,EMP00090,2023-10-25,Present
EA001699,EMP00085,2024-08-25,Absent
EA001700,EMP00012,2023-06-26,Absent
EA001701,EMP00076,2025-02-27,Absent
EA001702,EMP00069,2023-08-30,Present
EA001703,EMP00189,2023-11-15,Present
EA001704,EMP00042,2024-05-02,Present
EA001705,EMP00160,2024-05-16,Absent
EA001706,EMP00130,2024-11-22,Late
EA001707,EMP00008,2023-11-17,Late
EA001708,EMP00054,2024-04-16,Present
EA001709,EMP00136,2025-01-07,Late
EA001710,EMP00088,2024-06-19,Absent
EA001711,EMP00141,2023-09-10,Absent
EA001712,EMP00029,2025-03-06,Present
EA001713,EMP00013,2025-04-30,Present
EA001714,EMP00058,2025-05-03,Late
EA001715,EMP00063,2024-08-12,Late
EA001716,EMP00087,2023-11-22,Late
EA001717,EMP00175,2024-08-31,Present
EA001718,EMP00087,2024-12-05,Present
EA001719,EMP00074,2023-11-26,Present
EA001720,EMP00038,2024-07-30,Absent
EA001721,EMP00069,2024-12-12,Late
EA001722,EMP00069,2025-01-01,Present
EA001723,EMP00168,2023-12-01,Present
EA001724,EMP00129,2023-05-26,Present
EA001725,EMP00130,2024-03-29,Late
EA001726,EMP00113,2023-11-14,Late
EA001727,EMP00029,2024-12-24,Absent
EA001728,EMP00122,2024-03-02,Absent
EA001729,EMP00007,2024-08-01,Absent
EA001730,EMP00185,2024-01-05,Absent
EA001731,EMP00055,2024-10-10,Present
EA001732,EMP00164,2024-12-02,Absent
EA001733,EMP00007,2025-04-17,Present
EA001734,EMP00092,2025-02-07,Present
EA001735,EMP00010,2023-10-08,Late
EA001736,EMP00080,2024-05-25,Present
EA001737,EMP00074,2023-12-25,Late
EA001738,EMP00167,2023-08-15,Absent
EA001739,EMP00058,2024-12-23,Absent
EA001740,EMP00090,2024-12-20,Late
EA001741,EMP00098,2024-01-02,Late
EA001742,EMP00040,2025-05-03,Absent
EA001743,EMP00142,2024-04-06,Present
EA001744,EMP00129,2023-09-15,Present
EA001745,EMP00145,2024-09-04,Late
EA001746,EMP00049,2023-08-21,Present
EA001747,EMP00086,2024-10-16,Present
EA001748,EMP00144,2024-01-16,Absent
EA001749,EMP00135,2024-01-08,Late
EA001750,EMP00143,2025-03-12,Absent
EA001751,EMP00115,2023-09-02,Present
EA001752,EMP00021,2024-12-28,Present
EA001753,EMP00066,2024-12-24,Absent
EA001754,EMP00187,2023-07-14,Present
EA001755,EMP00176,2024-04-06,Present
EA001756,EMP00089,2024-04-28,Absent
EA001757,EMP00178,2023-09-21,Present
EA001758,EMP00138,2024-12-25,Absent
EA001759,EMP00052,2025-03-24,Late
EA001760,EMP00196,2023-12-16,Present
EA001761,EMP00158,2023-08-08,Present
EA001762,EMP00034,2024-04-26,Absent
EA001763,EMP00094,2024-03-16,Late
EA001764,EMP00086,2023-07-07,Present
EA001765,EMP00065,2024-05-29,Present
EA001766,EMP00060,2024-06-12,Late
EA001767,EMP00136,2024-09-08,Present
EA001768,EMP00075,2023-07-17,Absent
EA001769,EMP00193,2025-04-08,Late
EA001770,EMP00069,2023-10-17,Late
EA001771,EMP00185,2025-04-17,Present
EA001772,EMP00045,2024-12-01,Late
EA001773,EMP00049,2023-12-24,Late
EA001774,EMP00062,2024-04-06,Late
EA001775,EMP00167,2024-10-28,Present
EA001776,EMP00149,2023-05-27,Late
EA001777,EMP00121,2024-06-05,Present
EA001778,EMP00053,2024-10-27,Late
EA001779,EMP00173,2025-04-17,Absent
EA001780,EMP00097,2023-11-03,Late
EA001781,EMP00121,2025-01-25,Late
EA001782,EMP00156,2025-04-15,Late
EA001783,EMP00053,2024-09-14,Absent
EA001784,EMP00009,2025-01-03,Late
EA001785,EMP00075,2023-06-02,Absent
EA001786,EMP00104,2024-06-04,Absent
EA001787,EMP00093,2025-02-03,Absent
EA001788,EMP00124,2024-01-17,Present
EA001789,EMP00122,2024-03-07,Present
EA001790,EMP00199,2024-03-15,Absent
EA001791,EMP00061,2024-06-21,Present
EA001792,EMP00155,2024-05-12,Absent
EA001793,EMP00124,2024-10-01,Present
EA001794,EMP00150,2025-03-19,Present
EA001795,EMP00095,2024-06-08,Late
EA001796,EMP00030,2024-02-10,Present
EA001797,EMP00092,2023-10-08,Present
EA001798,EMP00084,2024-07-11,Late
EA001799,EMP00015,2023-12-11,Absent
EA001800,EMP00143,2023-09-10,Late
EA001801,EMP00053,2024-09-09,Present
EA001802,EMP00023,2025-04-26,Present
EA001803,EMP00070,2023-08-16,Absent
EA001804,EMP00109,2024-04-03,Present
EA001805,EMP00144,2024-03-01,Late
EA001806,EMP00087,2024-04-17,Absent
EA001807,EMP00193,2025-03-26,Late
EA001808,EMP00173,2024-04-05,Present
EA001809,EMP00007,2024-06-21,Absent
EA001810,EMP00173,2025-02-21,Present
EA001811,EMP00039,2024-12-22,Present
EA001812,EMP00104,2023-07-09,Late
EA001813,EMP00050,2023-08-11,Present
EA001814,EMP00177,2023-09-14,Late
EA001815,EMP00048,2024-07-09,Present
EA001816,EMP00049,2024-12-15,Late
EA001817,EMP00168,2025-01-23,Late
EA001818,EMP00167,2023-08-25,Absent
EA001819,EMP00185,2025-02-06,Absent
EA001820,EMP00082,2025-02-21,Present
EA001821,EMP00063,2024-05-22,Present
EA001822,EMP00184,2024-07-20,Absent
EA001823,EMP00130,2025-05-22,Late
EA001824,EMP00112,2023-07-13,Late
EA001825,EMP00154,2025-04-08,Absent
EA001826,EMP00096,2023-08-05,Absent
EA001827,EMP00151,2025-05-16,Present
EA001828,EMP00121,2024-03-15,Late
EA001829,EMP00018,2023-10-18,Absent
EA001830,EMP00088,2023-07-14,Late
EA001831,EMP00068,2024-05-27,Late
EA001832,EMP00060,2023-09-15,Absent
EA001833,EMP00130,2024-06-19,Late
EA001834,EMP00094,2024-07-14,Present
EA001835,EMP00049,2024-11-13,Absent
EA001836,EMP00166,2024-02-27,Late
EA001837,EMP00159,2023-07-16,Absent
EA001838,EMP00168,2024-01-27,Absent
EA001839,EMP00080,2025-02-12,Late
EA001840,EMP00127,2024-02-28,Present
EA001841,EMP00053,2024-01-11,Absent
EA001842,EMP00064,2024-10-29,Late
EA001843,EMP00033,2024-12-28,Absent
EA001844,EMP00058,2024-02-10,Absent
EA001845,EMP00050,2025-02-07,Late
EA001846,EMP00064,2023-09-06,Present
EA001847,EMP00131,2023-09-16,Late
EA001848,EMP00125,2024-05-16,Absent
EA001849,EMP00061,2025-04-18,Present
EA001850,EMP00124,2024-07-21,Present
EA001851,EMP00138,2023-08-27,Present
EA001852,EMP00066,2023-09-08,Present
EA001853,EMP00179,2024-06-19,Absent
EA001854,EMP00030,2023-06-24,Late
EA001855,EMP00025,2025-02-05,Late
EA001856,EMP00171,2024-12-18,Present
EA001857,EMP00120,2024-01-29,Present
EA001858,EMP00088,2023-09-12,Late
EA001859,EMP00192,2024-09-28,Present
EA001860,EMP00187,2024-05-19,Late
EA001861,EMP00190,2024-03-07,Late
EA001862,EMP00010,2024-05-03,Present
EA001863,EMP00192,2024-03-19,Late
EA001864,EMP00094,2024-10-31,Late
EA001865,EMP00126,2024-08-18,Late
EA001866,EMP00188,2024-11-11,Present
EA001867,EMP00099,2023-10-16,Absent
EA001868,EMP00088,2024-05-13,Absent
EA001869,EMP00020,2024-06-21,Absent
EA001870,EMP00117,2024-05-17,Absent
EA001871,EMP00103,2024-04-18,Absent
EA001872,EMP00177,2025-04-26,Present
EA001873,EMP00099,2023-10-28,Present
EA001874,EMP00123,2024-12-10,Absent
EA001875,EMP00074,2023-06-11,Absent
EA001876,EMP00155,2025-03-10,Late
EA001877,EMP00051,2025-03-05,Late
EA001878,EMP00185,2024-08-09,Late
EA001879,EMP00079,2024-04-09,Absent
EA001880,EMP00165,2024-07-25,Absent
EA001881,EMP00003,2024-04-05,Present
EA001882,EMP00157,2024-05-02,Late
EA001883,EMP00196,2023-08-20,Late
EA001884,EMP00175,2024-11-16,Present
EA001885,EMP00080,2025-02-22,Present
EA001886,EMP00069,2023-05-31,Present
EA001887,EMP00021,2023-09-25,Late
EA001888,EMP00042,2024-03-15,Present
EA001889,EMP00118,2024-11-25,Absent
EA001890,EMP00021,2023-08-26,Absent
EA001891,EMP00130,2023-09-01,Absent
EA001892,EMP00197,2023-10-31,Present
EA001893,EMP00135,2024-10-11,Late
EA001894,EMP00035,2024-03-22,Late
EA001895,EMP00030,2024-07-31,Present
EA001896,EMP00172,2024-12-02,Present
EA001897,EMP00174,2023-06-16,Late
EA001898,EMP00055,2025-02-16,Absent
EA001899,EMP00001,2023-12-04,Absent
EA001900,EMP00125,2023-12-20,Late
EA001901,EMP00182,2024-08-09,Present
EA001902,EMP00111,2025-03-22,Absent
EA001903,EMP00129,2025-01-25,Absent
EA001904,EMP00063,2023-09-15,Absent
EA001905,EMP00183,2023-12-19,Present
EA001906,EMP00086,2024-11-16,Present
EA001907,EMP00077,2023-09-15,Absent
EA001908,EMP00122,2023-08-20,Present
EA001909,EMP00155,2023-08-07,Late
EA001910,EMP00015,2025-05-15,Present
EA001911,EMP00127,2025-03-05,Late
EA001912,EMP00137,2024-05-14,Absent
EA001913,EMP00069,2024-03-31,Absent
EA001914,EMP00059,2025-02-20,Late
EA001915,EMP00151,2023-08-28,Absent
EA001916,EMP00108,2023-09-28,Absent
EA001917,EMP00113,2024-04-02,Absent
EA001918,EMP00107,2023-07-17,Present
EA001919,EMP00139,2024-03-09,Present
EA001920,EMP00024,2024-08-06,Late
EA001921,EMP00072,2025-05-25,Late
EA001922,EMP00111,2024-04-08,Present
EA001923,EMP00182,2024-10-16,Absent
EA001924,EMP00106,2024-07-18,Present
EA001925,EMP00159,2024-07-20,Absent
EA001926,EMP00150,2023-08-28,Late
EA001927,EMP00014,2023-07-30,Late
EA001928,EMP00005,2024-06-28,Late
EA001929,EMP00127,2024-09-29,Present
EA001930,EMP00017,2024-04-26,Present
EA001931,EMP00082,2024-01-12,Absent
EA001932,EMP00071,2024-08-18,Late
EA001933,EMP00090,2025-04-23,Absent
EA001934,EMP00172,2023-08-21,Absent
EA001935,EMP00079,2024-09-26,Present
EA001936,EMP00093,2024-12-09,Present
EA001937,EMP00177,2024-10-25,Absent
EA001938,EMP00065,2025-02-10,Absent
EA001939,EMP00132,2024-12-16,Absent
EA001940,EMP00009,2023-07-07,Present
EA001941,EMP00036,2024-10-27,Absent
EA001942,EMP00179,2023-09-18,Present
EA001943,EMP00122,2023-06-27,Late
EA001944,EMP00160,2023-08-03,Late
EA001945,EMP00088,2024-12-22,Absent
EA001946,EMP00121,2025-03-07,Present
EA001947,EMP00146,2023-09-24,Late
EA001948,EMP00143,2023-10-20,Present
EA001949,EMP00020,2025-04-05,Present
EA001950,EMP00058,2023-12-23,Late
EA001951,EMP00040,2024-01-06,Absent
EA001952,EMP00066,2025-02-26,Absent
EA001953,EMP00089,2024-07-11,Late
EA001954,EMP00141,2023-11-28,Present
EA001955,EMP00013,2023-08-14,Absent
EA001956,EMP00062,2024-03-02,Present
EA001957,EMP00156,2023-10-28,Late
EA001958,EMP00046,2024-01-18,Absent
EA001959,EMP00143,2025-01-18,Absent
EA001960,EMP00093,2023-08-20,Absent
EA001961,EMP00172,2023-09-25,Late
EA001962,EMP00023,2024-04-30,Late
EA001963,EMP00101,2023-08-24,Late
EA001964,EMP00067,2025-02-18,Present
EA001965,EMP00114,2025-01-20,Present
EA001966,EMP00066,2024-09-22,Present
EA001967,EMP00050,2023-06-07,Absent
EA001968,EMP00141,2023-11-29,Absent
EA001969,EMP00002,2024-03-13,Absent
EA001970,EMP00034,2024-07-22,Late
EA001971,EMP00040,2023-12-31,Late
EA001972,EMP00069,2024-03-28,Absent
EA001973,EMP00189,2023-06-28,Late
EA001974,EMP00153,2024-11-06,Present
EA001975,EMP00077,2025-05-10,Present
EA001976,EMP00191,2025-05-24,Late
EA001977,EMP00028,2025-03-12,Present
EA001978,EMP00113,2024-09-12,Present
EA001979,EMP00056,2024-07-26,Present
EA001980,EMP00112,2024-03-08,Absent
EA001981,EMP00154,2023-06-24,Late
EA001982,EMP00155,2023-10-05,Late
EA001983,EMP00026,2023-08-13,Absent
EA001984,EMP00015,2024-04-06,Present
EA001985,EMP00050,2024-04-13,Absent
EA001986,EMP00134,2023-05-30,Present
EA001987,EMP00068,2025-01-01,Absent
EA001988,EMP00132,2023-09-23,Present
EA001989,EMP00158,2024-10-09,Absent
EA001990,EMP00077,2025-03-07,Absent
EA001991,EMP00009,2024-10-27,Present
EA001992,EMP00170,2024-11-08,Present
EA001993,EMP00014,2024-03-01,Late
EA001994,EMP00040,2024-05-31,Late
EA001995,EMP00131,2024-11-04,Absent
EA001996,EMP00169,2023-05-29,Absent
EA001997,EMP00033,2024-10-14,Late
EA001998,EMP00079,2024-03-13,Late
EA001999,EMP00060,2023-11-23,Present
EA002000,EMP00064,2023-07-27,Late
