GiftCardID,CustomerID,Amount,IssueDate,Active
GC000001,CUST00139,238.34,2024-10-25,0
GC000002,CUST00103,321.95,2024-03-01,1
GC000003,CUST01266,156.0,2024-01-19,0
GC000004,CUST01141,99.47,2023-11-22,1
GC000005,CUST01238,312.13,2024-07-29,1
GC000006,CUST00484,124.59,2025-04-01,0
GC000007,CUST02577,49.16,2025-01-26,1
GC000008,CUST00224,10.27,2024-01-11,1
GC000009,CUST01294,308.08,2024-06-10,0
GC000010,CUST01849,187.45,2025-04-25,0
GC000011,CUST01885,378.63,2025-04-12,1
GC000012,CUST02162,193.84,2024-08-28,0
GC000013,CUST01465,248.14,2024-11-01,1
GC000014,CUST00644,209.47,2025-05-23,1
GC000015,CUST02699,328.78,2024-07-23,1
GC000016,CUST01256,184.51,2024-01-26,1
GC000017,CUST00458,482.25,2024-02-16,1
GC000018,CUST02423,468.71,2023-10-20,1
GC000019,CUST01628,425.53,2024-08-05,0
GC000020,CUST00611,460.95,2023-11-22,0
GC000021,CUST00207,230.08,2023-11-22,0
GC000022,CUST01544,272.85,2023-10-13,0
GC000023,CUST01467,373.63,2024-12-31,1
GC000024,CUST00917,351.11,2024-01-28,1
GC000025,CUST02369,446.43,2025-02-24,1
GC000026,CUST02141,361.0,2024-04-16,1
GC000027,CUST01432,498.96,2023-11-04,1
GC000028,CUST01182,180.77,2025-02-02,0
GC000029,CUST02920,418.17,2024-06-23,0
GC000030,CUST02147,351.84,2024-06-05,0
GC000031,CUST02273,348.78,2024-08-16,1
GC000032,CUST00852,169.66,2023-10-02,1
GC000033,CUST00441,394.94,2025-04-15,0
GC000034,CUST00720,451.18,2025-02-14,1
GC000035,CUST00585,117.09,2024-11-25,1
GC000036,CUST02015,316.49,2024-03-01,0
GC000037,CUST00064,202.15,2025-01-20,1
GC000038,CUST00768,494.88,2023-07-19,0
GC000039,CUST00560,244.63,2024-07-07,0
GC000040,CUST01734,121.88,2024-04-15,0
GC000041,CUST00670,197.11,2023-06-21,0
GC000042,CUST01543,330.38,2023-12-11,1
GC000043,CUST01272,47.28,2024-11-22,1
GC000044,CUST02416,305.76,2023-07-19,1
GC000045,CUST02792,466.3,2025-01-30,0
GC000046,CUST00618,426.68,2023-07-09,1
GC000047,CUST01995,43.16,2024-03-06,0
GC000048,CUST01122,496.76,2024-10-11,1
GC000049,CUST01292,352.38,2025-05-13,1
GC000050,CUST01084,89.52,2023-12-21,0
GC000051,CUST02548,16.08,2024-02-17,1
GC000052,CUST02459,93.93,2024-08-08,0
GC000053,CUST01164,420.71,2024-04-22,0
GC000054,CUST01933,20.6,2025-02-22,1
GC000055,CUST01352,124.24,2024-12-30,1
GC000056,CUST00464,381.08,2023-11-21,1
GC000057,CUST02750,297.19,2024-02-01,1
GC000058,CUST01661,393.54,2023-05-31,0
GC000059,CUST01949,375.61,2024-10-18,0
GC000060,CUST02211,34.79,2024-07-26,1
GC000061,CUST00060,447.33,2023-11-17,1
GC000062,CUST00333,121.25,2024-05-19,1
GC000063,CUST00076,281.16,2025-05-18,0
GC000064,CUST01779,325.7,2025-04-28,1
GC000065,CUST02365,92.63,2023-12-25,0
GC000066,CUST00190,488.35,2024-11-01,1
GC000067,CUST01913,249.2,2024-04-28,1
GC000068,CUST00296,38.24,2023-12-15,0
GC000069,CUST02549,469.26,2023-09-07,0
GC000070,CUST00177,297.27,2023-12-10,1
GC000071,CUST00800,352.6,2024-12-01,0
GC000072,CUST00806,267.34,2024-12-05,0
GC000073,CUST02908,419.02,2023-07-15,1
GC000074,CUST01743,26.24,2024-08-10,0
GC000075,CUST00215,141.51,2025-03-20,0
GC000076,CUST01880,240.13,2024-08-05,1
GC000077,CUST02701,47.54,2025-02-10,1
GC000078,CUST00597,355.89,2024-05-05,0
GC000079,CUST01718,202.9,2024-04-08,1
GC000080,CUST01356,143.61,2024-02-19,0
GC000081,CUST00128,11.66,2025-03-09,0
GC000082,CUST01293,362.72,2023-11-06,0
GC000083,CUST02599,418.57,2024-02-07,1
GC000084,CUST01559,203.57,2025-01-05,0
GC000085,CUST01778,286.47,2023-07-17,0
GC000086,CUST00619,121.57,2024-11-23,0
GC000087,CUST02396,314.88,2024-07-25,1
GC000088,CUST00142,15.95,2025-03-07,1
GC000089,CUST02840,249.44,2023-09-26,1
GC000090,CUST00245,325.66,2024-11-09,0
GC000091,CUST02751,459.91,2025-05-18,0
GC000092,CUST01314,196.85,2023-06-03,1
GC000093,CUST01715,384.94,2024-05-18,0
GC000094,CUST01136,302.87,2025-02-27,0
GC000095,CUST02262,464.24,2024-09-28,0
GC000096,CUST01910,205.21,2025-03-24,0
GC000097,CUST02248,166.36,2023-08-10,1
GC000098,CUST02453,444.7,2024-09-02,1
GC000099,CUST00421,34.13,2024-09-24,1
GC000100,CUST00007,76.83,2024-06-19,0
GC000101,CUST01549,50.38,2024-01-27,0
GC000102,CUST02640,423.12,2024-08-30,1
GC000103,CUST02334,15.2,2024-01-24,1
GC000104,CUST00671,432.21,2024-02-29,1
GC000105,CUST02437,231.12,2024-10-31,0
GC000106,CUST00416,11.97,2025-02-20,1
GC000107,CUST02832,206.81,2024-02-11,0
GC000108,CUST01007,101.53,2023-08-23,1
GC000109,CUST01737,315.96,2025-03-29,0
GC000110,CUST00428,342.89,2025-04-01,0
GC000111,CUST00334,248.89,2023-10-07,1
GC000112,CUST02320,29.85,2023-09-30,0
GC000113,CUST02367,331.5,2024-11-04,0
GC000114,CUST00527,422.6,2025-04-17,1
GC000115,CUST02808,362.96,2023-11-03,1
GC000116,CUST01196,416.68,2023-11-02,1
GC000117,CUST01754,108.25,2023-08-03,0
GC000118,CUST01673,445.56,2023-07-23,0
GC000119,CUST02369,167.87,2023-07-08,1
GC000120,CUST02787,16.57,2023-10-28,1
GC000121,CUST01556,423.26,2024-07-15,0
GC000122,CUST02029,471.49,2024-08-20,1
GC000123,CUST01655,331.22,2024-06-16,1
GC000124,CUST00454,123.4,2023-10-20,0
GC000125,CUST00746,133.35,2025-04-24,0
GC000126,CUST01904,238.63,2024-10-31,1
GC000127,CUST00929,449.94,2024-10-28,0
GC000128,CUST00848,83.3,2024-12-23,0
GC000129,CUST00868,414.73,2025-03-02,1
GC000130,CUST00774,152.74,2024-08-15,1
GC000131,CUST02131,406.21,2024-03-25,1
GC000132,CUST00543,460.93,2024-03-23,0
GC000133,CUST00322,219.47,2024-07-27,1
GC000134,CUST00786,188.87,2025-01-17,0
GC000135,CUST00540,403.09,2024-10-03,1
GC000136,CUST02300,269.45,2025-01-19,0
GC000137,CUST02884,345.38,2024-12-25,0
GC000138,CUST01789,315.19,2024-11-27,1
GC000139,CUST00449,84.92,2024-06-24,0
GC000140,CUST00490,423.95,2023-08-29,1
GC000141,CUST01906,105.93,2023-08-13,1
GC000142,CUST00464,466.82,2023-11-18,0
GC000143,CUST00314,132.78,2024-12-09,0
GC000144,CUST01956,369.6,2024-02-29,0
GC000145,CUST00385,149.48,2023-08-08,1
GC000146,CUST00295,165.71,2023-05-31,1
GC000147,CUST01239,161.9,2023-12-06,1
GC000148,CUST00762,376.47,2024-05-16,1
GC000149,CUST02817,282.84,2024-01-16,1
GC000150,CUST01099,442.65,2024-03-15,1
GC000151,CUST02392,160.61,2023-08-17,0
GC000152,CUST01738,349.08,2024-08-10,1
GC000153,CUST02190,378.94,2023-06-17,1
GC000154,CUST02766,84.23,2024-11-03,1
GC000155,CUST01223,206.29,2023-09-18,1
GC000156,CUST01943,246.58,2025-05-08,0
GC000157,CUST02454,184.29,2025-03-19,0
GC000158,CUST00228,167.84,2024-04-05,0
GC000159,CUST00411,346.35,2024-05-17,1
GC000160,CUST03000,115.77,2024-04-03,1
GC000161,CUST02946,357.6,2023-08-08,1
GC000162,CUST00691,468.17,2024-11-24,0
GC000163,CUST00878,286.95,2024-09-28,1
GC000164,CUST00787,309.6,2024-10-31,1
GC000165,CUST02110,43.78,2025-03-16,0
GC000166,CUST01351,433.59,2024-06-07,0
GC000167,CUST01740,149.87,2024-05-15,1
GC000168,CUST01987,311.38,2024-08-20,0
GC000169,CUST00879,489.76,2025-01-27,1
GC000170,CUST01608,301.8,2023-09-23,1
GC000171,CUST01614,365.11,2025-02-05,0
GC000172,CUST02404,228.21,2024-07-20,1
GC000173,CUST00071,39.58,2024-10-18,0
GC000174,CUST02311,400.82,2025-04-08,0
GC000175,CUST00306,27.15,2023-07-13,1
GC000176,CUST02606,353.32,2024-03-24,0
GC000177,CUST00762,21.23,2024-02-05,1
GC000178,CUST00588,432.53,2024-07-19,1
GC000179,CUST02122,87.24,2025-02-08,0
GC000180,CUST02190,261.99,2024-05-01,0
GC000181,CUST01609,302.6,2024-04-12,0
GC000182,CUST00102,234.2,2024-05-25,1
GC000183,CUST01630,176.97,2024-05-21,1
GC000184,CUST01605,239.23,2024-12-02,1
GC000185,CUST00193,162.59,2024-01-16,1
GC000186,CUST01086,224.68,2024-07-25,1
GC000187,CUST02458,185.87,2024-11-15,1
GC000188,CUST00300,287.44,2024-05-01,1
GC000189,CUST00454,126.58,2025-02-11,0
GC000190,CUST02622,494.44,2023-08-08,1
GC000191,CUST00619,255.43,2024-02-10,1
GC000192,CUST00637,105.14,2024-04-14,0
GC000193,CUST02349,243.76,2024-07-25,1
GC000194,CUST00779,434.54,2024-09-04,1
GC000195,CUST01480,20.69,2024-06-21,0
GC000196,CUST02250,342.98,2025-03-23,1
GC000197,CUST02722,278.5,2023-08-13,0
GC000198,CUST02350,93.08,2023-08-21,1
GC000199,CUST02045,410.56,2024-11-06,1
GC000200,CUST01648,190.75,2024-04-08,0
GC000201,CUST00337,153.96,2023-06-15,0
GC000202,CUST02080,415.78,2023-12-18,1
GC000203,CUST01995,322.88,2025-03-17,1
GC000204,CUST02008,450.15,2023-06-13,0
GC000205,CUST01783,318.64,2023-09-25,1
GC000206,CUST02821,373.0,2024-12-19,0
GC000207,CUST01072,419.86,2024-09-13,0
GC000208,CUST02032,36.82,2023-11-03,0
GC000209,CUST01274,390.26,2023-06-02,1
GC000210,CUST01250,310.72,2024-03-16,1
GC000211,CUST01296,44.06,2023-08-07,1
GC000212,CUST02713,259.2,2024-06-05,0
GC000213,CUST00328,50.4,2025-04-11,1
GC000214,CUST00797,370.61,2023-08-24,0
GC000215,CUST01204,277.79,2023-07-15,0
GC000216,CUST02862,477.25,2023-07-19,1
GC000217,CUST00665,99.74,2024-09-21,1
GC000218,CUST02794,306.96,2023-06-23,0
GC000219,CUST02978,113.68,2025-05-08,1
GC000220,CUST00963,310.89,2025-01-01,0
GC000221,CUST01630,364.1,2025-02-20,1
GC000222,CUST01394,363.93,2024-06-16,0
GC000223,CUST01269,409.39,2025-01-22,1
GC000224,CUST01184,428.24,2024-09-20,0
GC000225,CUST00373,47.86,2023-11-04,1
GC000226,CUST00285,178.2,2024-01-15,0
GC000227,CUST02569,346.69,2025-03-21,0
GC000228,CUST02745,254.31,2025-01-29,0
GC000229,CUST00807,103.43,2024-09-02,0
GC000230,CUST00647,280.83,2023-09-17,0
GC000231,CUST01605,209.64,2025-04-18,0
GC000232,CUST02184,201.12,2024-01-21,1
GC000233,CUST00096,406.78,2024-11-14,0
GC000234,CUST00274,209.72,2025-02-16,0
GC000235,CUST02926,22.96,2023-12-02,1
GC000236,CUST02898,38.45,2023-12-31,1
GC000237,CUST01201,429.56,2024-07-02,0
GC000238,CUST01773,480.69,2024-08-13,1
GC000239,CUST00784,347.32,2025-03-03,1
GC000240,CUST01301,188.54,2023-06-26,0
GC000241,CUST00132,469.91,2023-07-28,0
GC000242,CUST01391,334.77,2025-03-06,1
GC000243,CUST02421,423.72,2024-01-03,1
GC000244,CUST01150,385.27,2023-05-29,1
GC000245,CUST01811,195.78,2024-03-08,1
GC000246,CUST02031,244.56,2023-07-25,1
GC000247,CUST00808,101.2,2024-08-30,1
GC000248,CUST00744,153.09,2025-02-12,0
GC000249,CUST00051,391.28,2025-05-08,1
GC000250,CUST01182,448.05,2024-01-06,0
GC000251,CUST00056,364.99,2023-07-12,0
GC000252,CUST00744,237.94,2024-09-12,1
GC000253,CUST02476,52.39,2024-01-07,0
GC000254,CUST00443,37.9,2023-09-06,1
GC000255,CUST01935,193.42,2024-09-29,0
GC000256,CUST02374,237.27,2023-10-07,1
GC000257,CUST02688,308.47,2023-08-10,0
GC000258,CUST01662,13.18,2025-01-01,1
GC000259,CUST02877,494.96,2023-06-06,0
GC000260,CUST00080,188.33,2024-01-11,1
GC000261,CUST02522,425.57,2024-08-09,0
GC000262,CUST00377,272.13,2025-05-13,0
GC000263,CUST02967,73.92,2024-10-18,0
GC000264,CUST02381,400.81,2025-02-02,1
GC000265,CUST00441,357.82,2023-06-14,1
GC000266,CUST00126,268.44,2023-07-11,1
GC000267,CUST01718,262.13,2024-08-01,1
GC000268,CUST00219,52.87,2024-06-29,1
GC000269,CUST00948,331.37,2024-10-14,0
GC000270,CUST00278,456.51,2025-04-04,1
GC000271,CUST00595,55.69,2025-02-25,1
GC000272,CUST00935,139.12,2025-04-22,0
GC000273,CUST02019,452.13,2024-07-16,1
GC000274,CUST00141,149.33,2023-12-02,1
GC000275,CUST02894,330.43,2024-12-27,1
GC000276,CUST01631,272.06,2024-06-10,1
GC000277,CUST00877,302.2,2023-10-18,1
GC000278,CUST01730,213.74,2024-04-06,1
GC000279,CUST00110,157.0,2023-12-22,0
GC000280,CUST01076,33.78,2024-02-17,1
GC000281,CUST02661,374.7,2024-01-08,1
GC000282,CUST02761,375.59,2024-02-14,1
GC000283,CUST01994,338.66,2025-04-16,0
GC000284,CUST01223,325.38,2023-06-16,0
GC000285,CUST00796,129.42,2023-08-17,0
GC000286,CUST02030,20.95,2024-09-22,0
GC000287,CUST00729,406.27,2023-09-03,1
GC000288,CUST02553,250.66,2023-10-10,0
GC000289,CUST01538,160.35,2023-12-18,1
GC000290,CUST01041,59.95,2023-11-15,1
GC000291,CUST00315,40.73,2023-11-28,1
GC000292,CUST00077,180.94,2024-05-04,0
GC000293,CUST02947,404.32,2024-09-03,1
GC000294,CUST01641,460.17,2023-12-03,0
GC000295,CUST00712,449.41,2025-01-05,1
GC000296,CUST01538,460.8,2024-08-20,0
GC000297,CUST01868,454.79,2024-07-16,0
GC000298,CUST00854,268.34,2025-05-01,1
GC000299,CUST01162,117.51,2024-09-20,1
GC000300,CUST01598,401.04,2024-04-03,1
GC000301,CUST02757,114.72,2024-10-21,0
GC000302,CUST01913,140.93,2024-11-20,0
GC000303,CUST00265,124.29,2023-12-14,0
GC000304,CUST00333,262.34,2023-11-14,1
GC000305,CUST02236,167.7,2024-05-09,0
GC000306,CUST01087,85.54,2024-05-09,1
GC000307,CUST00820,232.05,2023-11-14,0
GC000308,CUST01303,438.21,2024-04-21,0
GC000309,CUST01566,289.57,2025-01-25,0
GC000310,CUST01195,440.38,2024-09-29,1
GC000311,CUST01527,105.98,2025-02-27,1
GC000312,CUST00299,91.82,2025-05-20,1
GC000313,CUST02249,292.03,2024-12-06,0
GC000314,CUST01159,237.03,2024-04-01,0
GC000315,CUST00272,333.48,2025-03-17,0
GC000316,CUST00535,399.37,2023-07-03,0
GC000317,CUST02079,378.14,2024-06-23,1
GC000318,CUST01145,471.71,2025-02-09,0
GC000319,CUST00069,205.15,2023-11-16,0
GC000320,CUST02931,111.13,2024-11-24,1
GC000321,CUST00827,279.95,2024-09-22,1
GC000322,CUST02972,64.26,2024-02-10,1
GC000323,CUST01170,151.54,2023-08-11,0
GC000324,CUST00984,111.87,2023-12-09,1
GC000325,CUST00481,204.32,2023-06-19,0
GC000326,CUST02341,64.5,2025-05-12,1
GC000327,CUST02016,25.6,2024-06-17,0
GC000328,CUST01453,331.83,2023-09-19,0
GC000329,CUST02134,309.02,2023-12-14,0
GC000330,CUST01040,357.1,2024-06-04,0
GC000331,CUST02776,333.59,2024-08-27,0
GC000332,CUST00628,66.0,2024-04-27,0
GC000333,CUST00118,152.63,2025-03-03,1
GC000334,CUST02318,73.47,2023-11-27,0
GC000335,CUST02903,423.06,2023-11-19,0
GC000336,CUST00162,375.98,2024-08-23,0
GC000337,CUST02748,108.75,2023-06-13,0
GC000338,CUST01677,177.24,2023-06-27,1
GC000339,CUST00167,483.64,2024-10-01,0
GC000340,CUST00300,301.14,2023-08-31,0
GC000341,CUST02076,402.57,2023-11-04,1
GC000342,CUST00562,139.65,2023-11-04,0
GC000343,CUST02931,112.93,2023-07-09,1
GC000344,CUST02204,394.12,2024-03-06,0
GC000345,CUST01348,346.08,2024-11-28,0
GC000346,CUST01145,343.68,2025-02-11,1
GC000347,CUST02700,280.79,2024-11-18,1
GC000348,CUST01552,286.15,2023-10-03,1
GC000349,CUST02869,370.49,2023-09-02,0
GC000350,CUST00561,142.3,2024-08-10,1
GC000351,CUST01188,182.86,2024-11-12,1
GC000352,CUST01690,437.1,2025-01-06,0
GC000353,CUST00312,161.34,2025-03-02,0
GC000354,CUST02424,277.69,2025-04-27,0
GC000355,CUST01370,354.29,2024-12-23,1
GC000356,CUST02198,499.96,2024-04-19,0
GC000357,CUST01912,223.29,2023-06-21,1
GC000358,CUST02633,219.77,2024-08-13,1
GC000359,CUST00581,422.87,2024-04-23,1
GC000360,CUST00977,404.7,2023-12-17,1
GC000361,CUST00177,368.23,2024-12-31,0
GC000362,CUST02402,236.98,2023-10-07,0
GC000363,CUST00514,168.73,2023-11-15,1
GC000364,CUST02357,308.28,2023-09-08,1
GC000365,CUST00119,439.35,2023-11-06,0
GC000366,CUST01543,443.05,2024-07-07,0
GC000367,CUST00767,63.16,2024-10-24,1
GC000368,CUST00973,219.89,2025-02-28,1
GC000369,CUST00916,237.71,2023-07-26,1
GC000370,CUST02526,489.03,2023-09-26,1
GC000371,CUST01438,342.22,2024-12-23,1
GC000372,CUST00587,209.55,2023-06-10,0
GC000373,CUST00351,22.77,2024-02-11,1
GC000374,CUST01530,287.04,2024-04-25,0
GC000375,CUST02243,57.08,2024-03-04,1
GC000376,CUST01474,418.88,2024-07-07,0
GC000377,CUST00496,378.73,2025-04-07,1
GC000378,CUST02563,235.65,2023-11-10,0
GC000379,CUST02744,220.31,2023-11-19,0
GC000380,CUST01871,449.7,2024-04-02,1
GC000381,CUST00273,151.34,2024-10-19,1
GC000382,CUST02928,132.02,2024-10-11,0
GC000383,CUST02100,470.21,2024-03-24,0
GC000384,CUST00263,406.53,2024-08-04,0
GC000385,CUST02181,412.11,2024-02-09,1
GC000386,CUST02358,105.64,2023-09-04,0
GC000387,CUST01597,80.22,2023-09-27,1
GC000388,CUST02064,22.75,2024-03-19,1
GC000389,CUST01765,126.15,2024-10-24,1
GC000390,CUST00195,389.35,2024-11-25,1
GC000391,CUST01787,127.62,2025-05-12,1
GC000392,CUST01467,367.26,2025-04-12,1
GC000393,CUST02351,133.44,2023-09-25,0
GC000394,CUST01072,203.69,2023-09-02,0
GC000395,CUST01771,491.75,2025-04-21,1
GC000396,CUST01145,129.96,2023-10-20,0
GC000397,CUST01523,194.42,2024-11-16,0
GC000398,CUST00832,157.53,2024-08-03,1
GC000399,CUST00562,63.72,2023-06-15,0
GC000400,CUST00041,250.05,2023-11-19,1
GC000401,CUST01480,195.56,2023-06-04,1
GC000402,CUST02582,350.49,2024-02-26,1
GC000403,CUST00371,410.62,2024-02-01,1
GC000404,CUST01206,276.68,2023-10-01,0
GC000405,CUST02565,25.78,2024-02-21,0
GC000406,CUST00657,313.27,2024-12-19,1
GC000407,CUST00590,37.14,2024-09-13,0
GC000408,CUST00231,312.01,2024-07-14,1
GC000409,CUST00809,345.66,2023-11-03,1
GC000410,CUST01372,106.91,2023-11-16,0
GC000411,CUST00479,411.48,2023-11-07,0
GC000412,CUST01233,456.43,2024-12-05,1
GC000413,CUST02723,408.41,2025-05-13,0
GC000414,CUST02326,159.5,2023-06-01,1
GC000415,CUST01773,297.46,2025-05-14,1
GC000416,CUST02101,458.26,2024-02-27,0
GC000417,CUST01885,167.13,2024-07-23,1
GC000418,CUST01034,411.81,2025-01-27,0
GC000419,CUST01763,14.64,2023-06-06,1
GC000420,CUST00748,11.79,2024-03-12,1
GC000421,CUST00464,382.26,2024-12-10,1
GC000422,CUST00754,383.11,2024-11-11,1
GC000423,CUST01841,396.6,2025-05-11,1
GC000424,CUST00583,465.71,2024-04-22,0
GC000425,CUST02206,67.77,2024-07-24,1
GC000426,CUST00019,123.67,2023-11-15,0
GC000427,CUST00055,452.83,2024-11-14,0
GC000428,CUST01751,96.85,2023-11-22,0
GC000429,CUST00721,344.29,2024-05-22,1
GC000430,CUST02809,269.93,2024-09-14,0
GC000431,CUST01564,50.76,2025-04-27,0
GC000432,CUST02856,149.78,2024-03-11,0
GC000433,CUST02771,264.98,2024-06-17,1
GC000434,CUST02333,427.65,2024-12-17,1
GC000435,CUST01556,356.69,2023-12-14,1
GC000436,CUST02559,314.72,2024-09-09,1
GC000437,CUST01420,253.06,2024-12-20,0
GC000438,CUST02168,156.36,2023-12-15,1
GC000439,CUST02145,68.43,2025-04-26,0
GC000440,CUST02168,210.45,2024-08-19,1
GC000441,CUST01561,23.97,2024-11-15,0
GC000442,CUST01177,113.42,2025-04-12,1
GC000443,CUST01269,221.92,2023-10-18,1
GC000444,CUST01796,215.12,2024-05-31,1
GC000445,CUST02441,31.7,2024-03-20,1
GC000446,CUST01167,298.64,2024-05-03,0
GC000447,CUST02842,279.35,2024-07-08,1
GC000448,CUST01871,48.27,2024-12-10,1
GC000449,CUST02268,472.15,2023-08-12,1
GC000450,CUST02887,58.7,2024-12-31,0
GC000451,CUST00160,428.87,2024-06-06,1
GC000452,CUST02659,10.15,2023-08-28,1
GC000453,CUST00639,442.32,2023-11-01,0
GC000454,CUST01056,19.66,2024-10-27,0
GC000455,CUST02825,381.33,2023-10-06,0
GC000456,CUST00334,187.23,2024-03-20,1
GC000457,CUST00892,371.73,2023-12-28,0
GC000458,CUST02988,206.86,2025-01-29,1
GC000459,CUST02017,44.74,2024-07-15,0
GC000460,CUST00352,386.08,2024-12-06,1
GC000461,CUST01363,44.91,2025-02-24,0
GC000462,CUST00926,461.84,2023-07-03,0
GC000463,CUST01424,34.98,2024-05-10,0
GC000464,CUST02444,244.87,2024-02-21,1
GC000465,CUST02578,364.29,2024-05-21,0
GC000466,CUST02406,202.69,2025-03-24,1
GC000467,CUST01420,116.44,2023-10-06,0
GC000468,CUST02876,381.95,2025-05-20,0
GC000469,CUST00060,394.3,2024-05-25,0
GC000470,CUST02525,462.12,2024-05-12,1
GC000471,CUST02660,194.32,2025-04-02,1
GC000472,CUST00001,258.06,2023-06-11,1
GC000473,CUST01579,187.93,2023-11-16,0
GC000474,CUST00311,135.97,2023-08-07,1
GC000475,CUST02216,378.01,2024-01-14,1
GC000476,CUST02240,176.43,2023-06-19,0
GC000477,CUST00708,219.79,2024-10-23,0
GC000478,CUST01182,207.8,2024-11-19,1
GC000479,CUST01781,359.2,2024-09-01,1
GC000480,CUST01524,459.72,2024-01-28,0
GC000481,CUST02414,336.71,2023-06-09,1
GC000482,CUST01364,241.08,2025-03-28,0
GC000483,CUST00858,391.81,2023-09-05,0
GC000484,CUST02375,324.08,2024-03-05,1
GC000485,CUST02162,39.7,2025-01-16,1
GC000486,CUST02845,56.88,2023-12-20,0
GC000487,CUST00919,28.58,2024-07-14,1
GC000488,CUST00609,233.84,2024-04-20,0
GC000489,CUST00309,414.67,2023-07-22,1
GC000490,CUST02449,163.41,2023-12-17,0
GC000491,CUST01344,198.24,2023-10-11,1
GC000492,CUST00212,455.64,2024-01-20,1
GC000493,CUST02365,420.08,2024-01-29,0
GC000494,CUST00185,335.87,2024-07-31,1
GC000495,CUST01229,140.73,2024-07-13,0
GC000496,CUST01388,67.35,2024-08-22,1
GC000497,CUST01240,17.87,2024-08-23,1
GC000498,CUST00246,62.44,2024-04-13,1
GC000499,CUST00239,153.37,2023-09-21,1
GC000500,CUST01829,280.38,2025-01-18,0
GC000501,CUST01415,41.36,2024-04-03,0
GC000502,CUST00520,76.75,2025-02-14,1
GC000503,CUST01614,98.73,2024-10-06,0
GC000504,CUST00277,319.67,2023-11-03,0
GC000505,CUST01006,311.74,2024-03-04,1
GC000506,CUST02250,279.88,2024-12-16,0
GC000507,CUST00214,132.75,2024-02-28,0
GC000508,CUST00606,191.85,2025-04-17,1
GC000509,CUST00478,57.38,2025-02-05,1
GC000510,CUST00508,120.97,2023-12-13,1
GC000511,CUST01099,449.88,2024-02-18,1
GC000512,CUST02717,490.05,2024-11-05,0
GC000513,CUST02713,327.35,2024-05-23,1
GC000514,CUST01978,459.24,2025-01-16,0
GC000515,CUST00142,324.94,2024-04-27,0
GC000516,CUST02370,26.27,2024-03-19,1
GC000517,CUST01718,498.41,2023-06-30,0
GC000518,CUST00461,58.49,2024-07-01,0
GC000519,CUST02755,344.49,2025-04-21,0
GC000520,CUST00670,133.89,2024-09-23,1
GC000521,CUST02102,202.07,2023-06-20,0
GC000522,CUST02325,326.51,2023-11-11,1
GC000523,CUST01845,223.88,2024-04-18,1
GC000524,CUST01619,132.77,2023-07-27,0
GC000525,CUST00400,173.88,2024-08-08,0
GC000526,CUST00668,177.36,2023-10-04,1
GC000527,CUST02564,480.07,2024-06-27,1
GC000528,CUST01523,401.32,2024-10-08,1
GC000529,CUST01335,234.69,2024-09-12,1
GC000530,CUST01295,107.91,2025-02-03,1
GC000531,CUST02624,407.4,2024-08-02,0
GC000532,CUST01473,87.02,2023-12-18,1
GC000533,CUST02160,113.13,2023-08-26,0
GC000534,CUST00239,189.35,2024-11-01,1
GC000535,CUST01044,441.37,2023-12-21,0
GC000536,CUST01313,74.58,2024-07-08,1
GC000537,CUST01617,69.89,2023-07-01,0
GC000538,CUST02245,252.05,2025-03-31,0
GC000539,CUST02430,145.44,2025-03-18,1
GC000540,CUST01722,288.68,2024-09-23,0
GC000541,CUST01741,231.3,2024-03-24,1
GC000542,CUST01516,223.13,2024-06-02,1
GC000543,CUST02212,64.87,2024-08-10,0
GC000544,CUST02654,79.11,2024-08-03,0
GC000545,CUST01273,412.33,2025-03-20,1
GC000546,CUST02903,444.08,2025-01-12,1
GC000547,CUST01045,124.99,2024-11-03,1
GC000548,CUST02879,65.6,2025-02-02,0
GC000549,CUST01536,36.17,2024-05-23,0
GC000550,CUST02645,308.07,2024-03-28,1
GC000551,CUST00536,360.52,2023-09-20,0
GC000552,CUST02159,192.68,2024-03-31,0
GC000553,CUST00949,343.04,2024-06-19,0
GC000554,CUST00863,359.35,2025-01-26,1
GC000555,CUST02643,468.32,2023-11-02,1
GC000556,CUST01022,41.79,2023-10-11,0
GC000557,CUST02508,104.22,2024-07-03,0
GC000558,CUST00434,43.58,2024-05-31,1
GC000559,CUST01404,435.32,2024-05-30,0
GC000560,CUST02936,398.37,2024-06-23,1
GC000561,CUST00783,291.57,2024-11-07,1
GC000562,CUST00988,51.0,2023-09-05,1
GC000563,CUST00169,143.92,2023-08-14,1
GC000564,CUST00709,155.88,2024-10-18,1
GC000565,CUST00965,284.76,2023-08-03,1
GC000566,CUST02775,136.44,2023-12-16,1
GC000567,CUST01603,45.75,2024-01-21,0
GC000568,CUST00229,368.07,2023-06-07,1
GC000569,CUST01185,156.55,2024-09-16,0
GC000570,CUST00427,231.66,2024-05-29,0
GC000571,CUST00122,72.56,2024-09-17,0
GC000572,CUST02197,403.25,2023-09-04,1
GC000573,CUST02900,287.11,2024-01-27,0
GC000574,CUST02753,451.78,2024-07-28,1
GC000575,CUST00111,252.78,2023-09-01,1
GC000576,CUST01245,471.3,2024-01-03,0
GC000577,CUST01928,447.02,2023-09-13,0
GC000578,CUST00064,292.47,2024-05-25,0
GC000579,CUST02686,467.61,2023-06-10,0
GC000580,CUST01378,168.31,2024-06-11,1
GC000581,CUST00909,189.16,2023-06-07,0
GC000582,CUST01772,32.28,2025-03-21,0
GC000583,CUST01509,298.71,2024-04-06,0
GC000584,CUST00013,363.74,2023-09-25,0
GC000585,CUST02982,389.02,2024-04-10,0
GC000586,CUST01177,83.41,2024-06-23,1
GC000587,CUST00239,227.64,2024-02-26,1
GC000588,CUST00663,96.66,2025-03-29,1
GC000589,CUST01110,334.44,2024-04-26,0
GC000590,CUST00694,87.39,2024-12-02,0
GC000591,CUST01182,453.04,2023-06-28,1
GC000592,CUST01505,123.01,2024-08-23,1
GC000593,CUST01903,152.79,2024-05-19,1
GC000594,CUST00076,426.94,2024-02-18,1
GC000595,CUST00329,234.65,2023-05-26,0
GC000596,CUST01440,21.76,2024-06-05,0
GC000597,CUST01253,252.35,2023-09-26,0
GC000598,CUST02200,51.43,2024-02-19,1
GC000599,CUST00072,492.82,2024-09-17,1
GC000600,CUST00225,298.17,2024-08-11,1
GC000601,CUST02521,135.7,2023-09-04,0
GC000602,CUST02408,286.22,2025-01-14,0
GC000603,CUST02588,47.66,2023-06-01,1
GC000604,CUST00811,401.95,2025-01-21,0
GC000605,CUST02657,463.41,2024-03-15,1
GC000606,CUST02049,438.48,2024-02-16,1
GC000607,CUST00678,177.46,2024-07-02,1
GC000608,CUST00291,169.63,2023-07-03,0
GC000609,CUST01482,27.19,2025-01-15,1
GC000610,CUST02252,329.19,2023-06-13,1
GC000611,CUST01226,272.1,2024-11-17,0
GC000612,CUST00566,235.08,2025-04-16,1
GC000613,CUST02530,454.74,2025-04-22,1
GC000614,CUST01816,92.26,2024-03-01,0
GC000615,CUST00511,14.74,2023-09-02,1
GC000616,CUST00924,45.93,2023-09-15,1
GC000617,CUST02326,119.45,2024-10-09,1
GC000618,CUST00016,26.31,2023-08-19,0
GC000619,CUST02404,256.39,2025-04-03,1
GC000620,CUST00356,163.9,2024-09-11,1
GC000621,CUST00830,98.44,2023-08-07,1
GC000622,CUST02647,377.54,2025-01-30,0
GC000623,CUST01102,110.18,2024-05-11,0
GC000624,CUST02976,346.93,2023-07-21,0
GC000625,CUST01091,181.14,2023-12-26,1
GC000626,CUST02907,260.8,2024-08-31,0
GC000627,CUST01747,467.59,2024-09-21,1
GC000628,CUST00214,28.3,2024-01-17,0
GC000629,CUST01721,255.13,2024-08-14,0
GC000630,CUST00449,428.67,2023-06-26,0
GC000631,CUST01569,298.11,2024-07-23,0
GC000632,CUST02835,145.67,2023-10-06,1
GC000633,CUST02547,204.86,2024-06-01,0
GC000634,CUST00710,343.33,2024-04-13,1
GC000635,CUST00380,446.5,2024-12-21,1
GC000636,CUST02788,30.12,2023-11-24,1
GC000637,CUST02680,45.05,2024-03-27,0
GC000638,CUST01889,169.28,2023-06-20,0
GC000639,CUST01048,124.06,2024-08-15,1
GC000640,CUST00539,139.82,2023-10-22,0
GC000641,CUST02993,118.42,2024-12-01,1
GC000642,CUST00753,105.95,2024-09-28,0
GC000643,CUST00535,74.01,2023-11-03,0
GC000644,CUST00673,467.64,2025-02-21,1
GC000645,CUST01065,80.65,2023-08-06,0
GC000646,CUST00568,110.16,2024-09-30,1
GC000647,CUST01437,130.67,2024-01-14,1
GC000648,CUST00415,467.18,2024-08-15,0
GC000649,CUST00449,380.3,2024-01-17,0
GC000650,CUST00610,396.95,2025-03-25,0
GC000651,CUST02706,61.33,2024-05-10,1
GC000652,CUST02002,419.79,2024-10-11,0
GC000653,CUST01798,210.01,2024-11-19,0
GC000654,CUST02484,138.78,2023-11-19,0
GC000655,CUST00705,292.12,2023-12-15,0
GC000656,CUST02287,412.87,2024-07-23,1
GC000657,CUST01066,391.54,2023-09-05,0
GC000658,CUST00734,446.1,2024-03-27,1
GC000659,CUST00800,464.78,2023-09-28,0
GC000660,CUST02058,126.68,2023-05-29,0
GC000661,CUST02795,217.69,2025-01-29,0
GC000662,CUST01861,17.17,2024-04-16,1
GC000663,CUST02187,440.87,2023-09-12,1
GC000664,CUST01891,85.74,2023-06-01,0
GC000665,CUST00731,432.12,2025-04-20,1
GC000666,CUST00196,171.4,2024-01-02,1
GC000667,CUST01098,190.39,2025-02-26,0
GC000668,CUST01639,29.17,2025-05-12,0
GC000669,CUST01659,170.17,2023-10-14,0
GC000670,CUST01126,445.3,2025-03-11,0
GC000671,CUST00264,22.52,2024-07-05,0
GC000672,CUST02993,209.1,2024-10-02,0
GC000673,CUST00920,25.39,2023-09-23,1
GC000674,CUST00161,191.75,2023-12-16,0
GC000675,CUST01257,94.59,2023-12-16,0
GC000676,CUST02539,133.59,2023-09-18,0
GC000677,CUST01811,440.02,2024-07-01,0
GC000678,CUST00770,223.66,2023-08-22,1
GC000679,CUST00311,144.16,2024-05-29,1
GC000680,CUST00227,298.78,2025-04-19,1
GC000681,CUST00273,79.63,2025-05-14,0
GC000682,CUST02986,137.1,2023-08-30,0
GC000683,CUST00317,277.66,2024-01-31,1
GC000684,CUST01923,126.39,2023-05-30,1
GC000685,CUST02339,342.77,2024-11-12,0
GC000686,CUST01493,250.83,2024-05-05,0
GC000687,CUST02777,388.27,2025-05-10,0
GC000688,CUST01895,474.64,2023-12-06,0
GC000689,CUST01602,66.74,2025-04-05,0
GC000690,CUST01793,173.99,2024-06-30,1
GC000691,CUST01451,166.58,2024-09-12,0
GC000692,CUST02423,84.08,2025-02-26,1
GC000693,CUST01926,407.05,2024-09-27,0
GC000694,CUST00567,382.34,2025-01-19,1
GC000695,CUST02916,247.37,2024-10-31,1
GC000696,CUST02803,273.51,2025-05-25,1
GC000697,CUST00252,39.18,2023-07-30,0
GC000698,CUST01557,282.2,2024-10-02,0
GC000699,CUST02355,397.76,2024-02-15,0
GC000700,CUST00675,291.18,2024-10-27,1
GC000701,CUST02916,140.0,2025-03-12,1
GC000702,CUST02312,337.1,2023-09-28,0
GC000703,CUST02116,187.13,2025-01-09,1
GC000704,CUST01603,276.99,2025-03-15,1
GC000705,CUST00514,248.91,2024-02-13,1
GC000706,CUST02817,196.78,2024-02-05,1
GC000707,CUST00442,362.25,2024-01-31,0
GC000708,CUST00001,443.1,2023-06-15,1
GC000709,CUST02406,12.55,2024-04-30,0
GC000710,CUST01139,467.47,2024-02-24,1
GC000711,CUST00903,260.64,2024-10-31,1
GC000712,CUST01624,353.36,2023-07-23,0
GC000713,CUST01221,429.26,2024-10-08,1
GC000714,CUST02322,238.88,2024-10-01,0
GC000715,CUST00856,419.14,2024-01-12,0
GC000716,CUST01018,97.03,2024-07-03,0
GC000717,CUST01184,87.99,2024-12-26,0
GC000718,CUST02221,332.16,2024-10-28,0
GC000719,CUST00585,436.37,2023-07-03,0
GC000720,CUST02977,447.29,2025-02-14,0
GC000721,CUST02529,325.43,2025-03-17,1
GC000722,CUST00455,267.49,2024-08-10,0
GC000723,CUST00196,172.38,2023-06-17,1
GC000724,CUST02844,490.2,2024-09-14,1
GC000725,CUST00599,166.65,2024-01-07,1
GC000726,CUST01333,374.65,2025-05-22,0
GC000727,CUST01760,270.67,2023-10-20,0
GC000728,CUST00556,308.17,2023-12-22,1
GC000729,CUST02896,202.81,2023-09-09,0
GC000730,CUST01518,482.76,2023-08-01,1
GC000731,CUST00439,290.12,2024-04-24,1
GC000732,CUST02698,469.52,2024-01-01,1
GC000733,CUST00359,13.72,2025-04-17,0
GC000734,CUST01058,290.61,2023-08-16,1
GC000735,CUST01112,361.42,2024-03-14,0
GC000736,CUST02706,375.09,2025-04-24,1
GC000737,CUST02064,453.44,2023-07-14,0
GC000738,CUST02793,12.16,2025-01-16,1
GC000739,CUST00421,10.16,2023-09-09,0
GC000740,CUST00553,241.41,2025-03-09,1
GC000741,CUST02815,24.35,2025-03-16,0
GC000742,CUST02841,487.52,2023-06-28,0
GC000743,CUST01150,118.81,2024-03-25,0
GC000744,CUST01032,241.61,2024-08-09,1
GC000745,CUST01492,39.96,2024-06-03,1
GC000746,CUST00880,265.8,2025-02-07,1
GC000747,CUST01886,196.18,2023-07-13,0
GC000748,CUST00852,31.88,2024-03-26,0
GC000749,CUST00510,174.21,2023-10-11,1
GC000750,CUST01860,201.8,2023-09-25,1
GC000751,CUST01764,495.06,2024-11-17,0
GC000752,CUST00966,111.86,2024-10-27,1
GC000753,CUST01859,276.94,2024-07-30,0
GC000754,CUST00914,493.78,2023-06-24,0
GC000755,CUST01391,398.09,2024-08-18,0
GC000756,CUST01512,496.75,2023-11-25,1
GC000757,CUST02066,484.47,2025-03-01,0
GC000758,CUST02104,249.87,2024-01-08,1
GC000759,CUST02967,351.22,2024-05-29,0
GC000760,CUST01059,64.12,2025-02-07,1
GC000761,CUST02950,226.16,2023-06-14,1
GC000762,CUST02678,406.42,2025-03-27,0
GC000763,CUST00794,257.61,2023-07-11,0
GC000764,CUST01597,354.32,2025-01-18,0
GC000765,CUST01807,375.42,2024-12-29,0
GC000766,CUST00347,134.2,2023-09-20,1
GC000767,CUST01056,439.09,2024-03-27,1
GC000768,CUST00908,235.31,2023-08-06,1
GC000769,CUST01024,112.99,2024-01-19,1
GC000770,CUST00576,434.05,2025-02-20,1
GC000771,CUST00199,214.73,2025-05-09,0
GC000772,CUST01366,377.65,2023-05-28,0
GC000773,CUST01999,278.54,2024-07-24,1
GC000774,CUST01255,197.12,2025-02-02,0
GC000775,CUST02349,406.84,2024-12-26,0
GC000776,CUST01017,296.39,2024-02-20,0
GC000777,CUST00026,201.38,2023-08-25,0
GC000778,CUST01559,63.7,2023-08-23,0
GC000779,CUST02498,448.77,2024-12-05,0
GC000780,CUST02368,27.38,2024-12-16,1
GC000781,CUST02204,432.96,2024-05-30,0
GC000782,CUST00471,186.38,2024-03-04,0
GC000783,CUST02468,323.28,2023-11-06,1
GC000784,CUST00651,461.88,2023-07-28,1
GC000785,CUST00886,84.34,2025-05-13,1
GC000786,CUST00930,287.81,2023-08-02,0
GC000787,CUST01745,384.57,2023-10-25,1
GC000788,CUST02883,381.22,2025-02-16,0
GC000789,CUST00876,267.56,2024-12-05,1
GC000790,CUST00942,316.12,2025-05-07,0
GC000791,CUST01309,381.19,2024-08-13,0
GC000792,CUST00572,422.1,2024-08-24,1
GC000793,CUST00054,383.29,2024-09-21,0
GC000794,CUST00605,183.46,2024-09-07,0
GC000795,CUST00325,498.4,2024-07-25,0
GC000796,CUST00885,222.91,2024-03-25,0
GC000797,CUST00265,21.99,2024-12-24,1
GC000798,CUST00382,187.68,2024-04-18,1
GC000799,CUST01237,72.61,2023-06-14,1
GC000800,CUST02381,69.51,2025-05-06,0
GC000801,CUST01382,147.95,2024-12-25,1
GC000802,CUST02251,36.15,2024-12-19,1
GC000803,CUST02106,347.37,2024-06-15,0
GC000804,CUST01518,46.25,2024-11-12,1
GC000805,CUST01534,109.61,2025-02-26,1
GC000806,CUST01792,55.52,2023-08-26,1
GC000807,CUST00547,40.95,2025-02-25,0
GC000808,CUST00871,141.2,2024-11-16,1
GC000809,CUST02151,290.23,2024-05-31,1
GC000810,CUST01224,482.7,2024-09-17,1
GC000811,CUST00865,439.02,2023-12-10,0
GC000812,CUST01966,439.21,2023-08-11,0
GC000813,CUST00398,96.27,2024-07-13,1
GC000814,CUST01762,139.8,2025-01-21,1
GC000815,CUST00392,47.43,2025-04-11,1
GC000816,CUST02154,391.45,2024-09-21,0
GC000817,CUST01613,44.21,2024-04-21,0
GC000818,CUST01078,282.78,2025-03-06,1
GC000819,CUST01301,131.46,2024-05-09,1
GC000820,CUST02159,129.29,2024-08-03,0
GC000821,CUST02272,495.46,2023-11-28,0
GC000822,CUST02123,380.82,2023-07-31,1
GC000823,CUST02554,420.1,2024-04-01,0
GC000824,CUST02818,290.27,2023-12-26,1
GC000825,CUST02530,436.8,2024-06-23,1
GC000826,CUST00364,326.29,2024-08-17,0
GC000827,CUST02287,473.63,2025-02-19,1
GC000828,CUST01425,147.86,2024-02-24,1
GC000829,CUST00846,301.71,2024-09-25,1
GC000830,CUST01328,348.16,2024-06-26,1
GC000831,CUST00392,202.54,2023-06-04,1
GC000832,CUST01041,441.06,2023-06-09,1
GC000833,CUST02060,490.1,2024-08-10,1
GC000834,CUST02047,251.95,2024-03-11,0
GC000835,CUST00146,201.41,2024-09-20,0
GC000836,CUST01306,241.25,2025-05-13,1
GC000837,CUST01573,427.84,2023-12-08,0
GC000838,CUST02217,326.28,2025-01-09,1
GC000839,CUST02895,31.94,2024-09-21,1
GC000840,CUST02218,275.66,2023-11-02,0
GC000841,CUST02033,18.48,2024-07-05,1
GC000842,CUST00765,391.48,2023-06-05,1
GC000843,CUST01370,170.87,2024-04-04,0
GC000844,CUST00499,241.28,2023-12-11,0
GC000845,CUST01967,401.35,2023-10-02,0
GC000846,CUST01166,32.76,2024-06-15,0
GC000847,CUST02945,87.69,2024-07-02,0
GC000848,CUST01761,205.0,2025-03-02,0
GC000849,CUST00118,122.66,2024-03-24,1
GC000850,CUST00365,175.57,2023-08-22,0
GC000851,CUST01982,499.11,2024-01-30,0
GC000852,CUST00136,414.45,2024-05-04,1
GC000853,CUST01101,443.11,2024-03-08,1
GC000854,CUST01872,469.16,2024-09-27,0
GC000855,CUST02605,177.06,2023-06-26,1
GC000856,CUST00018,155.57,2024-07-23,1
GC000857,CUST01891,124.69,2025-01-07,1
GC000858,CUST02451,416.76,2024-04-11,1
GC000859,CUST00205,342.98,2024-12-25,1
GC000860,CUST00499,125.72,2023-08-18,1
GC000861,CUST02372,194.73,2024-02-23,1
GC000862,CUST00595,258.29,2023-12-23,0
GC000863,CUST00562,268.79,2024-05-20,1
GC000864,CUST01305,445.48,2024-08-12,0
GC000865,CUST02527,196.48,2024-07-17,1
GC000866,CUST02212,455.18,2023-06-12,1
GC000867,CUST02372,226.27,2024-08-31,0
GC000868,CUST02599,375.72,2023-10-15,1
GC000869,CUST02879,465.82,2024-05-08,1
GC000870,CUST00640,454.71,2023-08-09,0
GC000871,CUST01927,37.91,2024-04-06,1
GC000872,CUST02682,110.8,2024-05-13,1
GC000873,CUST02807,243.68,2024-05-25,0
GC000874,CUST02256,221.46,2023-06-24,0
GC000875,CUST00315,324.04,2024-07-31,1
GC000876,CUST02352,472.91,2024-03-07,0
GC000877,CUST00901,65.08,2025-01-04,1
GC000878,CUST02287,231.41,2023-12-28,1
GC000879,CUST01751,104.28,2024-05-28,0
GC000880,CUST00804,448.11,2025-02-08,0
GC000881,CUST01561,482.64,2024-04-21,0
GC000882,CUST01453,244.56,2024-08-13,0
GC000883,CUST01244,60.97,2025-04-24,1
GC000884,CUST02323,394.79,2023-09-05,0
GC000885,CUST01671,351.6,2025-04-07,0
GC000886,CUST02028,183.79,2024-03-10,1
GC000887,CUST01769,444.83,2024-10-19,1
GC000888,CUST02001,488.16,2024-07-04,1
GC000889,CUST01090,283.35,2023-11-02,1
GC000890,CUST01447,287.21,2024-02-01,1
GC000891,CUST02303,155.78,2024-09-06,1
GC000892,CUST02173,296.41,2025-04-05,1
GC000893,CUST01170,225.42,2023-08-14,1
GC000894,CUST00615,158.07,2023-08-12,1
GC000895,CUST02433,42.92,2023-11-30,0
GC000896,CUST02495,133.83,2023-10-28,0
GC000897,CUST00387,106.95,2023-12-16,1
GC000898,CUST02431,275.6,2024-05-24,0
GC000899,CUST01406,304.82,2024-07-26,1
GC000900,CUST00124,308.2,2025-03-01,1
GC000901,CUST01814,200.21,2023-12-12,1
GC000902,CUST01625,216.4,2024-08-07,1
GC000903,CUST01182,418.78,2023-07-22,0
GC000904,CUST00728,243.35,2024-10-14,0
GC000905,CUST02944,494.01,2025-03-22,1
GC000906,CUST01142,225.41,2023-09-09,0
GC000907,CUST02376,328.29,2024-04-19,0
GC000908,CUST02742,34.68,2025-01-22,1
GC000909,CUST00359,330.14,2023-09-05,1
GC000910,CUST02845,427.2,2023-06-29,0
GC000911,CUST00443,471.8,2024-11-09,0
GC000912,CUST02212,498.69,2024-11-29,1
GC000913,CUST00973,148.27,2024-12-12,1
GC000914,CUST00361,291.93,2024-11-17,0
GC000915,CUST02633,230.85,2024-05-31,1
GC000916,CUST00853,286.27,2023-10-23,1
GC000917,CUST01625,87.15,2023-07-06,1
GC000918,CUST01612,429.51,2023-09-12,0
GC000919,CUST01757,455.69,2024-03-27,0
GC000920,CUST01024,230.33,2024-03-03,1
GC000921,CUST01908,147.41,2023-05-26,0
GC000922,CUST01931,79.01,2024-08-29,1
GC000923,CUST00241,345.04,2023-08-22,0
GC000924,CUST00666,162.99,2024-11-05,0
GC000925,CUST02613,455.67,2023-09-15,0
GC000926,CUST01166,338.8,2024-08-27,1
GC000927,CUST02880,326.39,2024-12-23,1
GC000928,CUST00976,284.11,2024-06-06,1
GC000929,CUST02040,32.43,2025-05-21,0
GC000930,CUST02079,466.64,2023-09-08,1
GC000931,CUST00223,317.69,2023-07-27,1
GC000932,CUST01828,497.09,2023-06-19,1
GC000933,CUST02314,273.3,2024-08-06,1
GC000934,CUST01306,357.95,2025-03-28,0
GC000935,CUST00788,37.54,2025-03-20,1
GC000936,CUST02429,319.55,2023-12-04,1
GC000937,CUST00556,384.68,2023-12-19,0
GC000938,CUST02110,391.47,2024-11-04,1
GC000939,CUST02761,387.35,2024-04-25,0
GC000940,CUST00847,120.88,2024-04-11,0
GC000941,CUST02569,487.95,2024-08-28,0
GC000942,CUST01095,497.64,2024-06-01,1
GC000943,CUST02650,47.04,2024-01-13,0
GC000944,CUST01560,468.86,2023-06-28,0
GC000945,CUST00140,151.83,2023-08-25,0
GC000946,CUST01364,347.75,2024-07-07,1
GC000947,CUST00590,175.67,2023-07-25,0
GC000948,CUST01750,484.2,2024-09-09,0
GC000949,CUST02576,59.74,2024-03-07,0
GC000950,CUST00541,253.9,2024-05-16,1
GC000951,CUST02423,219.74,2024-03-19,0
GC000952,CUST00291,169.75,2024-08-05,0
GC000953,CUST02091,326.31,2023-10-16,1
GC000954,CUST01256,74.22,2024-04-27,1
GC000955,CUST01236,361.16,2025-04-17,1
GC000956,CUST00008,490.49,2023-07-22,0
GC000957,CUST01658,404.23,2024-10-29,0
GC000958,CUST00483,431.41,2025-01-17,0
GC000959,CUST02090,186.22,2023-05-27,0
GC000960,CUST00333,169.19,2023-07-29,1
GC000961,CUST01257,263.35,2025-02-10,0
GC000962,CUST01040,32.41,2025-04-23,1
GC000963,CUST02117,473.23,2024-11-03,0
GC000964,CUST02101,80.45,2024-03-17,0
GC000965,CUST00685,452.48,2025-02-03,0
GC000966,CUST00994,50.96,2023-06-16,1
GC000967,CUST01798,413.09,2024-06-24,1
GC000968,CUST01825,84.46,2023-10-22,1
GC000969,CUST02575,28.68,2025-04-15,1
GC000970,CUST01806,362.55,2024-03-29,0
GC000971,CUST01703,147.33,2025-04-05,0
GC000972,CUST00063,360.1,2024-09-05,0
GC000973,CUST00261,281.99,2024-10-29,0
GC000974,CUST00858,63.32,2024-01-20,0
GC000975,CUST01264,466.74,2024-04-24,1
GC000976,CUST01489,231.63,2024-02-20,1
GC000977,CUST01131,369.88,2024-10-28,0
GC000978,CUST02031,255.5,2024-12-26,0
GC000979,CUST00180,306.14,2025-05-06,0
GC000980,CUST00355,158.36,2023-11-19,0
GC000981,CUST00934,108.18,2023-10-19,1
GC000982,CUST02775,275.86,2025-01-07,0
GC000983,CUST00589,225.71,2025-02-09,0
GC000984,CUST01761,201.16,2023-10-14,0
GC000985,CUST00605,339.56,2025-03-05,0
GC000986,CUST02229,348.35,2025-04-24,1
GC000987,CUST00174,32.5,2024-12-01,0
GC000988,CUST02402,175.98,2024-07-08,1
GC000989,CUST00354,211.76,2025-05-15,1
GC000990,CUST01339,57.48,2024-11-08,0
GC000991,CUST00434,125.59,2024-09-20,0
GC000992,CUST02953,35.3,2023-07-04,0
GC000993,CUST02330,498.16,2025-02-09,0
GC000994,CUST00259,370.91,2025-04-20,0
GC000995,CUST00868,52.85,2024-11-22,1
GC000996,CUST02607,19.92,2023-12-01,1
GC000997,CUST02053,362.45,2024-12-20,1
GC000998,CUST02004,225.2,2023-08-02,1
GC000999,CUST00596,395.53,2023-12-06,1
GC001000,CUST01669,462.5,2023-11-08,0
