GiftCardTransactionID,GiftCardID,StoreID,Amount,TransactionDate
GCTX000001,GC000273,STORE054,-15.49,2024-10-24
GCTX000002,GC000598,STORE019,-43.15,2024-08-14
GCTX000003,GC000807,STORE025,80.82,2024-02-24
GCTX000004,GC000041,STORE067,-63.05,2025-04-20
GCTX000005,GC000560,STORE053,36.27,2025-01-29
GCTX000006,GC000466,STORE075,84.93,2024-08-01
GCTX000007,GC000924,STORE048,7.73,2024-09-24
GCTX000008,GC000077,STORE042,75.28,2025-02-02
GCTX000009,GC000690,STORE047,-75.03,2024-01-05
GCTX000010,GC000490,STORE042,-1.24,2025-03-05
GCTX000011,GC000769,STORE002,-8.59,2023-06-22
GCTX000012,GC000117,STORE006,-98.38,2024-07-16
GCTX000013,GC000434,STORE046,-11.35,2024-02-20
GCTX000014,GC000019,STORE066,-26.19,2023-06-08
GCTX000015,GC000994,STORE040,33.96,2025-03-01
GCTX000016,GC000571,STORE058,87.67,2024-07-07
GCTX000017,GC000196,STORE078,-82.84,2024-09-28
GCTX000018,GC000619,STORE074,-34.5,2025-02-12
GCTX000019,GC000451,STORE033,-11.19,2024-08-20
GCTX000020,GC000425,STORE062,-8.96,2025-04-11
GCTX000021,GC000394,STORE012,54.96,2024-11-21
GCTX000022,GC000284,STORE049,-11.32,2024-10-29
GCTX000023,GC000034,STORE078,-94.57,2024-11-26
GCTX000024,GC000295,STORE005,42.02,2025-01-15
GCTX000025,GC000251,STORE051,76.97,2024-02-08
GCTX000026,GC000638,STORE069,2.78,2024-05-21
GCTX000027,GC000339,STORE032,16.22,2023-08-30
GCTX000028,GC000618,STORE049,-67.41,2023-10-25
GCTX000029,GC000440,STORE060,-55.87,2024-07-14
GCTX000030,GC000180,STORE046,-52.97,2024-12-17
GCTX000031,GC000622,STORE068,-13.85,2024-06-09
GCTX000032,GC000228,STORE041,85.63,2025-04-06
GCTX000033,GC000633,STORE067,4.36,2024-05-08
GCTX000034,GC000619,STORE013,-61.58,2023-09-10
GCTX000035,GC000643,STORE018,-46.78,2025-01-11
GCTX000036,GC000023,STORE051,-23.2,2023-07-06
GCTX000037,GC000657,STORE036,24.65,2024-06-03
GCTX000038,GC000327,STORE034,-11.99,2024-08-12
GCTX000039,GC000154,STORE012,-21.51,2024-09-28
GCTX000040,GC000619,STORE005,12.95,2023-06-01
GCTX000041,GC000146,STORE048,-51.63,2023-10-20
GCTX000042,GC000252,STORE040,-84.22,2025-05-01
GCTX000043,GC000302,STORE013,-95.12,2024-03-28
GCTX000044,GC000070,STORE026,-49.75,2024-07-06
GCTX000045,GC000543,STORE014,-81.68,2023-08-30
GCTX000046,GC000093,STORE011,-32.73,2024-05-07
GCTX000047,GC000649,STORE038,54.59,2023-09-23
GCTX000048,GC000886,STORE080,43.26,2024-01-01
GCTX000049,GC000163,STORE057,22.19,2025-03-22
GCTX000050,GC000081,STORE022,70.5,2025-03-03
GCTX000051,GC000828,STORE016,-43.59,2023-05-28
GCTX000052,GC000588,STORE077,77.01,2025-02-04
GCTX000053,GC000063,STORE076,-20.15,2024-12-05
GCTX000054,GC000612,STORE029,-19.82,2023-09-03
GCTX000055,GC000436,STORE002,-18.93,2023-10-28
GCTX000056,GC000048,STORE054,-80.38,2024-01-14
GCTX000057,GC000445,STORE002,95.1,2023-08-12
GCTX000058,GC000920,STORE003,-72.3,2025-02-28
GCTX000059,GC000074,STORE056,-31.82,2024-08-27
GCTX000060,GC000826,STORE072,-36.14,2023-10-05
GCTX000061,GC000704,STORE011,-85.06,2023-06-08
GCTX000062,GC000542,STORE076,-69.55,2023-07-25
GCTX000063,GC000157,STORE032,-91.03,2024-10-09
GCTX000064,GC000487,STORE004,-41.52,2024-02-12
GCTX000065,GC000266,STORE009,73.33,2024-12-30
GCTX000066,GC000256,STORE056,-32.11,2025-02-17
GCTX000067,GC000039,STORE016,-75.26,2024-02-27
GCTX000068,GC000055,STORE071,29.14,2024-04-28
GCTX000069,GC000028,STORE010,99.32,2024-04-25
GCTX000070,GC000914,STORE036,-53.54,2025-01-09
GCTX000071,GC000937,STORE024,-44.09,2023-06-27
GCTX000072,GC000118,STORE064,94.37,2024-10-13
GCTX000073,GC000370,STORE056,-64.24,2023-07-13
GCTX000074,GC000209,STORE078,2.24,2024-01-07
GCTX000075,GC000587,STORE078,-52.07,2024-10-25
GCTX000076,GC000577,STORE022,86.47,2024-04-02
GCTX000077,GC000849,STORE052,96.3,2025-05-18
GCTX000078,GC000868,STORE050,62.94,2023-11-26
GCTX000079,GC000612,STORE047,-37.04,2024-01-06
GCTX000080,GC000558,STORE023,-19.3,2023-10-12
GCTX000081,GC000316,STORE076,-51.54,2024-10-06
GCTX000082,GC000393,STORE019,78.15,2023-10-24
GCTX000083,GC000941,STORE052,82.91,2025-05-16
GCTX000084,GC000444,STORE034,-16.23,2023-07-20
GCTX000085,GC000668,STORE029,31.31,2024-12-06
GCTX000086,GC000752,STORE061,-66.89,2024-02-22
GCTX000087,GC000865,STORE035,-13.01,2024-09-11
GCTX000088,GC000259,STORE005,26.3,2024-04-29
GCTX000089,GC000947,STORE076,-22.92,2023-11-20
GCTX000090,GC000648,STORE007,-28.48,2024-07-23
GCTX000091,GC000882,STORE041,-99.8,2023-06-20
GCTX000092,GC000198,STORE002,60.86,2024-07-10
GCTX000093,GC000699,STORE010,77.87,2024-10-08
GCTX000094,GC000628,STORE044,93.89,2024-07-15
GCTX000095,GC000445,STORE070,43.85,2023-12-21
GCTX000096,GC000570,STORE035,9.76,2024-12-14
GCTX000097,GC000582,STORE062,-46.14,2025-01-16
GCTX000098,GC000605,STORE074,99.86,2025-02-14
GCTX000099,GC000741,STORE073,17.95,2023-05-31
GCTX000100,GC000908,STORE020,36.23,2023-10-12
GCTX000101,GC000649,STORE035,36.48,2025-05-17
GCTX000102,GC000617,STORE037,69.05,2024-11-06
GCTX000103,GC000305,STORE072,-98.07,2024-07-27
GCTX000104,GC000339,STORE054,-55.95,2023-11-16
GCTX000105,GC000529,STORE080,33.11,2023-06-01
GCTX000106,GC000054,STORE028,79.03,2024-12-17
GCTX000107,GC000112,STORE070,37.07,2024-07-15
GCTX000108,GC000684,STORE032,-17.3,2023-05-26
GCTX000109,GC000928,STORE011,-27.69,2024-05-25
GCTX000110,GC000419,STORE042,47.59,2024-08-24
GCTX000111,GC000974,STORE023,48.25,2025-02-25
GCTX000112,GC000305,STORE030,21.41,2025-02-03
GCTX000113,GC000438,STORE009,-41.71,2024-12-26
GCTX000114,GC000656,STORE059,85.03,2025-04-20
GCTX000115,GC000085,STORE028,10.38,2025-04-22
GCTX000116,GC000524,STORE079,58.1,2024-02-17
GCTX000117,GC000252,STORE033,-57.14,2024-07-28
GCTX000118,GC000728,STORE047,-31.19,2024-09-17
GCTX000119,GC000126,STORE022,74.92,2023-12-21
GCTX000120,GC000610,STORE029,-89.98,2024-02-18
GCTX000121,GC000904,STORE034,2.46,2024-04-04
GCTX000122,GC000405,STORE042,-3.66,2023-05-29
GCTX000123,GC000304,STORE052,50.25,2023-09-24
GCTX000124,GC000904,STORE047,-43.62,2025-02-16
GCTX000125,GC000028,STORE074,-56.19,2024-07-18
GCTX000126,GC000848,STORE051,85.23,2024-02-16
GCTX000127,GC000266,STORE045,14.34,2025-03-01
GCTX000128,GC000052,STORE075,-79.06,2023-05-30
GCTX000129,GC000655,STORE034,-61.39,2025-05-19
GCTX000130,GC000644,STORE021,99.77,2023-07-26
GCTX000131,GC000858,STORE013,-60.88,2024-05-06
GCTX000132,GC000511,STORE054,22.1,2024-07-31
GCTX000133,GC000207,STORE025,-15.97,2024-04-08
GCTX000134,GC000996,STORE021,77.12,2023-07-22
GCTX000135,GC000992,STORE001,51.03,2024-01-08
GCTX000136,GC000574,STORE058,19.39,2024-03-17
GCTX000137,GC000875,STORE069,-97.85,2024-12-15
GCTX000138,GC000511,STORE071,75.96,2025-05-07
GCTX000139,GC000998,STORE013,-11.07,2024-03-12
GCTX000140,GC000644,STORE052,86.32,2024-06-11
GCTX000141,GC000553,STORE023,-0.89,2024-05-23
GCTX000142,GC000201,STORE021,38.84,2024-04-29
GCTX000143,GC000611,STORE006,-86.14,2025-05-11
GCTX000144,GC000823,STORE020,49.03,2024-02-06
GCTX000145,GC000284,STORE076,-32.4,2023-09-20
GCTX000146,GC000357,STORE040,-29.73,2023-07-01
GCTX000147,GC000047,STORE009,-76.27,2023-08-04
GCTX000148,GC000137,STORE050,-70.63,2024-08-20
GCTX000149,GC000130,STORE028,-62.85,2025-02-10
GCTX000150,GC000195,STORE011,-34.36,2024-02-19
GCTX000151,GC000629,STORE075,78.39,2024-02-18
GCTX000152,GC000364,STORE056,-26.35,2023-06-12
GCTX000153,GC000432,STORE079,44.87,2024-04-17
GCTX000154,GC000069,STORE035,-83.45,2023-12-29
GCTX000155,GC000458,STORE025,18.22,2024-09-23
GCTX000156,GC000540,STORE019,-3.62,2024-02-14
GCTX000157,GC000335,STORE031,95.59,2023-08-06
GCTX000158,GC000526,STORE050,69.24,2024-12-19
GCTX000159,GC000558,STORE063,-9.03,2023-11-06
GCTX000160,GC000983,STORE047,55.03,2024-03-24
GCTX000161,GC000909,STORE001,-61.39,2025-05-08
GCTX000162,GC000016,STORE058,12.47,2024-08-02
GCTX000163,GC000990,STORE010,-85.08,2024-05-14
GCTX000164,GC000936,STORE008,-30.38,2024-07-23
GCTX000165,GC000456,STORE026,-54.83,2024-07-24
GCTX000166,GC000510,STORE034,43.78,2024-08-15
GCTX000167,GC000209,STORE019,-1.98,2023-12-17
GCTX000168,GC000158,STORE078,50.21,2023-10-18
GCTX000169,GC000337,STORE072,3.06,2025-03-20
GCTX000170,GC000739,STORE001,-82.7,2024-12-13
GCTX000171,GC000961,STORE048,47.07,2024-12-11
GCTX000172,GC000241,STORE025,66.65,2025-03-13
GCTX000173,GC000058,STORE024,80.71,2024-01-18
GCTX000174,GC000984,STORE047,14.4,2023-09-22
GCTX000175,GC000816,STORE069,50.72,2023-07-10
GCTX000176,GC000305,STORE067,50.41,2024-03-15
GCTX000177,GC000345,STORE032,-68.85,2024-02-21
GCTX000178,GC000642,STORE017,-67.16,2024-12-02
GCTX000179,GC000729,STORE061,-85.82,2025-01-31
GCTX000180,GC000014,STORE069,-36.02,2023-06-11
GCTX000181,GC000359,STORE011,-5.3,2023-09-09
GCTX000182,GC000377,STORE038,99.58,2024-06-25
GCTX000183,GC000243,STORE068,-13.8,2024-01-14
GCTX000184,GC000993,STORE019,45.25,2023-12-09
GCTX000185,GC000145,STORE017,38.68,2023-09-19
GCTX000186,GC000891,STORE013,-59.1,2024-01-15
GCTX000187,GC000415,STORE001,-88.3,2023-11-24
GCTX000188,GC000394,STORE002,9.2,2023-06-16
GCTX000189,GC000838,STORE066,40.06,2024-10-19
GCTX000190,GC000615,STORE068,99.65,2024-03-25
GCTX000191,GC000729,STORE016,-28.28,2024-11-21
GCTX000192,GC000358,STORE004,79.27,2023-11-03
GCTX000193,GC000933,STORE057,-23.61,2024-03-18
GCTX000194,GC000576,STORE073,37.88,2024-05-08
GCTX000195,GC000158,STORE023,19.65,2023-07-19
GCTX000196,GC000674,STORE002,-89.4,2023-11-17
GCTX000197,GC000018,STORE067,-84.32,2025-01-12
GCTX000198,GC000728,STORE026,-95.85,2025-03-28
GCTX000199,GC000831,STORE007,-25.83,2023-08-07
GCTX000200,GC000561,STORE044,49.16,2023-11-22
GCTX000201,GC000568,STORE033,-65.45,2023-08-27
GCTX000202,GC000347,STORE064,21.17,2024-12-14
GCTX000203,GC000058,STORE036,-42.23,2024-02-01
GCTX000204,GC000155,STORE004,59.4,2024-03-16
GCTX000205,GC000567,STORE023,59.68,2023-09-21
GCTX000206,GC000487,STORE025,55.08,2025-04-06
GCTX000207,GC000853,STORE074,4.97,2024-04-13
GCTX000208,GC000531,STORE027,-43.09,2025-03-28
GCTX000209,GC000487,STORE051,61.89,2024-12-30
GCTX000210,GC000151,STORE079,-62.78,2024-03-31
GCTX000211,GC000359,STORE069,-42.05,2024-09-23
GCTX000212,GC000368,STORE080,-63.21,2023-07-08
GCTX000213,GC000620,STORE023,34.84,2024-07-24
GCTX000214,GC000047,STORE009,37.25,2023-08-28
GCTX000215,GC000207,STORE033,30.5,2024-05-26
GCTX000216,GC000875,STORE035,-16.88,2025-04-11
GCTX000217,GC000450,STORE050,-79.97,2024-12-09
GCTX000218,GC000483,STORE024,82.23,2024-09-26
GCTX000219,GC000947,STORE024,1.55,2023-10-27
GCTX000220,GC000852,STORE019,-18.61,2025-03-25
GCTX000221,GC000924,STORE039,17.76,2023-12-29
GCTX000222,GC000640,STORE061,-61.44,2023-06-12
GCTX000223,GC000697,STORE025,-73.49,2024-06-01
GCTX000224,GC000570,STORE025,-18.89,2024-03-09
GCTX000225,GC000143,STORE027,-54.56,2025-01-07
GCTX000226,GC000400,STORE032,-51.14,2024-06-04
GCTX000227,GC000097,STORE011,78.5,2025-04-06
GCTX000228,GC000047,STORE069,6.15,2024-02-10
GCTX000229,GC000191,STORE033,-3.31,2024-07-15
GCTX000230,GC000140,STORE019,37.9,2024-07-13
GCTX000231,GC000615,STORE016,90.31,2023-06-01
GCTX000232,GC000231,STORE011,-77.56,2023-10-22
GCTX000233,GC000939,STORE075,66.71,2023-11-16
GCTX000234,GC000340,STORE074,16.8,2025-01-23
GCTX000235,GC000925,STORE069,-70.77,2024-01-21
GCTX000236,GC000491,STORE055,-40.57,2024-04-19
GCTX000237,GC000049,STORE025,-3.53,2024-06-26
GCTX000238,GC000899,STORE077,38.24,2023-07-03
GCTX000239,GC000624,STORE034,-51.48,2023-06-15
GCTX000240,GC000453,STORE012,6.98,2025-02-14
GCTX000241,GC000316,STORE021,36.93,2023-09-10
GCTX000242,GC000322,STORE029,-10.25,2023-12-31
GCTX000243,GC000087,STORE051,72.61,2025-02-19
GCTX000244,GC000894,STORE023,73.89,2024-05-27
GCTX000245,GC000474,STORE033,-5.86,2025-05-20
GCTX000246,GC000282,STORE008,94.59,2023-06-01
GCTX000247,GC000839,STORE042,-84.88,2024-12-22
GCTX000248,GC000764,STORE077,-99.33,2025-03-28
GCTX000249,GC000074,STORE069,-23.87,2023-06-19
GCTX000250,GC000453,STORE041,20.22,2025-01-01
GCTX000251,GC000047,STORE074,25.84,2023-11-16
GCTX000252,GC000588,STORE063,-4.71,2025-04-22
GCTX000253,GC000096,STORE014,-75.02,2023-08-25
GCTX000254,GC000938,STORE062,-65.9,2025-03-06
GCTX000255,GC000031,STORE075,70.43,2024-07-31
GCTX000256,GC000534,STORE046,73.58,2024-06-29
GCTX000257,GC000017,STORE067,34.78,2023-09-19
GCTX000258,GC000212,STORE053,32.84,2024-02-09
GCTX000259,GC000660,STORE052,19.54,2023-08-16
GCTX000260,GC000235,STORE007,-59.41,2023-10-07
GCTX000261,GC000392,STORE054,-14.35,2024-08-29
GCTX000262,GC000354,STORE011,39.18,2024-02-28
GCTX000263,GC000305,STORE025,7.45,2024-08-09
GCTX000264,GC000599,STORE059,-96.28,2023-11-09
GCTX000265,GC000550,STORE066,90.71,2024-07-28
GCTX000266,GC000565,STORE027,68.96,2023-10-28
GCTX000267,GC000540,STORE058,-47.89,2024-03-31
GCTX000268,GC000589,STORE011,23.29,2025-03-23
GCTX000269,GC000925,STORE055,84.65,2024-10-10
GCTX000270,GC000509,STORE019,-80.8,2023-06-06
GCTX000271,GC000712,STORE039,0.61,2024-02-17
GCTX000272,GC000395,STORE070,-8.75,2024-09-22
GCTX000273,GC000431,STORE011,-17.96,2023-09-27
GCTX000274,GC000685,STORE014,67.12,2024-01-18
GCTX000275,GC000786,STORE060,-23.87,2024-01-25
GCTX000276,GC000562,STORE036,-87.27,2024-05-21
GCTX000277,GC000857,STORE041,-86.83,2024-11-25
GCTX000278,GC000177,STORE002,-91.45,2025-04-25
GCTX000279,GC000406,STORE057,-18.17,2023-06-11
GCTX000280,GC000301,STORE060,43.68,2024-03-08
GCTX000281,GC000445,STORE020,-59.26,2024-02-14
GCTX000282,GC000739,STORE022,29.29,2023-06-06
GCTX000283,GC000127,STORE004,37.42,2025-02-18
GCTX000284,GC000349,STORE056,-48.96,2024-08-09
GCTX000285,GC000021,STORE058,20.11,2024-10-11
GCTX000286,GC000711,STORE065,36.97,2024-05-05
GCTX000287,GC000701,STORE058,-6.68,2023-09-01
GCTX000288,GC000844,STORE030,-32.66,2024-03-30
GCTX000289,GC000420,STORE076,23.83,2025-05-07
GCTX000290,GC000152,STORE019,95.57,2024-10-31
GCTX000291,GC000160,STORE062,-14.63,2024-10-19
GCTX000292,GC000859,STORE068,-21.65,2023-06-20
GCTX000293,GC000480,STORE079,-7.15,2024-10-31
GCTX000294,GC000443,STORE044,-84.76,2023-12-12
GCTX000295,GC000096,STORE061,10.63,2024-07-25
GCTX000296,GC000352,STORE021,-34.26,2023-08-05
GCTX000297,GC000986,STORE010,-75.72,2024-08-25
GCTX000298,GC000075,STORE030,-6.75,2023-09-08
GCTX000299,GC000878,STORE024,-99.32,2023-07-28
GCTX000300,GC000594,STORE048,-19.64,2025-01-09
GCTX000301,GC000640,STORE055,-78.85,2024-07-25
GCTX000302,GC000359,STORE052,-95.14,2024-07-31
GCTX000303,GC000133,STORE038,64.9,2025-03-01
GCTX000304,GC000400,STORE067,83.25,2023-11-19
GCTX000305,GC000139,STORE008,-58.47,2024-02-26
GCTX000306,GC000246,STORE029,7.86,2024-08-12
GCTX000307,GC000291,STORE010,-44.41,2025-02-01
GCTX000308,GC000112,STORE069,-1.28,2024-03-07
GCTX000309,GC000715,STORE075,-12.67,2024-02-01
GCTX000310,GC000170,STORE068,-46.19,2023-07-01
GCTX000311,GC000599,STORE049,40.08,2023-08-08
GCTX000312,GC000631,STORE058,-74.7,2024-04-30
GCTX000313,GC000610,STORE035,-89.39,2023-08-18
GCTX000314,GC000240,STORE050,53.54,2024-09-09
GCTX000315,GC000337,STORE040,33.19,2024-03-19
GCTX000316,GC000138,STORE012,-0.29,2025-04-02
GCTX000317,GC000594,STORE016,-6.44,2023-08-17
GCTX000318,GC000236,STORE078,-0.52,2025-05-01
GCTX000319,GC000648,STORE048,-12.6,2024-12-14
GCTX000320,GC000794,STORE001,-21.42,2024-10-05
GCTX000321,GC000003,STORE065,-0.06,2023-12-14
GCTX000322,GC000571,STORE022,5.7,2025-05-16
GCTX000323,GC000116,STORE015,38.38,2025-02-12
GCTX000324,GC000472,STORE067,42.24,2024-09-25
GCTX000325,GC000131,STORE014,-24.47,2023-12-07
GCTX000326,GC000934,STORE073,-17.29,2024-05-26
GCTX000327,GC000898,STORE019,-25.26,2024-06-15
GCTX000328,GC000483,STORE040,7.31,2025-01-27
GCTX000329,GC000401,STORE004,-9.33,2023-11-11
GCTX000330,GC000201,STORE033,77.92,2024-10-28
GCTX000331,GC000292,STORE043,39.27,2024-09-21
GCTX000332,GC000342,STORE037,79.73,2024-03-11
GCTX000333,GC000991,STORE066,41.83,2023-07-11
GCTX000334,GC000610,STORE027,94.2,2024-10-29
GCTX000335,GC000216,STORE045,27.15,2025-01-29
GCTX000336,GC000636,STORE050,92.71,2025-05-16
GCTX000337,GC000585,STORE063,-68.37,2024-08-18
GCTX000338,GC000366,STORE006,-89.5,2024-09-17
GCTX000339,GC000890,STORE067,15.83,2023-09-15
GCTX000340,GC000642,STORE067,96.7,2025-02-21
GCTX000341,GC000469,STORE059,-16.48,2023-08-06
GCTX000342,GC000418,STORE013,-57.59,2025-01-01
GCTX000343,GC000027,STORE021,4.31,2023-09-15
GCTX000344,GC000677,STORE064,29.76,2024-10-21
GCTX000345,GC000455,STORE037,-36.96,2024-07-06
GCTX000346,GC000918,STORE080,42.95,2024-12-07
GCTX000347,GC000580,STORE048,95.02,2024-09-13
GCTX000348,GC000014,STORE056,79.39,2023-07-02
GCTX000349,GC000098,STORE044,-41.68,2024-12-17
GCTX000350,GC000279,STORE013,-34.66,2023-08-11
GCTX000351,GC000940,STORE004,-25.69,2024-04-14
GCTX000352,GC000490,STORE073,-21.09,2023-07-30
GCTX000353,GC000985,STORE033,-79.94,2024-05-04
GCTX000354,GC000961,STORE037,52.39,2025-04-08
GCTX000355,GC000883,STORE053,-26.93,2024-02-21
GCTX000356,GC000759,STORE024,75.96,2024-02-23
GCTX000357,GC000624,STORE051,85.39,2023-11-11
GCTX000358,GC000207,STORE041,-95.11,2025-05-24
GCTX000359,GC000864,STORE029,97.7,2024-07-06
GCTX000360,GC000846,STORE059,42.0,2025-02-27
GCTX000361,GC000233,STORE040,4.08,2023-11-04
GCTX000362,GC000573,STORE051,-22.09,2023-08-28
GCTX000363,GC000597,STORE050,3.7,2025-04-14
GCTX000364,GC000695,STORE036,-35.08,2023-06-10
GCTX000365,GC000239,STORE079,24.54,2023-11-01
GCTX000366,GC000250,STORE060,-81.4,2024-10-01
GCTX000367,GC000583,STORE018,24.22,2023-07-02
GCTX000368,GC000740,STORE020,-44.93,2024-01-20
GCTX000369,GC000597,STORE005,-96.47,2023-05-27
GCTX000370,GC000306,STORE018,10.54,2023-11-26
GCTX000371,GC001000,STORE040,15.69,2025-05-25
GCTX000372,GC000908,STORE001,-14.69,2023-11-28
GCTX000373,GC000463,STORE019,-85.54,2024-07-07
GCTX000374,GC000783,STORE026,78.67,2023-06-08
GCTX000375,GC000913,STORE029,22.29,2024-11-29
GCTX000376,GC000802,STORE059,-76.86,2025-02-17
GCTX000377,GC000236,STORE063,2.19,2024-04-04
GCTX000378,GC000291,STORE062,-0.55,2023-10-06
GCTX000379,GC000039,STORE048,-87.92,2024-12-09
GCTX000380,GC000998,STORE062,21.37,2024-05-28
GCTX000381,GC000718,STORE018,61.67,2024-09-20
GCTX000382,GC000183,STORE066,49.8,2024-02-07
GCTX000383,GC000699,STORE027,-59.41,2024-10-03
GCTX000384,GC000645,STORE006,72.46,2023-06-28
GCTX000385,GC000030,STORE070,-31.49,2025-02-12
GCTX000386,GC000388,STORE059,89.3,2024-03-31
GCTX000387,GC000767,STORE006,-85.65,2024-07-18
GCTX000388,GC000143,STORE031,-2.76,2023-09-13
GCTX000389,GC000615,STORE056,19.42,2023-07-10
GCTX000390,GC000419,STORE054,-50.47,2025-01-01
GCTX000391,GC000074,STORE041,54.28,2024-05-18
GCTX000392,GC000055,STORE018,25.38,2024-05-16
GCTX000393,GC000962,STORE023,-96.38,2024-01-31
GCTX000394,GC000748,STORE036,21.67,2024-06-06
GCTX000395,GC000572,STORE025,-1.7,2023-10-25
GCTX000396,GC000024,STORE007,-60.79,2024-09-18
GCTX000397,GC000988,STORE020,99.15,2024-09-21
GCTX000398,GC000022,STORE005,79.43,2025-01-04
GCTX000399,GC000428,STORE018,-41.5,2024-03-05
GCTX000400,GC000032,STORE033,8.21,2023-07-16
GCTX000401,GC000863,STORE079,-36.7,2024-06-22
GCTX000402,GC000339,STORE035,55.1,2023-11-01
GCTX000403,GC000947,STORE065,86.07,2023-06-28
GCTX000404,GC000981,STORE063,-28.23,2025-01-25
GCTX000405,GC000515,STORE072,61.12,2024-08-29
GCTX000406,GC000512,STORE071,-0.32,2023-12-26
GCTX000407,GC000070,STORE041,-20.68,2024-10-12
GCTX000408,GC000672,STORE050,87.68,2024-08-20
GCTX000409,GC000898,STORE030,2.08,2024-11-20
GCTX000410,GC000088,STORE038,-6.52,2024-08-03
GCTX000411,GC000877,STORE035,34.49,2024-10-26
GCTX000412,GC000571,STORE066,-47.75,2024-03-22
GCTX000413,GC000764,STORE046,-35.04,2024-01-13
GCTX000414,GC000219,STORE008,86.41,2023-08-26
GCTX000415,GC000713,STORE068,35.71,2023-08-28
GCTX000416,GC000589,STORE037,65.33,2025-03-22
GCTX000417,GC000767,STORE013,-45.78,2023-10-12
GCTX000418,GC000759,STORE073,8.76,2023-08-21
GCTX000419,GC000270,STORE045,94.28,2025-03-08
GCTX000420,GC000819,STORE029,-36.26,2024-02-22
GCTX000421,GC000651,STORE041,-67.9,2025-02-11
GCTX000422,GC000078,STORE056,2.18,2024-03-18
GCTX000423,GC000592,STORE016,-22.44,2023-06-04
GCTX000424,GC000010,STORE012,-68.08,2024-06-27
GCTX000425,GC000468,STORE066,77.71,2024-01-21
GCTX000426,GC000336,STORE062,98.14,2023-08-16
GCTX000427,GC000636,STORE019,13.72,2024-11-23
GCTX000428,GC000186,STORE030,54.94,2024-07-23
GCTX000429,GC000546,STORE016,71.81,2023-05-28
GCTX000430,GC000121,STORE013,40.2,2023-07-05
GCTX000431,GC000592,STORE069,-91.17,2024-02-10
GCTX000432,GC000718,STORE023,-68.47,2025-05-08
GCTX000433,GC000565,STORE062,-85.8,2023-12-23
GCTX000434,GC000668,STORE031,-98.02,2024-09-13
GCTX000435,GC000274,STORE053,-38.8,2024-02-28
GCTX000436,GC000410,STORE017,-21.53,2023-07-27
GCTX000437,GC000358,STORE049,-51.79,2023-06-05
GCTX000438,GC000647,STORE049,-87.08,2024-02-06
GCTX000439,GC000941,STORE067,5.97,2024-07-21
GCTX000440,GC000098,STORE026,-45.34,2024-07-30
GCTX000441,GC000241,STORE013,59.21,2023-07-13
GCTX000442,GC000557,STORE038,-98.39,2024-02-02
GCTX000443,GC000711,STORE022,68.51,2024-09-14
GCTX000444,GC000993,STORE029,90.95,2024-04-25
GCTX000445,GC000803,STORE045,43.23,2025-05-24
GCTX000446,GC000948,STORE046,46.73,2023-06-03
GCTX000447,GC000114,STORE039,86.71,2025-03-27
GCTX000448,GC000487,STORE069,-58.19,2024-01-16
GCTX000449,GC000789,STORE078,98.91,2023-09-09
GCTX000450,GC000241,STORE068,54.7,2025-05-06
GCTX000451,GC000156,STORE039,45.31,2023-07-27
GCTX000452,GC000352,STORE020,-27.78,2025-02-06
GCTX000453,GC000044,STORE077,9.16,2024-01-03
GCTX000454,GC000592,STORE068,30.78,2024-07-15
GCTX000455,GC000312,STORE035,24.07,2024-10-13
GCTX000456,GC000138,STORE008,41.0,2024-06-20
GCTX000457,GC000663,STORE052,-83.52,2023-09-25
GCTX000458,GC000944,STORE040,-28.87,2023-11-30
GCTX000459,GC000436,STORE036,-13.2,2024-02-04
GCTX000460,GC000754,STORE006,-47.87,2023-09-20
GCTX000461,GC000143,STORE070,-65.47,2024-01-15
GCTX000462,GC000823,STORE073,-72.21,2025-02-27
GCTX000463,GC000299,STORE016,-26.72,2025-05-10
GCTX000464,GC000562,STORE046,-1.31,2024-12-27
GCTX000465,GC000262,STORE059,-87.4,2024-12-09
GCTX000466,GC000512,STORE038,89.29,2023-10-01
GCTX000467,GC000673,STORE018,53.05,2023-12-03
GCTX000468,GC000062,STORE012,46.17,2024-02-25
GCTX000469,GC000567,STORE054,-65.43,2025-03-15
GCTX000470,GC000423,STORE047,20.76,2024-10-16
GCTX000471,GC000396,STORE001,5.94,2023-11-12
GCTX000472,GC000884,STORE015,96.49,2024-10-03
GCTX000473,GC000996,STORE080,49.53,2024-02-24
GCTX000474,GC000031,STORE021,15.15,2024-02-05
GCTX000475,GC000330,STORE001,70.16,2024-04-21
GCTX000476,GC000949,STORE067,-68.98,2024-03-06
GCTX000477,GC000802,STORE012,-96.96,2024-05-15
GCTX000478,GC000169,STORE028,38.05,2024-01-18
GCTX000479,GC000266,STORE039,-80.34,2023-11-07
GCTX000480,GC000308,STORE037,-76.91,2024-09-23
GCTX000481,GC000459,STORE060,48.94,2023-08-02
GCTX000482,GC000185,STORE031,-45.89,2025-05-16
GCTX000483,GC000334,STORE058,25.73,2024-03-01
GCTX000484,GC000515,STORE011,83.48,2023-12-21
GCTX000485,GC000441,STORE029,-36.71,2025-04-13
GCTX000486,GC000673,STORE013,-56.57,2024-01-22
GCTX000487,GC000391,STORE051,-78.69,2024-04-15
GCTX000488,GC000772,STORE054,-73.91,2025-03-17
GCTX000489,GC000935,STORE019,-87.56,2023-10-24
GCTX000490,GC000560,STORE058,-82.47,2025-04-22
GCTX000491,GC000254,STORE036,-13.6,2023-09-05
GCTX000492,GC000586,STORE028,-35.83,2023-11-21
GCTX000493,GC000335,STORE068,41.31,2025-05-18
GCTX000494,GC000400,STORE003,74.05,2023-10-14
GCTX000495,GC000166,STORE041,56.95,2024-03-23
GCTX000496,GC000260,STORE035,6.13,2025-01-25
GCTX000497,GC000004,STORE076,-79.51,2024-11-05
GCTX000498,GC000888,STORE076,41.95,2024-08-11
GCTX000499,GC000119,STORE050,-27.43,2024-08-10
GCTX000500,GC000996,STORE074,-82.87,2023-12-02
GCTX000501,GC000923,STORE030,68.49,2025-01-08
GCTX000502,GC000470,STORE072,-32.36,2024-01-24
GCTX000503,GC000470,STORE077,-56.35,2023-09-06
GCTX000504,GC000785,STORE070,74.29,2023-10-21
GCTX000505,GC000493,STORE054,80.43,2023-12-11
GCTX000506,GC000738,STORE071,-32.21,2023-10-10
GCTX000507,GC000864,STORE051,-29.04,2025-01-21
GCTX000508,GC000500,STORE028,15.93,2025-01-11
GCTX000509,GC000070,STORE064,46.69,2024-06-28
GCTX000510,GC000694,STORE021,-87.37,2023-10-23
GCTX000511,GC000865,STORE027,18.67,2025-04-11
GCTX000512,GC000776,STORE027,90.56,2024-03-30
GCTX000513,GC000370,STORE077,-47.58,2023-08-23
GCTX000514,GC000181,STORE050,81.77,2024-02-12
GCTX000515,GC000996,STORE029,90.03,2024-10-04
GCTX000516,GC000005,STORE039,-46.17,2025-01-20
GCTX000517,GC000197,STORE057,50.84,2025-02-21
GCTX000518,GC000047,STORE037,-52.24,2024-07-20
GCTX000519,GC000970,STORE064,47.52,2024-02-04
GCTX000520,GC000552,STORE048,59.48,2024-08-27
GCTX000521,GC000634,STORE022,-50.56,2023-11-16
GCTX000522,GC000647,STORE030,43.17,2025-03-10
GCTX000523,GC000140,STORE028,62.42,2024-03-09
GCTX000524,GC000862,STORE023,-28.28,2024-01-07
GCTX000525,GC000665,STORE004,-66.46,2024-11-23
GCTX000526,GC000540,STORE003,-81.61,2023-08-30
GCTX000527,GC000427,STORE061,15.08,2025-02-12
GCTX000528,GC000589,STORE004,95.62,2023-10-11
GCTX000529,GC000687,STORE065,64.59,2023-09-30
GCTX000530,GC000561,STORE012,-12.83,2024-06-17
GCTX000531,GC000854,STORE013,7.32,2024-11-08
GCTX000532,GC000310,STORE034,-44.09,2024-10-14
GCTX000533,GC000274,STORE059,-67.39,2024-01-26
GCTX000534,GC000539,STORE073,-3.58,2024-12-15
GCTX000535,GC000840,STORE031,-7.3,2024-01-30
GCTX000536,GC000390,STORE071,4.39,2024-05-15
GCTX000537,GC000459,STORE013,90.56,2023-06-26
GCTX000538,GC000733,STORE054,20.78,2023-07-29
GCTX000539,GC000634,STORE002,21.15,2023-09-24
GCTX000540,GC000361,STORE033,-74.4,2023-06-10
GCTX000541,GC000069,STORE050,99.3,2023-08-09
GCTX000542,GC000583,STORE007,54.57,2025-03-16
GCTX000543,GC000662,STORE018,75.44,2023-11-17
GCTX000544,GC000699,STORE051,-17.14,2023-10-04
GCTX000545,GC000431,STORE008,0.43,2024-12-20
GCTX000546,GC000885,STORE055,4.42,2024-08-31
GCTX000547,GC000758,STORE076,-61.18,2024-03-01
GCTX000548,GC000708,STORE043,37.9,2025-04-29
GCTX000549,GC000032,STORE059,80.6,2025-02-15
GCTX000550,GC000979,STORE030,-67.26,2023-10-13
GCTX000551,GC000621,STORE059,-82.74,2024-04-02
GCTX000552,GC000865,STORE009,47.64,2024-08-02
GCTX000553,GC000513,STORE068,-45.36,2025-03-02
GCTX000554,GC000182,STORE039,24.77,2024-07-03
GCTX000555,GC000686,STORE011,39.15,2025-04-17
GCTX000556,GC000681,STORE002,-35.62,2024-08-14
GCTX000557,GC000248,STORE023,63.03,2023-12-17
GCTX000558,GC000620,STORE063,10.0,2024-08-08
GCTX000559,GC000882,STORE022,73.8,2024-08-01
GCTX000560,GC000297,STORE061,52.66,2024-08-06
GCTX000561,GC000776,STORE026,73.72,2023-12-19
GCTX000562,GC000928,STORE012,-95.97,2023-11-11
GCTX000563,GC000030,STORE032,-51.3,2024-06-25
GCTX000564,GC000302,STORE009,-82.0,2023-10-18
GCTX000565,GC000476,STORE069,-11.58,2023-09-01
GCTX000566,GC000873,STORE071,77.99,2023-08-08
GCTX000567,GC000948,STORE033,-6.49,2023-12-18
GCTX000568,GC000352,STORE024,69.94,2023-06-20
GCTX000569,GC000985,STORE069,-34.56,2023-08-10
GCTX000570,GC000482,STORE038,-32.09,2024-05-16
GCTX000571,GC000317,STORE011,79.11,2024-03-02
GCTX000572,GC000737,STORE032,-14.84,2025-04-18
GCTX000573,GC000397,STORE064,57.95,2024-12-02
GCTX000574,GC000089,STORE072,-52.67,2024-09-01
GCTX000575,GC000234,STORE020,89.76,2025-03-09
GCTX000576,GC000168,STORE034,14.92,2024-12-25
GCTX000577,GC000743,STORE042,51.86,2025-05-14
GCTX000578,GC000126,STORE008,-82.1,2024-03-31
GCTX000579,GC000573,STORE066,-1.47,2023-06-21
GCTX000580,GC000120,STORE021,80.21,2023-11-14
GCTX000581,GC000428,STORE079,75.41,2024-07-03
GCTX000582,GC000190,STORE070,-90.64,2024-02-20
GCTX000583,GC000633,STORE005,-39.26,2023-06-21
GCTX000584,GC000428,STORE067,-11.34,2023-10-17
GCTX000585,GC000560,STORE043,-65.55,2023-12-12
GCTX000586,GC000202,STORE016,46.0,2025-03-13
GCTX000587,GC000059,STORE073,-63.1,2024-02-13
GCTX000588,GC000697,STORE035,-30.67,2023-12-03
GCTX000589,GC000223,STORE043,32.66,2024-04-02
GCTX000590,GC000492,STORE039,-3.58,2024-02-06
GCTX000591,GC000011,STORE010,47.71,2024-04-21
GCTX000592,GC000793,STORE074,92.24,2023-08-17
GCTX000593,GC000701,STORE020,-76.69,2025-02-23
GCTX000594,GC000512,STORE001,41.91,2023-11-13
GCTX000595,GC000814,STORE006,-53.93,2024-09-13
GCTX000596,GC000310,STORE053,-17.1,2023-06-03
GCTX000597,GC000749,STORE046,-93.43,2023-09-23
GCTX000598,GC000034,STORE066,-72.82,2024-10-13
GCTX000599,GC000340,STORE038,-36.04,2025-05-13
GCTX000600,GC000647,STORE033,-31.6,2024-03-16
GCTX000601,GC000481,STORE067,79.92,2023-09-22
GCTX000602,GC000574,STORE077,48.36,2024-12-11
GCTX000603,GC000825,STORE035,94.44,2024-09-27
GCTX000604,GC000739,STORE079,19.81,2025-02-04
GCTX000605,GC000093,STORE045,-51.66,2024-04-23
GCTX000606,GC000628,STORE022,-34.47,2023-10-11
GCTX000607,GC000844,STORE068,-36.03,2024-02-15
GCTX000608,GC000133,STORE017,-34.7,2023-11-09
GCTX000609,GC000844,STORE005,34.59,2023-06-10
GCTX000610,GC000989,STORE057,6.16,2025-05-16
GCTX000611,GC000419,STORE040,-22.92,2024-09-11
GCTX000612,GC000468,STORE030,-70.18,2024-06-16
GCTX000613,GC000805,STORE042,-95.57,2023-10-08
GCTX000614,GC000444,STORE007,-56.23,2024-06-04
GCTX000615,GC000705,STORE071,-78.51,2023-06-19
GCTX000616,GC000912,STORE019,57.09,2024-11-08
GCTX000617,GC000030,STORE041,-77.5,2024-03-17
GCTX000618,GC000969,STORE034,44.85,2023-06-12
GCTX000619,GC000298,STORE022,-22.87,2023-10-25
GCTX000620,GC000061,STORE052,-85.32,2024-07-25
GCTX000621,GC000458,STORE006,62.55,2024-06-11
GCTX000622,GC000973,STORE074,15.93,2023-09-27
GCTX000623,GC000304,STORE025,-52.85,2023-09-15
GCTX000624,GC000958,STORE066,78.94,2023-10-03
GCTX000625,GC000340,STORE010,-90.95,2024-03-04
GCTX000626,GC000861,STORE074,-59.64,2023-07-23
GCTX000627,GC000448,STORE026,50.41,2024-07-19
GCTX000628,GC000953,STORE005,41.88,2023-12-10
GCTX000629,GC000836,STORE068,-42.15,2024-05-07
GCTX000630,GC000302,STORE071,-87.6,2024-10-27
GCTX000631,GC000881,STORE050,71.62,2025-04-05
GCTX000632,GC000540,STORE017,-37.26,2023-10-31
GCTX000633,GC000485,STORE011,-60.86,2023-08-26
GCTX000634,GC000077,STORE053,3.21,2024-04-02
GCTX000635,GC000633,STORE050,82.05,2024-08-20
GCTX000636,GC000515,STORE008,-91.29,2025-03-29
GCTX000637,GC000549,STORE062,53.16,2023-06-26
GCTX000638,GC000944,STORE076,14.49,2025-02-23
GCTX000639,GC000659,STORE029,-14.91,2023-10-19
GCTX000640,GC000092,STORE044,48.82,2023-09-17
GCTX000641,GC000851,STORE045,93.16,2025-05-06
GCTX000642,GC000785,STORE029,-54.16,2023-10-20
GCTX000643,GC000466,STORE059,-71.27,2023-11-23
GCTX000644,GC000466,STORE015,82.58,2023-09-22
GCTX000645,GC000889,STORE070,33.79,2023-09-17
GCTX000646,GC000599,STORE044,-12.4,2024-05-22
GCTX000647,GC000040,STORE036,14.65,2024-11-25
GCTX000648,GC000690,STORE057,49.12,2023-11-11
GCTX000649,GC000329,STORE064,54.61,2024-02-10
GCTX000650,GC000285,STORE076,83.98,2024-11-29
GCTX000651,GC000947,STORE038,-14.63,2023-10-03
GCTX000652,GC000554,STORE017,-41.32,2024-11-16
GCTX000653,GC000797,STORE027,27.93,2023-08-28
GCTX000654,GC000066,STORE017,-16.85,2024-04-15
GCTX000655,GC000636,STORE063,18.92,2023-10-07
GCTX000656,GC000657,STORE011,-16.0,2025-04-03
GCTX000657,GC000632,STORE064,-69.4,2023-12-11
GCTX000658,GC000109,STORE039,-6.11,2024-04-18
GCTX000659,GC000415,STORE002,38.18,2023-12-23
GCTX000660,GC000092,STORE066,59.86,2024-11-20
GCTX000661,GC000368,STORE054,-1.33,2024-01-31
GCTX000662,GC000820,STORE029,-66.95,2025-05-10
GCTX000663,GC000423,STORE045,-17.06,2025-03-14
GCTX000664,GC000572,STORE080,57.26,2024-12-30
GCTX000665,GC000862,STORE031,-17.43,2023-11-29
GCTX000666,GC000739,STORE049,39.31,2025-03-22
GCTX000667,GC000240,STORE009,1.44,2023-10-18
GCTX000668,GC000435,STORE027,-51.76,2023-08-01
GCTX000669,GC000212,STORE056,59.23,2025-05-13
GCTX000670,GC000400,STORE078,-83.16,2023-12-02
GCTX000671,GC000610,STORE045,4.98,2023-12-08
GCTX000672,GC000526,STORE043,-58.22,2023-07-10
GCTX000673,GC000730,STORE022,-86.59,2024-10-22
GCTX000674,GC000468,STORE033,0.59,2023-08-27
GCTX000675,GC000170,STORE027,-0.09,2024-10-09
GCTX000676,GC000819,STORE040,41.38,2024-07-04
GCTX000677,GC000792,STORE026,48.95,2025-04-12
GCTX000678,GC000875,STORE045,45.56,2025-01-05
GCTX000679,GC000210,STORE045,-18.09,2024-06-08
GCTX000680,GC000256,STORE026,26.34,2024-03-18
GCTX000681,GC000683,STORE070,15.39,2024-05-20
GCTX000682,GC000073,STORE067,-15.69,2024-08-13
GCTX000683,GC000147,STORE006,19.44,2025-05-20
GCTX000684,GC000340,STORE028,89.45,2025-01-26
GCTX000685,GC000317,STORE067,-61.42,2024-02-20
GCTX000686,GC000618,STORE013,81.15,2024-06-22
GCTX000687,GC000606,STORE063,-89.31,2025-03-12
GCTX000688,GC000575,STORE013,-38.32,2023-12-03
GCTX000689,GC000154,STORE077,-42.37,2023-12-13
GCTX000690,GC000255,STORE001,25.27,2024-06-06
GCTX000691,GC000351,STORE040,-73.76,2024-04-15
GCTX000692,GC000547,STORE037,76.47,2024-10-19
GCTX000693,GC000835,STORE031,65.71,2024-07-10
GCTX000694,GC000312,STORE017,30.41,2024-10-29
GCTX000695,GC000808,STORE009,-8.32,2024-11-28
GCTX000696,GC000765,STORE064,86.59,2023-08-08
GCTX000697,GC000669,STORE057,66.15,2023-07-13
GCTX000698,GC000134,STORE013,-0.14,2023-09-27
GCTX000699,GC000948,STORE037,40.37,2025-02-21
GCTX000700,GC000129,STORE014,13.39,2024-11-12
GCTX000701,GC000436,STORE075,17.59,2024-02-19
GCTX000702,GC000280,STORE025,-33.8,2024-01-19
GCTX000703,GC000358,STORE078,-7.58,2025-04-02
GCTX000704,GC000930,STORE057,-84.38,2024-03-25
GCTX000705,GC000883,STORE071,-28.53,2023-07-22
GCTX000706,GC000252,STORE042,39.17,2024-11-23
GCTX000707,GC000135,STORE042,90.64,2024-07-05
GCTX000708,GC000843,STORE047,92.61,2024-07-30
GCTX000709,GC000523,STORE044,11.14,2024-09-16
GCTX000710,GC000804,STORE041,21.32,2024-05-27
GCTX000711,GC000660,STORE003,-62.86,2025-02-06
GCTX000712,GC000319,STORE001,39.06,2024-05-15
GCTX000713,GC000080,STORE079,-85.87,2025-04-06
GCTX000714,GC000191,STORE011,-43.06,2025-03-02
GCTX000715,GC000453,STORE007,33.67,2023-10-10
GCTX000716,GC000344,STORE012,-37.94,2024-07-16
GCTX000717,GC000030,STORE038,-90.03,2023-06-08
GCTX000718,GC000414,STORE054,66.37,2024-04-17
GCTX000719,GC000871,STORE067,-37.93,2024-10-17
GCTX000720,GC000368,STORE053,-87.38,2024-06-20
GCTX000721,GC000741,STORE032,-85.04,2023-07-08
GCTX000722,GC000993,STORE045,-49.65,2025-01-22
GCTX000723,GC000596,STORE051,-64.4,2024-08-29
GCTX000724,GC000502,STORE037,54.86,2023-09-25
GCTX000725,GC000662,STORE059,-35.66,2024-09-21
GCTX000726,GC000873,STORE054,60.94,2024-04-20
GCTX000727,GC000701,STORE018,-65.23,2025-03-08
GCTX000728,GC000021,STORE001,-1.42,2024-11-05
GCTX000729,GC000549,STORE021,37.61,2024-04-04
GCTX000730,GC000246,STORE028,30.4,2025-04-04
GCTX000731,GC000283,STORE016,20.23,2023-10-11
GCTX000732,GC000614,STORE048,84.96,2024-12-23
GCTX000733,GC000931,STORE028,-54.29,2024-08-23
GCTX000734,GC000806,STORE022,-1.26,2024-07-16
GCTX000735,GC000232,STORE001,76.8,2024-06-08
GCTX000736,GC000316,STORE042,-84.42,2024-05-23
GCTX000737,GC000838,STORE070,-88.82,2024-07-30
GCTX000738,GC000800,STORE003,-53.34,2023-06-18
GCTX000739,GC000336,STORE080,26.6,2025-04-20
GCTX000740,GC000988,STORE044,-48.02,2023-11-23
GCTX000741,GC000976,STORE027,-61.95,2023-09-24
GCTX000742,GC000411,STORE051,-8.24,2024-03-02
GCTX000743,GC000245,STORE024,22.72,2024-11-15
GCTX000744,GC000387,STORE020,-50.29,2023-11-16
GCTX000745,GC000689,STORE032,-39.86,2024-05-26
GCTX000746,GC000725,STORE013,22.71,2023-11-29
GCTX000747,GC000358,STORE043,89.15,2025-03-17
GCTX000748,GC000614,STORE020,34.95,2024-05-12
GCTX000749,GC000798,STORE002,56.58,2023-12-14
GCTX000750,GC000022,STORE068,-26.64,2025-04-12
GCTX000751,GC000019,STORE060,-45.55,2023-10-11
GCTX000752,GC000287,STORE004,-9.15,2024-07-17
GCTX000753,GC000276,STORE017,61.43,2023-06-16
GCTX000754,GC000659,STORE001,-8.74,2025-04-11
GCTX000755,GC000898,STORE033,69.35,2024-08-15
GCTX000756,GC000552,STORE030,97.75,2024-01-23
GCTX000757,GC000679,STORE005,-85.59,2024-09-25
GCTX000758,GC000603,STORE012,-90.92,2024-03-22
GCTX000759,GC000072,STORE032,-70.08,2025-02-18
GCTX000760,GC000365,STORE038,-23.13,2024-11-26
GCTX000761,GC000950,STORE017,-73.79,2024-03-07
GCTX000762,GC000795,STORE058,74.13,2024-11-01
GCTX000763,GC000335,STORE040,-95.37,2024-03-18
GCTX000764,GC000652,STORE024,-36.84,2025-04-09
GCTX000765,GC000751,STORE012,-63.06,2024-09-01
GCTX000766,GC000590,STORE019,86.31,2024-07-03
GCTX000767,GC000199,STORE029,33.9,2024-08-02
GCTX000768,GC000017,STORE052,82.41,2023-09-30
GCTX000769,GC000218,STORE017,94.47,2024-07-03
GCTX000770,GC000741,STORE073,-0.58,2024-02-28
GCTX000771,GC000852,STORE021,-53.14,2023-09-20
GCTX000772,GC000650,STORE060,-61.25,2024-07-22
GCTX000773,GC000147,STORE075,-55.42,2023-09-01
GCTX000774,GC000210,STORE020,41.72,2024-10-21
GCTX000775,GC000670,STORE053,-91.91,2024-03-02
GCTX000776,GC000414,STORE080,-89.73,2023-11-15
GCTX000777,GC000665,STORE063,21.63,2023-12-04
GCTX000778,GC000856,STORE057,28.41,2025-02-22
GCTX000779,GC000330,STORE029,33.05,2025-01-05
GCTX000780,GC000895,STORE001,-25.62,2023-11-06
GCTX000781,GC000962,STORE059,61.19,2024-09-29
GCTX000782,GC000870,STORE064,6.72,2024-03-02
GCTX000783,GC000352,STORE072,-78.91,2025-02-24
GCTX000784,GC000163,STORE071,59.42,2023-12-08
GCTX000785,GC000819,STORE044,90.61,2025-02-09
GCTX000786,GC000101,STORE048,-87.99,2023-06-09
GCTX000787,GC000327,STORE075,-21.73,2023-06-13
GCTX000788,GC000327,STORE015,-2.5,2024-09-16
GCTX000789,GC000155,STORE035,-70.71,2023-12-17
GCTX000790,GC000010,STORE023,73.54,2024-11-14
GCTX000791,GC000353,STORE053,-43.17,2024-03-15
GCTX000792,GC000939,STORE045,56.6,2025-03-15
GCTX000793,GC000183,STORE013,34.2,2024-04-07
GCTX000794,GC000455,STORE034,19.61,2024-06-24
GCTX000795,GC000646,STORE038,-61.57,2024-07-10
GCTX000796,GC000006,STORE070,-55.86,2023-10-17
GCTX000797,GC000333,STORE068,-90.53,2023-07-12
GCTX000798,GC000944,STORE005,-51.86,2024-11-23
GCTX000799,GC000333,STORE040,-30.91,2023-09-24
GCTX000800,GC000258,STORE070,66.63,2025-05-11
GCTX000801,GC000211,STORE021,-26.72,2024-03-08
GCTX000802,GC000051,STORE028,50.92,2024-03-24
GCTX000803,GC000445,STORE003,-12.11,2024-03-23
GCTX000804,GC000659,STORE023,56.97,2024-10-17
GCTX000805,GC000377,STORE072,95.25,2023-12-14
GCTX000806,GC000640,STORE019,-52.03,2025-05-04
GCTX000807,GC000486,STORE075,72.47,2024-04-26
GCTX000808,GC000770,STORE050,24.36,2024-12-29
GCTX000809,GC000051,STORE074,63.46,2024-05-25
GCTX000810,GC000154,STORE058,30.32,2024-09-30
GCTX000811,GC000582,STORE020,-15.21,2024-05-30
GCTX000812,GC000788,STORE072,-54.39,2023-06-07
GCTX000813,GC000791,STORE053,-85.99,2023-12-04
GCTX000814,GC000310,STORE009,7.1,2024-12-22
GCTX000815,GC000399,STORE004,98.07,2023-07-11
GCTX000816,GC000134,STORE041,47.61,2025-04-02
GCTX000817,GC000220,STORE025,-34.53,2024-05-26
GCTX000818,GC000163,STORE034,65.44,2023-11-19
GCTX000819,GC000971,STORE073,53.8,2025-02-04
GCTX000820,GC000648,STORE009,-43.67,2024-08-21
GCTX000821,GC000569,STORE075,-97.14,2024-06-05
GCTX000822,GC000502,STORE013,-76.37,2024-05-13
GCTX000823,GC000946,STORE009,75.46,2024-09-29
GCTX000824,GC000689,STORE080,67.31,2023-12-18
GCTX000825,GC000115,STORE004,-40.96,2024-10-14
GCTX000826,GC000499,STORE034,-42.96,2025-03-29
GCTX000827,GC000472,STORE007,58.57,2023-07-01
GCTX000828,GC000149,STORE015,87.55,2023-10-05
GCTX000829,GC000241,STORE038,55.83,2025-01-22
GCTX000830,GC000123,STORE075,21.12,2023-06-11
GCTX000831,GC000804,STORE052,-51.47,2024-02-26
GCTX000832,GC000839,STORE007,5.15,2024-11-22
GCTX000833,GC000069,STORE045,-53.3,2024-03-30
GCTX000834,GC000826,STORE059,61.6,2023-08-27
GCTX000835,GC000063,STORE021,-22.61,2024-05-28
GCTX000836,GC000733,STORE028,66.74,2023-06-09
GCTX000837,GC000016,STORE003,-23.68,2023-07-08
GCTX000838,GC000390,STORE014,64.83,2024-10-31
GCTX000839,GC000590,STORE002,-33.34,2024-05-31
GCTX000840,GC000634,STORE029,-11.97,2024-05-07
GCTX000841,GC000948,STORE018,23.1,2024-09-12
GCTX000842,GC000258,STORE037,-85.94,2023-10-01
GCTX000843,GC000217,STORE045,89.64,2024-06-02
GCTX000844,GC000479,STORE045,14.72,2023-06-02
GCTX000845,GC000114,STORE024,1.56,2024-10-21
GCTX000846,GC000882,STORE046,67.88,2024-11-19
GCTX000847,GC000973,STORE012,73.15,2023-12-08
GCTX000848,GC000380,STORE053,4.45,2024-09-12
GCTX000849,GC000658,STORE045,85.45,2025-04-19
GCTX000850,GC000977,STORE032,-87.05,2025-03-04
GCTX000851,GC000237,STORE018,-77.35,2024-09-23
GCTX000852,GC000476,STORE013,19.36,2024-03-11
GCTX000853,GC000972,STORE004,-29.19,2024-12-17
GCTX000854,GC000931,STORE023,-7.15,2025-05-16
GCTX000855,GC000598,STORE062,-34.38,2023-12-23
GCTX000856,GC000679,STORE054,-19.05,2023-11-10
GCTX000857,GC000129,STORE074,64.53,2024-04-10
GCTX000858,GC000510,STORE055,18.7,2023-10-07
GCTX000859,GC000165,STORE069,99.47,2024-05-21
GCTX000860,GC000277,STORE040,57.38,2024-07-21
GCTX000861,GC000257,STORE014,-45.27,2023-10-14
GCTX000862,GC000132,STORE028,-47.13,2025-02-07
GCTX000863,GC000992,STORE072,-32.82,2024-01-28
GCTX000864,GC000570,STORE080,68.65,2023-07-25
GCTX000865,GC000257,STORE071,-94.54,2023-12-29
GCTX000866,GC000141,STORE067,-53.96,2025-04-22
GCTX000867,GC000686,STORE029,80.98,2023-12-12
GCTX000868,GC000687,STORE061,27.98,2023-06-18
GCTX000869,GC000209,STORE068,-54.63,2023-08-16
GCTX000870,GC000716,STORE009,-56.17,2024-08-30
GCTX000871,GC000519,STORE017,72.52,2025-01-10
GCTX000872,GC000051,STORE049,78.75,2024-04-29
GCTX000873,GC000503,STORE063,-48.77,2025-03-07
GCTX000874,GC000259,STORE078,-15.9,2025-05-14
GCTX000875,GC000178,STORE046,66.92,2025-04-19
GCTX000876,GC000922,STORE013,54.2,2024-07-17
GCTX000877,GC000543,STORE045,62.78,2023-10-13
GCTX000878,GC000356,STORE053,3.68,2023-08-04
GCTX000879,GC000318,STORE017,82.31,2023-11-27
GCTX000880,GC000666,STORE047,-34.81,2024-09-30
GCTX000881,GC000963,STORE062,-68.67,2025-04-12
GCTX000882,GC000364,STORE050,41.75,2024-09-30
GCTX000883,GC000055,STORE043,7.87,2024-03-06
GCTX000884,GC000156,STORE068,70.92,2024-05-24
GCTX000885,GC000044,STORE075,-83.77,2024-02-28
GCTX000886,GC000593,STORE072,68.74,2025-02-17
GCTX000887,GC000678,STORE028,-41.34,2024-05-29
GCTX000888,GC000542,STORE045,30.97,2023-06-09
GCTX000889,GC000322,STORE041,-91.97,2024-07-06
GCTX000890,GC000648,STORE036,21.92,2024-12-07
GCTX000891,GC000014,STORE033,43.45,2023-09-08
GCTX000892,GC000357,STORE025,-26.25,2023-07-15
GCTX000893,GC000483,STORE019,-56.92,2024-04-12
GCTX000894,GC000618,STORE047,7.53,2023-10-08
GCTX000895,GC000359,STORE033,66.64,2024-11-26
GCTX000896,GC000318,STORE067,-35.29,2024-06-01
GCTX000897,GC000075,STORE014,-49.51,2024-04-26
GCTX000898,GC000959,STORE079,-44.21,2024-03-06
GCTX000899,GC000591,STORE033,89.83,2024-08-04
GCTX000900,GC000194,STORE042,-28.14,2024-07-04
GCTX000901,GC000997,STORE065,-99.28,2025-03-21
GCTX000902,GC000363,STORE047,56.34,2024-10-09
GCTX000903,GC000096,STORE035,39.85,2025-04-24
GCTX000904,GC000040,STORE032,-74.29,2024-01-02
GCTX000905,GC000768,STORE055,96.98,2024-01-12
GCTX000906,GC000397,STORE054,21.61,2023-06-30
GCTX000907,GC000107,STORE076,0.16,2024-10-21
GCTX000908,GC000017,STORE051,-23.56,2024-11-01
GCTX000909,GC000527,STORE080,79.73,2024-05-05
GCTX000910,GC000929,STORE059,-51.21,2025-02-01
GCTX000911,GC000784,STORE072,-42.85,2024-04-20
GCTX000912,GC000499,STORE014,-75.52,2024-01-16
GCTX000913,GC000525,STORE018,51.82,2024-08-31
GCTX000914,GC000759,STORE055,19.11,2023-10-22
GCTX000915,GC000726,STORE056,21.81,2023-08-22
GCTX000916,GC000663,STORE049,-56.31,2024-06-20
GCTX000917,GC000804,STORE060,30.23,2024-09-13
GCTX000918,GC000043,STORE053,53.09,2024-11-22
GCTX000919,GC000946,STORE071,-28.42,2024-03-28
GCTX000920,GC000626,STORE006,60.27,2025-05-25
GCTX000921,GC000842,STORE070,-30.24,2024-02-13
GCTX000922,GC000593,STORE008,51.63,2024-01-26
GCTX000923,GC000350,STORE015,-93.25,2024-06-03
GCTX000924,GC000653,STORE026,10.23,2025-02-22
GCTX000925,GC000030,STORE039,93.91,2024-11-13
GCTX000926,GC000441,STORE003,96.25,2023-06-23
GCTX000927,GC000542,STORE057,-43.65,2023-09-06
GCTX000928,GC000455,STORE010,-11.72,2024-09-18
GCTX000929,GC000778,STORE003,-87.4,2023-12-11
GCTX000930,GC000611,STORE046,74.67,2025-03-05
GCTX000931,GC000962,STORE022,13.71,2025-01-18
GCTX000932,GC000094,STORE067,-22.98,2024-08-26
GCTX000933,GC000723,STORE065,-77.45,2023-10-19
GCTX000934,GC000295,STORE019,89.35,2024-10-13
GCTX000935,GC000549,STORE062,6.04,2025-04-18
GCTX000936,GC000899,STORE057,-43.41,2024-02-21
GCTX000937,GC000089,STORE076,-29.96,2024-06-07
GCTX000938,GC000930,STORE013,-45.86,2024-01-01
GCTX000939,GC000503,STORE016,20.36,2023-11-01
GCTX000940,GC000767,STORE016,85.99,2024-10-07
GCTX000941,GC000214,STORE052,71.34,2024-05-02
GCTX000942,GC000422,STORE041,-7.92,2023-11-05
GCTX000943,GC000526,STORE048,65.3,2024-05-07
GCTX000944,GC000192,STORE039,-15.38,2025-01-28
GCTX000945,GC000807,STORE013,-49.54,2024-07-14
GCTX000946,GC000694,STORE004,96.68,2024-12-06
GCTX000947,GC000642,STORE043,-39.22,2025-04-30
GCTX000948,GC000224,STORE046,-35.26,2023-12-27
GCTX000949,GC000555,STORE047,97.94,2025-01-10
GCTX000950,GC000693,STORE053,-73.21,2025-04-08
GCTX000951,GC000387,STORE025,52.11,2024-08-31
GCTX000952,GC000681,STORE041,87.16,2023-10-24
GCTX000953,GC000776,STORE003,2.36,2023-10-17
GCTX000954,GC000474,STORE077,-99.5,2023-07-22
GCTX000955,GC000608,STORE013,-24.99,2024-04-15
GCTX000956,GC000203,STORE018,-77.69,2023-09-01
GCTX000957,GC000447,STORE037,-16.76,2023-08-22
GCTX000958,GC000833,STORE043,58.01,2023-07-06
GCTX000959,GC000847,STORE034,-12.26,2024-07-26
GCTX000960,GC000900,STORE055,-13.61,2024-05-08
GCTX000961,GC000068,STORE052,11.36,2023-06-11
GCTX000962,GC000092,STORE036,16.34,2023-12-14
GCTX000963,GC000778,STORE054,71.26,2023-10-23
GCTX000964,GC000843,STORE059,-38.33,2024-12-04
GCTX000965,GC000178,STORE052,64.33,2025-01-28
GCTX000966,GC000663,STORE019,13.19,2025-05-13
GCTX000967,GC000829,STORE012,-39.89,2024-08-01
GCTX000968,GC000559,STORE011,-40.97,2023-10-07
GCTX000969,GC000003,STORE048,-27.77,2024-07-26
GCTX000970,GC000999,STORE079,24.54,2023-08-31
GCTX000971,GC000103,STORE016,-53.84,2024-03-29
GCTX000972,GC000273,STORE071,84.07,2025-05-16
GCTX000973,GC000534,STORE047,14.98,2024-12-16
GCTX000974,GC000116,STORE067,84.0,2025-04-23
GCTX000975,GC000859,STORE031,-90.72,2023-12-06
GCTX000976,GC000912,STORE076,-31.48,2024-07-30
GCTX000977,GC000464,STORE008,-95.44,2024-05-20
GCTX000978,GC000104,STORE061,-45.55,2024-07-27
GCTX000979,GC000259,STORE044,72.4,2024-12-29
GCTX000980,GC000308,STORE050,-92.68,2025-04-04
GCTX000981,GC000367,STORE035,-12.77,2023-08-21
GCTX000982,GC000929,STORE076,-76.49,2023-06-05
GCTX000983,GC000810,STORE061,-16.63,2024-05-10
GCTX000984,GC000642,STORE055,67.77,2024-09-20
GCTX000985,GC000807,STORE066,24.61,2025-03-11
GCTX000986,GC000302,STORE014,47.35,2025-03-18
GCTX000987,GC000560,STORE004,-30.18,2023-09-21
GCTX000988,GC000027,STORE017,88.88,2025-01-23
GCTX000989,GC000508,STORE069,41.85,2024-06-16
GCTX000990,GC000527,STORE024,-15.64,2023-11-25
GCTX000991,GC000775,STORE049,-14.71,2024-02-10
GCTX000992,GC000365,STORE055,83.74,2024-04-23
GCTX000993,GC000953,STORE071,15.28,2024-08-16
GCTX000994,GC000298,STORE023,41.28,2023-10-02
GCTX000995,GC000777,STORE012,-16.59,2023-05-27
GCTX000996,GC000361,STORE011,-55.26,2024-05-28
GCTX000997,GC000646,STORE075,44.71,2024-05-08
GCTX000998,GC000504,STORE029,21.56,2024-10-29
GCTX000999,GC000953,STORE062,0.27,2023-12-03
GCTX001000,GC000588,STORE053,24.8,2024-03-15
GCTX001001,GC000030,STORE048,-58.34,2024-03-20
GCTX001002,GC000439,STORE066,58.79,2023-12-09
GCTX001003,GC000340,STORE048,89.63,2025-01-31
GCTX001004,GC000126,STORE059,78.22,2025-02-09
GCTX001005,GC000596,STORE071,-35.71,2024-04-02
GCTX001006,GC000566,STORE057,-18.8,2023-10-07
GCTX001007,GC000366,STORE076,61.68,2024-06-07
GCTX001008,GC000795,STORE003,19.02,2024-07-31
GCTX001009,GC000852,STORE032,9.58,2024-11-08
GCTX001010,GC000443,STORE008,85.33,2024-05-28
GCTX001011,GC000263,STORE030,7.2,2023-07-30
GCTX001012,GC000936,STORE015,2.99,2023-09-15
GCTX001013,GC000872,STORE074,-91.6,2024-12-10
GCTX001014,GC000222,STORE055,-86.12,2023-06-03
GCTX001015,GC000840,STORE038,-98.52,2023-12-23
GCTX001016,GC000002,STORE015,82.65,2024-02-04
GCTX001017,GC000910,STORE030,-18.32,2025-03-30
GCTX001018,GC000394,STORE046,-6.29,2023-12-19
GCTX001019,GC000306,STORE064,69.08,2024-01-12
GCTX001020,GC000146,STORE026,21.85,2024-10-30
GCTX001021,GC000530,STORE078,21.9,2024-07-08
GCTX001022,GC000528,STORE067,-40.69,2023-11-12
GCTX001023,GC000308,STORE036,66.78,2024-05-04
GCTX001024,GC000965,STORE078,-66.83,2024-03-30
GCTX001025,GC000948,STORE031,-89.37,2024-09-17
GCTX001026,GC000671,STORE078,-61.68,2024-08-31
GCTX001027,GC000997,STORE040,-46.45,2023-07-29
GCTX001028,GC000340,STORE074,-43.54,2024-08-04
GCTX001029,GC000919,STORE073,34.1,2024-12-14
GCTX001030,GC000352,STORE046,-56.44,2025-02-21
GCTX001031,GC000810,STORE042,35.33,2025-04-21
GCTX001032,GC000209,STORE018,-81.77,2024-05-14
GCTX001033,GC000958,STORE036,-70.56,2023-11-13
GCTX001034,GC000205,STORE076,1.76,2024-10-31
GCTX001035,GC000625,STORE050,84.38,2023-07-19
GCTX001036,GC000690,STORE061,71.91,2024-01-04
GCTX001037,GC000973,STORE040,93.75,2024-08-25
GCTX001038,GC000721,STORE003,30.1,2023-10-19
GCTX001039,GC000636,STORE007,35.16,2024-06-21
GCTX001040,GC000015,STORE031,25.0,2025-03-19
GCTX001041,GC000858,STORE065,24.56,2024-11-03
GCTX001042,GC000428,STORE064,-70.58,2023-08-15
GCTX001043,GC000476,STORE077,8.75,2023-09-21
GCTX001044,GC000298,STORE003,-22.79,2024-03-01
GCTX001045,GC000557,STORE035,-11.49,2024-04-25
GCTX001046,GC000094,STORE015,4.72,2024-10-12
GCTX001047,GC000107,STORE021,-74.32,2023-08-21
GCTX001048,GC000419,STORE062,-28.1,2023-12-06
GCTX001049,GC000278,STORE028,-87.31,2023-08-23
GCTX001050,GC000128,STORE004,95.93,2024-08-27
GCTX001051,GC000970,STORE013,-76.29,2024-04-02
GCTX001052,GC000459,STORE079,-48.3,2023-11-05
GCTX001053,GC000038,STORE051,78.26,2024-02-27
GCTX001054,GC000609,STORE048,-3.46,2023-06-26
GCTX001055,GC000198,STORE039,-72.87,2025-04-27
GCTX001056,GC000704,STORE067,-23.15,2023-10-20
GCTX001057,GC000357,STORE058,-76.83,2024-01-24
GCTX001058,GC000007,STORE002,-59.96,2024-10-21
GCTX001059,GC000556,STORE025,-89.59,2023-06-11
GCTX001060,GC000332,STORE011,-12.35,2023-12-01
GCTX001061,GC000519,STORE001,61.33,2023-08-09
GCTX001062,GC000194,STORE048,17.19,2025-04-02
GCTX001063,GC000316,STORE048,21.27,2023-07-25
GCTX001064,GC000001,STORE010,-59.88,2023-06-15
GCTX001065,GC000062,STORE030,-31.22,2024-08-28
GCTX001066,GC000343,STORE035,69.05,2024-01-13
GCTX001067,GC000601,STORE019,-82.43,2025-04-28
GCTX001068,GC000018,STORE053,71.59,2023-07-13
GCTX001069,GC000620,STORE034,-3.26,2023-11-30
GCTX001070,GC000647,STORE032,67.43,2024-01-04
GCTX001071,GC000371,STORE076,-36.4,2024-01-02
GCTX001072,GC000822,STORE006,-32.23,2023-06-13
GCTX001073,GC000579,STORE013,50.32,2024-10-29
GCTX001074,GC000605,STORE075,57.0,2025-03-07
GCTX001075,GC000650,STORE064,-54.07,2024-06-08
GCTX001076,GC000701,STORE007,94.57,2024-08-17
GCTX001077,GC000571,STORE045,-83.1,2023-08-01
GCTX001078,GC000699,STORE045,-86.3,2024-08-27
GCTX001079,GC000235,STORE065,19.1,2024-11-29
GCTX001080,GC000069,STORE019,44.55,2024-03-15
GCTX001081,GC000447,STORE047,92.18,2023-08-20
GCTX001082,GC000610,STORE046,-19.01,2024-10-22
GCTX001083,GC000008,STORE029,-94.94,2024-02-23
GCTX001084,GC000462,STORE061,20.58,2023-07-25
GCTX001085,GC001000,STORE065,-42.06,2025-01-07
GCTX001086,GC000311,STORE023,-13.41,2024-06-11
GCTX001087,GC000134,STORE051,-2.31,2024-05-14
GCTX001088,GC000385,STORE063,-87.1,2024-09-23
GCTX001089,GC000056,STORE022,-2.8,2024-07-17
GCTX001090,GC000993,STORE071,-14.74,2023-08-14
GCTX001091,GC000360,STORE033,42.51,2023-11-29
GCTX001092,GC000971,STORE044,29.13,2023-09-05
GCTX001093,GC000114,STORE007,-62.96,2024-11-23
GCTX001094,GC000088,STORE002,-58.77,2024-02-26
GCTX001095,GC000138,STORE017,-49.8,2024-05-29
GCTX001096,GC000108,STORE065,-64.21,2025-01-27
GCTX001097,GC000500,STORE058,31.44,2024-08-23
GCTX001098,GC000535,STORE030,98.89,2024-01-08
GCTX001099,GC000144,STORE026,30.42,2024-09-16
GCTX001100,GC000869,STORE035,21.34,2025-03-04
GCTX001101,GC000656,STORE063,-18.01,2025-03-19
GCTX001102,GC000056,STORE075,-37.48,2025-05-20
GCTX001103,GC000620,STORE071,82.21,2024-02-23
GCTX001104,GC000863,STORE028,93.8,2024-04-14
GCTX001105,GC000006,STORE025,-0.64,2024-11-02
GCTX001106,GC000542,STORE061,-41.96,2024-11-01
GCTX001107,GC000447,STORE031,54.02,2024-02-21
GCTX001108,GC000997,STORE054,-73.51,2024-05-23
GCTX001109,GC000385,STORE067,53.12,2024-03-10
GCTX001110,GC000307,STORE051,63.79,2025-04-01
GCTX001111,GC000874,STORE058,-75.02,2023-07-01
GCTX001112,GC000857,STORE034,95.37,2025-04-10
GCTX001113,GC000639,STORE059,97.1,2023-07-14
GCTX001114,GC000302,STORE021,87.34,2023-12-16
GCTX001115,GC000633,STORE056,-0.79,2024-11-21
GCTX001116,GC000405,STORE037,-50.79,2024-04-09
GCTX001117,GC000611,STORE064,16.4,2025-01-15
GCTX001118,GC000678,STORE019,-16.01,2024-04-04
GCTX001119,GC000837,STORE078,-58.81,2023-12-06
GCTX001120,GC000831,STORE074,-15.26,2025-05-20
GCTX001121,GC000753,STORE053,32.78,2024-04-18
GCTX001122,GC000562,STORE071,-85.82,2024-10-23
GCTX001123,GC000780,STORE063,-33.32,2024-05-29
GCTX001124,GC000837,STORE062,-96.44,2025-03-30
GCTX001125,GC000510,STORE072,49.9,2023-06-24
GCTX001126,GC000073,STORE077,28.14,2024-12-29
GCTX001127,GC000812,STORE019,-87.47,2024-04-09
GCTX001128,GC000564,STORE075,92.95,2023-09-10
GCTX001129,GC000265,STORE002,-95.48,2023-10-15
GCTX001130,GC000227,STORE006,17.99,2023-11-22
GCTX001131,GC000193,STORE029,55.27,2025-04-25
GCTX001132,GC000374,STORE041,57.58,2023-10-22
GCTX001133,GC000751,STORE051,-93.14,2024-03-16
GCTX001134,GC000010,STORE005,81.28,2023-11-19
GCTX001135,GC000302,STORE041,83.69,2025-01-20
GCTX001136,GC000359,STORE062,12.28,2023-08-05
GCTX001137,GC000740,STORE030,-3.58,2024-11-23
GCTX001138,GC000954,STORE062,-91.03,2023-06-09
GCTX001139,GC000805,STORE027,12.39,2024-10-01
GCTX001140,GC000052,STORE050,-18.12,2024-01-23
GCTX001141,GC000752,STORE052,54.56,2023-12-06
GCTX001142,GC000099,STORE049,-19.22,2025-05-05
GCTX001143,GC000593,STORE062,36.72,2024-04-07
GCTX001144,GC000013,STORE060,-79.72,2023-10-03
GCTX001145,GC000390,STORE080,-73.41,2024-03-23
GCTX001146,GC000954,STORE054,-72.06,2023-08-11
GCTX001147,GC000357,STORE005,-90.89,2024-12-28
GCTX001148,GC000640,STORE009,8.27,2024-05-18
GCTX001149,GC000816,STORE034,58.79,2024-08-10
GCTX001150,GC000928,STORE036,22.08,2024-04-03
GCTX001151,GC000011,STORE020,14.99,2024-08-16
GCTX001152,GC000081,STORE063,36.12,2025-02-27
GCTX001153,GC000261,STORE067,-32.07,2023-09-15
GCTX001154,GC000006,STORE030,-27.61,2024-06-06
GCTX001155,GC000458,STORE069,-37.15,2024-06-01
GCTX001156,GC000373,STORE070,42.42,2024-12-09
GCTX001157,GC000481,STORE003,-67.67,2025-02-01
GCTX001158,GC000222,STORE049,-97.39,2023-10-22
GCTX001159,GC000917,STORE042,19.24,2024-12-31
GCTX001160,GC000810,STORE024,88.48,2024-09-09
GCTX001161,GC000081,STORE044,21.88,2024-06-10
GCTX001162,GC000923,STORE001,56.58,2024-11-05
GCTX001163,GC000515,STORE054,34.56,2024-06-08
GCTX001164,GC000060,STORE052,-0.51,2024-10-06
GCTX001165,GC000221,STORE036,43.68,2025-03-25
GCTX001166,GC000962,STORE079,64.82,2025-05-01
GCTX001167,GC000349,STORE038,-55.05,2023-09-07
GCTX001168,GC000561,STORE044,-32.77,2023-09-15
GCTX001169,GC000228,STORE047,-55.25,2023-09-05
GCTX001170,GC000290,STORE029,-9.57,2023-09-07
GCTX001171,GC000293,STORE051,77.01,2023-08-03
GCTX001172,GC000810,STORE041,-30.96,2025-03-16
GCTX001173,GC000193,STORE064,-25.11,2025-03-03
GCTX001174,GC000956,STORE048,72.07,2024-01-10
GCTX001175,GC000474,STORE077,3.07,2025-04-02
GCTX001176,GC000257,STORE022,7.09,2024-01-07
GCTX001177,GC000955,STORE017,72.16,2025-05-09
GCTX001178,GC000506,STORE005,-1.89,2024-09-22
GCTX001179,GC000388,STORE061,36.31,2024-12-08
GCTX001180,GC000615,STORE006,-82.87,2024-02-13
GCTX001181,GC000398,STORE053,-64.27,2024-03-12
GCTX001182,GC000366,STORE017,-19.12,2024-05-16
GCTX001183,GC000658,STORE059,-1.03,2025-05-11
GCTX001184,GC000290,STORE039,93.15,2023-12-14
GCTX001185,GC000769,STORE054,94.13,2024-12-19
GCTX001186,GC000309,STORE048,70.24,2024-12-19
GCTX001187,GC000278,STORE037,-36.88,2023-06-19
GCTX001188,GC000464,STORE048,92.81,2023-09-01
GCTX001189,GC000189,STORE068,37.87,2024-07-27
GCTX001190,GC000918,STORE078,-21.41,2024-03-14
GCTX001191,GC000178,STORE077,40.33,2023-06-26
GCTX001192,GC000528,STORE027,-96.7,2024-12-10
GCTX001193,GC000924,STORE027,-70.77,2023-12-20
GCTX001194,GC000988,STORE072,65.94,2024-08-25
GCTX001195,GC000375,STORE063,29.11,2024-12-26
GCTX001196,GC000598,STORE052,-27.16,2024-05-12
GCTX001197,GC000760,STORE047,0.13,2023-11-20
GCTX001198,GC000454,STORE021,81.03,2023-06-20
GCTX001199,GC000217,STORE057,26.32,2024-05-22
GCTX001200,GC000042,STORE075,-20.37,2025-01-31
GCTX001201,GC000194,STORE042,-75.93,2025-05-24
GCTX001202,GC000327,STORE048,-41.25,2024-02-24
GCTX001203,GC000373,STORE027,95.67,2023-06-14
GCTX001204,GC000465,STORE072,-12.53,2024-08-14
GCTX001205,GC000163,STORE033,-5.63,2023-11-04
GCTX001206,GC000276,STORE076,-0.28,2023-12-04
GCTX001207,GC000364,STORE035,76.82,2025-05-07
GCTX001208,GC000642,STORE016,20.79,2024-05-28
GCTX001209,GC000775,STORE036,38.74,2024-03-16
GCTX001210,GC000480,STORE066,-22.12,2025-05-05
GCTX001211,GC000689,STORE076,-94.18,2024-02-19
GCTX001212,GC000979,STORE056,86.19,2025-02-11
GCTX001213,GC000460,STORE017,89.83,2024-05-12
GCTX001214,GC000265,STORE020,89.83,2025-02-24
GCTX001215,GC000539,STORE008,88.74,2024-07-19
GCTX001216,GC000974,STORE018,63.05,2024-01-09
GCTX001217,GC000386,STORE018,36.92,2024-02-04
GCTX001218,GC000085,STORE018,68.9,2025-02-20
GCTX001219,GC000708,STORE002,20.11,2024-01-21
GCTX001220,GC000316,STORE076,-73.13,2024-12-03
GCTX001221,GC000243,STORE072,-21.76,2025-01-26
GCTX001222,GC000469,STORE051,94.26,2025-05-10
GCTX001223,GC000880,STORE010,-29.77,2024-12-14
GCTX001224,GC000342,STORE075,73.57,2024-09-25
GCTX001225,GC000177,STORE014,-81.36,2024-05-13
GCTX001226,GC000130,STORE026,-33.16,2024-09-01
GCTX001227,GC000657,STORE047,-29.81,2023-10-18
GCTX001228,GC000083,STORE030,-89.68,2024-04-23
GCTX001229,GC000360,STORE056,-76.18,2024-08-16
GCTX001230,GC000088,STORE042,-61.37,2024-08-10
GCTX001231,GC000532,STORE004,67.56,2025-01-02
GCTX001232,GC000742,STORE011,-87.32,2023-08-17
GCTX001233,GC000972,STORE024,-40.26,2023-09-15
GCTX001234,GC000985,STORE067,-97.96,2024-11-11
GCTX001235,GC000638,STORE037,39.13,2025-01-30
GCTX001236,GC000471,STORE002,24.06,2025-05-04
GCTX001237,GC000498,STORE012,29.0,2023-11-27
GCTX001238,GC000507,STORE021,-25.12,2023-09-30
GCTX001239,GC000354,STORE069,-58.35,2024-04-22
GCTX001240,GC000416,STORE071,44.06,2025-01-13
GCTX001241,GC000051,STORE064,62.22,2024-12-27
GCTX001242,GC000600,STORE068,-72.28,2023-12-18
GCTX001243,GC000682,STORE043,-2.63,2024-10-18
GCTX001244,GC000063,STORE054,-50.26,2023-10-06
GCTX001245,GC000089,STORE062,-66.38,2024-02-06
GCTX001246,GC000701,STORE073,46.87,2023-09-10
GCTX001247,GC000190,STORE012,7.62,2024-04-14
GCTX001248,GC000899,STORE001,-56.76,2023-08-15
GCTX001249,GC000601,STORE072,-38.0,2023-12-09
GCTX001250,GC000348,STORE033,93.33,2024-06-05
GCTX001251,GC000844,STORE064,69.74,2024-03-02
GCTX001252,GC000538,STORE068,75.99,2024-11-23
GCTX001253,GC000176,STORE014,-8.0,2023-10-19
GCTX001254,GC000364,STORE014,24.76,2023-07-30
GCTX001255,GC000776,STORE009,-24.65,2023-08-03
GCTX001256,GC000901,STORE073,-84.46,2024-11-26
GCTX001257,GC000907,STORE026,-19.79,2024-01-15
GCTX001258,GC000554,STORE049,18.8,2024-04-30
GCTX001259,GC000483,STORE017,-42.57,2025-03-11
GCTX001260,GC000987,STORE068,69.59,2025-02-13
GCTX001261,GC000119,STORE060,-69.78,2024-03-11
GCTX001262,GC000169,STORE003,-26.57,2024-03-07
GCTX001263,GC000620,STORE025,-75.02,2024-08-21
GCTX001264,GC000998,STORE021,-19.03,2024-05-28
GCTX001265,GC000147,STORE012,-92.07,2024-11-23
GCTX001266,GC000688,STORE054,-45.49,2023-10-18
GCTX001267,GC000437,STORE001,-19.85,2024-10-08
GCTX001268,GC000439,STORE001,-4.37,2024-01-18
GCTX001269,GC000888,STORE045,8.74,2023-08-13
GCTX001270,GC000189,STORE046,-45.0,2023-12-30
GCTX001271,GC000160,STORE048,4.61,2024-05-03
GCTX001272,GC000814,STORE007,1.8,2023-07-05
GCTX001273,GC000860,STORE010,-36.76,2025-05-13
GCTX001274,GC000932,STORE015,66.04,2025-04-21
GCTX001275,GC000402,STORE040,9.13,2024-11-02
GCTX001276,GC000586,STORE011,-33.55,2023-12-22
GCTX001277,GC000864,STORE056,89.47,2023-06-04
GCTX001278,GC000018,STORE046,69.02,2025-01-02
GCTX001279,GC000140,STORE045,96.52,2024-06-20
GCTX001280,GC000115,STORE013,38.45,2024-04-16
GCTX001281,GC000328,STORE027,-24.36,2024-02-27
GCTX001282,GC000225,STORE050,-43.83,2024-08-17
GCTX001283,GC000558,STORE061,32.66,2025-01-17
GCTX001284,GC000439,STORE013,96.16,2025-01-13
GCTX001285,GC000550,STORE012,25.34,2024-05-06
GCTX001286,GC000718,STORE029,76.32,2023-07-19
GCTX001287,GC000386,STORE020,-34.18,2024-06-12
GCTX001288,GC000521,STORE031,-18.61,2024-12-06
GCTX001289,GC000253,STORE008,81.26,2024-08-11
GCTX001290,GC000620,STORE024,51.37,2023-11-19
GCTX001291,GC000901,STORE075,96.28,2023-08-20
GCTX001292,GC000098,STORE039,54.95,2024-02-26
GCTX001293,GC000787,STORE033,-10.3,2024-07-05
GCTX001294,GC000071,STORE042,6.21,2024-11-20
GCTX001295,GC000551,STORE015,80.1,2024-03-30
GCTX001296,GC000810,STORE068,10.33,2023-10-31
GCTX001297,GC000913,STORE065,-48.92,2024-06-05
GCTX001298,GC000447,STORE032,-12.88,2024-05-12
GCTX001299,GC000090,STORE011,3.26,2023-06-01
GCTX001300,GC000430,STORE037,-80.66,2024-02-18
GCTX001301,GC000219,STORE019,48.75,2023-11-26
GCTX001302,GC000107,STORE051,-78.13,2023-11-17
GCTX001303,GC000476,STORE034,-19.02,2025-02-07
GCTX001304,GC000916,STORE071,60.92,2025-05-03
GCTX001305,GC000454,STORE060,-6.49,2024-03-03
GCTX001306,GC000904,STORE053,68.4,2023-09-18
GCTX001307,GC000608,STORE012,-31.62,2024-06-26
GCTX001308,GC000915,STORE062,91.53,2024-04-27
GCTX001309,GC000544,STORE066,-58.11,2024-10-22
GCTX001310,GC000126,STORE048,-92.35,2025-05-14
GCTX001311,GC000147,STORE040,74.49,2024-09-08
GCTX001312,GC000280,STORE024,50.44,2023-12-03
GCTX001313,GC000024,STORE050,-53.6,2024-08-22
GCTX001314,GC000952,STORE068,96.95,2024-05-04
GCTX001315,GC000721,STORE043,0.46,2025-02-08
GCTX001316,GC000120,STORE017,90.21,2023-12-01
GCTX001317,GC000786,STORE055,1.01,2023-10-14
GCTX001318,GC000652,STORE034,-5.63,2024-11-13
GCTX001319,GC000297,STORE070,-10.17,2024-11-01
GCTX001320,GC000855,STORE060,-33.02,2024-01-05
GCTX001321,GC000944,STORE051,6.74,2025-01-22
GCTX001322,GC000082,STORE077,-9.49,2023-11-27
GCTX001323,GC000448,STORE073,-92.65,2023-10-12
GCTX001324,GC000912,STORE035,-47.91,2025-02-06
GCTX001325,GC000720,STORE034,-57.38,2025-04-19
GCTX001326,GC000996,STORE016,73.49,2025-05-25
GCTX001327,GC000919,STORE018,19.77,2025-01-22
GCTX001328,GC000470,STORE038,52.74,2025-04-20
GCTX001329,GC000423,STORE043,91.37,2023-07-01
GCTX001330,GC000545,STORE032,28.81,2025-04-06
GCTX001331,GC000024,STORE007,96.52,2024-01-14
GCTX001332,GC000061,STORE046,-37.65,2024-02-29
GCTX001333,GC000823,STORE061,-62.75,2025-05-05
GCTX001334,GC000701,STORE018,-19.34,2024-12-09
GCTX001335,GC000084,STORE071,-5.84,2025-02-06
GCTX001336,GC000225,STORE040,79.07,2024-12-24
GCTX001337,GC000991,STORE078,11.99,2023-06-08
GCTX001338,GC000680,STORE050,-41.56,2024-03-03
GCTX001339,GC000186,STORE005,48.53,2023-05-28
GCTX001340,GC000375,STORE054,1.17,2025-03-12
GCTX001341,GC000072,STORE058,-67.57,2025-01-14
GCTX001342,GC000074,STORE022,15.36,2025-04-11
GCTX001343,GC000897,STORE074,82.28,2025-03-14
GCTX001344,GC000341,STORE079,68.52,2024-04-14
GCTX001345,GC000153,STORE038,17.36,2024-05-08
GCTX001346,GC000096,STORE049,-24.58,2024-10-31
GCTX001347,GC000565,STORE001,-82.6,2024-01-20
GCTX001348,GC000445,STORE078,-6.07,2023-07-18
GCTX001349,GC000686,STORE036,50.42,2025-03-15
GCTX001350,GC000110,STORE028,-27.95,2025-02-17
GCTX001351,GC000458,STORE035,-52.91,2023-07-17
GCTX001352,GC000828,STORE060,86.28,2024-04-19
GCTX001353,GC000051,STORE062,64.31,2024-04-29
GCTX001354,GC000377,STORE046,27.66,2024-11-06
GCTX001355,GC000765,STORE079,-72.64,2024-02-09
GCTX001356,GC000073,STORE061,-71.02,2023-07-14
GCTX001357,GC000212,STORE065,-79.36,2025-05-03
GCTX001358,GC000432,STORE026,23.26,2024-07-23
GCTX001359,GC000724,STORE035,-76.89,2024-08-06
GCTX001360,GC000763,STORE057,68.53,2023-11-19
GCTX001361,GC000168,STORE079,98.59,2024-02-23
GCTX001362,GC000775,STORE063,-26.73,2025-01-25
GCTX001363,GC000331,STORE004,-9.27,2023-12-14
GCTX001364,GC000981,STORE079,42.33,2024-05-22
GCTX001365,GC000742,STORE042,87.43,2025-01-13
GCTX001366,GC000751,STORE045,78.82,2024-09-21
GCTX001367,GC000787,STORE039,-88.48,2023-08-20
GCTX001368,GC000494,STORE065,-66.19,2025-02-28
GCTX001369,GC000143,STORE022,50.92,2024-12-12
GCTX001370,GC000582,STORE011,37.78,2024-07-03
GCTX001371,GC000445,STORE037,-73.36,2025-05-17
GCTX001372,GC000824,STORE051,0.41,2025-05-13
GCTX001373,GC000394,STORE058,56.16,2024-08-09
GCTX001374,GC000512,STORE077,-56.24,2024-08-09
GCTX001375,GC000686,STORE007,74.26,2024-08-29
GCTX001376,GC000848,STORE008,-89.41,2023-11-25
GCTX001377,GC000621,STORE051,56.44,2023-08-02
GCTX001378,GC000715,STORE023,23.16,2023-06-06
GCTX001379,GC000697,STORE009,-36.96,2023-12-13
GCTX001380,GC000803,STORE046,44.19,2023-09-28
GCTX001381,GC000328,STORE038,56.47,2025-02-11
GCTX001382,GC000604,STORE013,86.78,2023-12-30
GCTX001383,GC000259,STORE007,-26.45,2024-11-22
GCTX001384,GC000834,STORE011,37.2,2024-01-08
GCTX001385,GC000437,STORE074,20.52,2024-12-16
GCTX001386,GC000718,STORE050,5.04,2024-03-15
GCTX001387,GC000564,STORE067,78.08,2023-08-05
GCTX001388,GC000349,STORE041,-99.37,2023-10-31
GCTX001389,GC000693,STORE029,-43.58,2024-06-30
GCTX001390,GC000950,STORE037,7.66,2024-01-02
GCTX001391,GC000815,STORE056,-64.34,2024-02-10
GCTX001392,GC000515,STORE080,81.57,2024-11-26
GCTX001393,GC000449,STORE016,29.52,2024-11-04
GCTX001394,GC000399,STORE044,-4.42,2024-07-11
GCTX001395,GC000596,STORE050,62.94,2024-11-13
GCTX001396,GC000214,STORE071,-9.82,2023-09-20
GCTX001397,GC000546,STORE079,11.73,2024-05-22
GCTX001398,GC000562,STORE006,-99.45,2023-12-26
GCTX001399,GC000289,STORE018,-26.86,2025-04-13
GCTX001400,GC000841,STORE019,-72.24,2025-04-25
GCTX001401,GC000259,STORE051,37.94,2024-01-23
GCTX001402,GC000258,STORE066,-4.19,2023-12-08
GCTX001403,GC000388,STORE003,-39.65,2023-07-13
GCTX001404,GC000784,STORE054,-6.43,2024-09-06
GCTX001405,GC000694,STORE049,-58.07,2023-11-02
GCTX001406,GC000545,STORE028,85.02,2024-10-10
GCTX001407,GC000265,STORE038,-89.21,2024-05-09
GCTX001408,GC000313,STORE028,73.08,2023-12-21
GCTX001409,GC000040,STORE032,2.27,2024-03-10
GCTX001410,GC000998,STORE041,23.79,2023-10-26
GCTX001411,GC000820,STORE036,-39.48,2024-03-07
GCTX001412,GC000210,STORE036,93.34,2024-02-18
GCTX001413,GC000272,STORE066,-43.63,2024-04-22
GCTX001414,GC000136,STORE010,17.78,2025-02-10
GCTX001415,GC000599,STORE070,98.68,2023-12-05
GCTX001416,GC000060,STORE072,76.22,2024-04-27
GCTX001417,GC000510,STORE079,7.27,2023-12-19
GCTX001418,GC000676,STORE063,98.07,2023-08-04
GCTX001419,GC000515,STORE022,40.27,2023-06-30
GCTX001420,GC000015,STORE020,-58.26,2024-12-22
GCTX001421,GC000614,STORE033,-18.88,2023-09-02
GCTX001422,GC000255,STORE015,-33.1,2024-01-30
GCTX001423,GC000737,STORE007,-31.2,2023-05-28
GCTX001424,GC000722,STORE050,52.09,2024-01-14
GCTX001425,GC000535,STORE010,16.85,2023-09-24
GCTX001426,GC000235,STORE079,-92.38,2024-10-17
GCTX001427,GC000131,STORE037,75.49,2025-02-14
GCTX001428,GC000670,STORE059,-40.64,2023-07-26
GCTX001429,GC000685,STORE075,99.41,2023-07-27
GCTX001430,GC000017,STORE063,90.84,2025-01-13
GCTX001431,GC000882,STORE021,88.11,2023-09-09
GCTX001432,GC000954,STORE079,62.23,2024-09-13
GCTX001433,GC000826,STORE079,-55.88,2024-01-05
GCTX001434,GC000992,STORE037,6.53,2024-03-20
GCTX001435,GC000878,STORE045,-55.14,2024-12-11
GCTX001436,GC000185,STORE014,-48.06,2024-06-08
GCTX001437,GC000391,STORE043,22.19,2024-03-29
GCTX001438,GC000423,STORE033,-91.83,2024-05-01
GCTX001439,GC000846,STORE003,93.89,2024-08-09
GCTX001440,GC000442,STORE044,83.73,2023-12-15
GCTX001441,GC000696,STORE035,-23.85,2024-12-21
GCTX001442,GC000655,STORE025,3.08,2024-09-05
GCTX001443,GC000556,STORE008,-6.78,2025-01-13
GCTX001444,GC000012,STORE062,76.44,2025-03-01
GCTX001445,GC000520,STORE018,37.72,2024-10-19
GCTX001446,GC000080,STORE028,-44.38,2025-05-14
GCTX001447,GC000809,STORE075,-10.63,2024-05-26
GCTX001448,GC000674,STORE012,-14.21,2024-12-17
GCTX001449,GC000302,STORE064,91.87,2025-05-05
GCTX001450,GC000216,STORE002,-64.94,2023-09-03
GCTX001451,GC000248,STORE059,-82.08,2025-05-12
GCTX001452,GC000541,STORE037,76.12,2024-04-29
GCTX001453,GC000272,STORE004,79.34,2024-05-23
GCTX001454,GC000133,STORE041,74.35,2024-10-10
GCTX001455,GC000005,STORE045,2.2,2024-11-17
GCTX001456,GC000756,STORE034,31.95,2024-01-29
GCTX001457,GC000542,STORE013,12.67,2023-12-01
GCTX001458,GC000629,STORE007,-86.11,2024-05-27
GCTX001459,GC000690,STORE032,19.17,2023-06-22
GCTX001460,GC000773,STORE023,-97.28,2023-11-02
GCTX001461,GC000747,STORE049,-35.0,2025-04-02
GCTX001462,GC000141,STORE072,86.46,2023-12-31
GCTX001463,GC000483,STORE047,-39.19,2024-06-05
GCTX001464,GC000305,STORE037,87.97,2024-06-11
GCTX001465,GC000345,STORE048,-49.97,2023-09-18
GCTX001466,GC000562,STORE029,-37.09,2023-09-09
GCTX001467,GC000270,STORE037,25.68,2023-09-30
GCTX001468,GC000108,STORE023,52.33,2025-03-05
GCTX001469,GC000558,STORE038,0.28,2024-09-28
GCTX001470,GC000474,STORE044,76.42,2024-03-13
GCTX001471,GC000082,STORE005,-91.95,2025-04-10
GCTX001472,GC000638,STORE052,84.44,2024-08-22
GCTX001473,GC000084,STORE040,-60.74,2024-12-14
GCTX001474,GC000290,STORE011,76.85,2024-12-18
GCTX001475,GC000071,STORE078,-19.83,2024-07-19
GCTX001476,GC000175,STORE002,66.55,2024-11-20
GCTX001477,GC000828,STORE035,34.33,2023-11-18
GCTX001478,GC000842,STORE045,-64.81,2024-01-01
GCTX001479,GC000463,STORE049,83.61,2024-12-19
GCTX001480,GC000849,STORE035,-50.9,2023-09-02
GCTX001481,GC000395,STORE072,-51.17,2024-07-02
GCTX001482,GC000866,STORE032,62.84,2023-07-30
GCTX001483,GC000091,STORE068,-78.83,2023-10-05
GCTX001484,GC000469,STORE071,-55.59,2024-04-10
GCTX001485,GC000863,STORE039,0.74,2024-10-26
GCTX001486,GC000434,STORE048,66.1,2023-07-23
GCTX001487,GC000249,STORE037,-70.5,2025-02-08
GCTX001488,GC000644,STORE060,9.53,2024-01-30
GCTX001489,GC000681,STORE074,42.25,2023-11-04
GCTX001490,GC000955,STORE004,72.12,2023-08-01
GCTX001491,GC000572,STORE023,87.11,2024-07-30
GCTX001492,GC000881,STORE014,56.93,2023-06-21
GCTX001493,GC000849,STORE005,30.57,2023-12-23
GCTX001494,GC000241,STORE066,-13.28,2023-11-02
GCTX001495,GC000702,STORE024,-77.58,2023-10-28
GCTX001496,GC000496,STORE018,41.95,2025-05-22
GCTX001497,GC000340,STORE027,98.55,2023-06-06
GCTX001498,GC000793,STORE024,47.35,2024-06-22
GCTX001499,GC000744,STORE029,-96.66,2024-04-08
GCTX001500,GC000471,STORE011,-0.75,2025-04-27
GCTX001501,GC000463,STORE018,22.93,2023-08-05
GCTX001502,GC000801,STORE004,37.93,2024-08-01
GCTX001503,GC000275,STORE033,43.95,2024-07-12
GCTX001504,GC000825,STORE078,11.62,2023-10-05
GCTX001505,GC000015,STORE042,-55.33,2024-10-09
GCTX001506,GC000041,STORE032,88.44,2025-03-25
GCTX001507,GC000965,STORE051,39.33,2024-03-22
GCTX001508,GC000208,STORE004,-52.63,2024-11-11
GCTX001509,GC000060,STORE020,-35.54,2025-03-07
GCTX001510,GC000365,STORE067,84.39,2024-08-14
GCTX001511,GC000240,STORE068,77.5,2023-05-29
GCTX001512,GC000608,STORE062,-18.97,2024-08-26
GCTX001513,GC000790,STORE058,-92.34,2024-06-28
GCTX001514,GC000939,STORE047,-90.3,2025-04-17
GCTX001515,GC000160,STORE075,-43.22,2025-02-16
GCTX001516,GC000397,STORE080,25.82,2025-01-14
GCTX001517,GC000934,STORE059,16.84,2023-07-07
GCTX001518,GC000794,STORE006,26.77,2024-12-20
GCTX001519,GC000500,STORE040,43.46,2024-04-19
GCTX001520,GC000209,STORE077,-96.19,2023-09-29
GCTX001521,GC000133,STORE023,-78.98,2024-05-01
GCTX001522,GC000381,STORE052,-28.1,2023-08-21
GCTX001523,GC000433,STORE004,-69.03,2024-07-21
GCTX001524,GC000609,STORE037,-84.94,2023-12-04
GCTX001525,GC000731,STORE042,28.19,2025-03-11
GCTX001526,GC000389,STORE044,63.07,2024-05-09
GCTX001527,GC000997,STORE042,50.53,2024-12-24
GCTX001528,GC000583,STORE029,63.41,2023-09-18
GCTX001529,GC000432,STORE019,33.17,2023-08-23
GCTX001530,GC000274,STORE032,47.07,2025-05-04
GCTX001531,GC000351,STORE044,-45.64,2023-07-29
GCTX001532,GC000134,STORE055,98.6,2023-06-06
GCTX001533,GC000066,STORE080,-63.37,2025-01-21
GCTX001534,GC000639,STORE005,-57.1,2024-06-26
GCTX001535,GC000205,STORE046,-42.22,2023-11-16
GCTX001536,GC000298,STORE076,95.07,2025-02-18
GCTX001537,GC000117,STORE045,97.66,2024-03-18
GCTX001538,GC000948,STORE021,58.98,2024-12-09
GCTX001539,GC000267,STORE078,25.81,2024-08-27
GCTX001540,GC000794,STORE022,4.01,2025-02-21
GCTX001541,GC000149,STORE030,94.12,2024-05-23
GCTX001542,GC000194,STORE023,39.12,2023-09-22
GCTX001543,GC000680,STORE005,88.95,2025-02-18
GCTX001544,GC000824,STORE063,-36.69,2025-02-23
GCTX001545,GC000886,STORE059,-33.25,2023-07-08
GCTX001546,GC000179,STORE052,70.94,2024-11-02
GCTX001547,GC000148,STORE065,-70.03,2023-12-07
GCTX001548,GC000465,STORE039,89.19,2024-07-27
GCTX001549,GC000976,STORE003,1.49,2023-06-05
GCTX001550,GC000569,STORE042,85.28,2025-02-01
GCTX001551,GC000005,STORE071,-32.64,2024-10-31
GCTX001552,GC000526,STORE027,43.19,2025-04-09
GCTX001553,GC000280,STORE028,-3.42,2024-08-31
GCTX001554,GC000499,STORE054,25.36,2024-07-30
GCTX001555,GC000836,STORE015,0.87,2023-12-03
GCTX001556,GC000436,STORE053,93.42,2024-04-07
GCTX001557,GC000816,STORE072,38.42,2024-08-10
GCTX001558,GC000216,STORE070,-49.74,2023-09-25
GCTX001559,GC000687,STORE004,81.94,2023-12-22
GCTX001560,GC000828,STORE017,-41.19,2023-06-12
GCTX001561,GC000969,STORE034,-25.68,2023-12-21
GCTX001562,GC000515,STORE006,-79.58,2025-02-27
GCTX001563,GC000887,STORE036,79.99,2023-07-03
GCTX001564,GC000137,STORE039,-42.78,2024-03-11
GCTX001565,GC000978,STORE080,-48.22,2024-07-17
GCTX001566,GC000612,STORE066,84.05,2024-05-06
GCTX001567,GC000595,STORE008,61.11,2024-09-05
GCTX001568,GC000280,STORE015,-71.78,2023-11-25
GCTX001569,GC000132,STORE063,53.86,2024-08-17
GCTX001570,GC000393,STORE080,82.61,2024-05-13
GCTX001571,GC000481,STORE065,-84.3,2023-10-29
GCTX001572,GC000513,STORE059,65.04,2024-01-15
GCTX001573,GC000628,STORE010,9.48,2024-09-17
GCTX001574,GC000419,STORE007,33.84,2024-11-02
GCTX001575,GC000202,STORE074,-1.43,2024-03-25
GCTX001576,GC000652,STORE076,39.56,2024-10-23
GCTX001577,GC000658,STORE012,-93.18,2023-10-12
GCTX001578,GC000462,STORE079,52.54,2024-11-18
GCTX001579,GC000778,STORE046,-93.33,2024-06-28
GCTX001580,GC000202,STORE032,-8.94,2025-02-02
GCTX001581,GC000914,STORE032,-69.81,2024-06-13
GCTX001582,GC000152,STORE078,64.71,2024-03-29
GCTX001583,GC000897,STORE061,-37.27,2024-04-14
GCTX001584,GC000222,STORE069,-9.18,2024-10-11
GCTX001585,GC000079,STORE061,-14.25,2024-09-07
GCTX001586,GC000200,STORE046,54.5,2025-03-07
GCTX001587,GC000762,STORE068,-3.77,2024-02-15
GCTX001588,GC000099,STORE055,57.79,2024-03-30
GCTX001589,GC000978,STORE001,-85.3,2024-01-18
GCTX001590,GC000912,STORE077,-61.68,2024-08-29
GCTX001591,GC000213,STORE067,10.31,2024-01-12
GCTX001592,GC000143,STORE049,89.42,2025-05-24
GCTX001593,GC000702,STORE025,-85.05,2024-12-20
GCTX001594,GC000389,STORE016,-91.38,2024-01-08
GCTX001595,GC000813,STORE013,-68.69,2024-05-08
GCTX001596,GC000374,STORE052,28.23,2024-08-31
GCTX001597,GC000052,STORE036,-20.2,2023-08-09
GCTX001598,GC000967,STORE072,65.11,2023-10-06
GCTX001599,GC000624,STORE044,-85.61,2024-11-15
GCTX001600,GC000135,STORE047,-60.72,2023-06-03
GCTX001601,GC000411,STORE080,-39.99,2025-01-04
GCTX001602,GC000985,STORE076,25.35,2024-04-03
GCTX001603,GC000470,STORE020,37.03,2024-06-03
GCTX001604,GC000112,STORE018,-75.16,2024-09-18
GCTX001605,GC000525,STORE054,88.76,2025-01-10
GCTX001606,GC000785,STORE012,-31.79,2024-09-25
GCTX001607,GC000745,STORE025,42.63,2023-08-27
GCTX001608,GC000044,STORE060,4.84,2024-08-13
GCTX001609,GC000397,STORE075,-55.45,2024-09-15
GCTX001610,GC000986,STORE034,69.25,2024-08-26
GCTX001611,GC000585,STORE013,63.65,2023-06-04
GCTX001612,GC000261,STORE038,-20.79,2025-04-03
GCTX001613,GC000743,STORE012,17.72,2023-09-13
GCTX001614,GC000545,STORE036,-48.43,2024-07-11
GCTX001615,GC000388,STORE028,37.97,2025-03-20
GCTX001616,GC000476,STORE039,-38.19,2024-11-20
GCTX001617,GC000410,STORE077,68.82,2024-06-12
GCTX001618,GC000580,STORE043,-56.52,2023-08-14
GCTX001619,GC000016,STORE031,-97.04,2024-04-10
GCTX001620,GC000997,STORE002,-46.3,2025-05-01
GCTX001621,GC000662,STORE042,-61.79,2023-06-21
GCTX001622,GC000804,STORE031,1.66,2024-11-25
GCTX001623,GC000102,STORE061,-59.26,2024-07-11
GCTX001624,GC000186,STORE056,52.64,2024-03-03
GCTX001625,GC000951,STORE014,-51.73,2024-05-28
GCTX001626,GC000931,STORE014,41.39,2024-06-29
GCTX001627,GC000025,STORE029,15.69,2024-03-16
GCTX001628,GC000072,STORE050,97.25,2025-01-15
GCTX001629,GC000593,STORE050,99.98,2024-08-26
GCTX001630,GC000573,STORE063,73.91,2025-01-24
GCTX001631,GC000018,STORE073,52.0,2023-07-28
GCTX001632,GC000754,STORE065,-22.71,2023-06-18
GCTX001633,GC000570,STORE068,50.66,2024-12-22
GCTX001634,GC000332,STORE071,91.34,2025-03-12
GCTX001635,GC000889,STORE011,-95.32,2024-03-05
GCTX001636,GC000569,STORE014,7.58,2023-10-03
GCTX001637,GC000097,STORE003,-56.4,2024-11-25
GCTX001638,GC000727,STORE008,11.58,2023-07-18
GCTX001639,GC000831,STORE043,-6.71,2023-08-27
GCTX001640,GC000012,STORE009,15.15,2024-03-29
GCTX001641,GC000011,STORE019,10.19,2025-02-20
GCTX001642,GC000909,STORE012,92.02,2024-10-29
GCTX001643,GC000163,STORE027,10.44,2023-06-07
GCTX001644,GC000283,STORE058,69.25,2025-05-02
GCTX001645,GC000729,STORE025,-36.04,2024-05-26
GCTX001646,GC000872,STORE045,-12.38,2023-11-20
GCTX001647,GC000835,STORE048,-5.92,2025-03-16
GCTX001648,GC000241,STORE050,-44.25,2025-02-01
GCTX001649,GC000857,STORE044,-24.04,2025-03-29
GCTX001650,GC000045,STORE059,19.7,2023-06-17
GCTX001651,GC000970,STORE033,16.04,2025-04-30
GCTX001652,GC000593,STORE078,27.29,2023-06-14
GCTX001653,GC000255,STORE028,-29.64,2024-07-15
GCTX001654,GC000067,STORE018,-36.83,2024-04-29
GCTX001655,GC000918,STORE055,22.32,2024-02-03
GCTX001656,GC000614,STORE033,-73.43,2024-01-14
GCTX001657,GC000974,STORE015,-49.39,2024-05-27
GCTX001658,GC000603,STORE061,-91.57,2024-11-14
GCTX001659,GC000042,STORE011,-85.48,2024-02-19
GCTX001660,GC000788,STORE036,-51.32,2023-08-09
GCTX001661,GC000816,STORE015,-96.09,2025-05-24
GCTX001662,GC000786,STORE053,-50.92,2023-06-02
GCTX001663,GC000384,STORE062,31.0,2025-05-10
GCTX001664,GC000589,STORE048,-87.78,2023-11-09
GCTX001665,GC000234,STORE015,-12.65,2024-12-02
GCTX001666,GC000966,STORE063,82.62,2024-11-25
GCTX001667,GC000714,STORE043,58.26,2023-07-19
GCTX001668,GC000485,STORE050,-38.91,2023-06-07
GCTX001669,GC000733,STORE060,84.96,2023-09-01
GCTX001670,GC000774,STORE059,-34.07,2023-07-09
GCTX001671,GC000039,STORE015,-85.5,2023-11-29
GCTX001672,GC000011,STORE029,98.81,2024-09-04
GCTX001673,GC000624,STORE075,74.0,2025-05-11
GCTX001674,GC000409,STORE040,-6.81,2024-04-17
GCTX001675,GC000108,STORE031,33.28,2024-08-27
GCTX001676,GC000094,STORE073,34.25,2023-09-06
GCTX001677,GC000823,STORE011,-61.1,2025-01-23
GCTX001678,GC000084,STORE062,-59.99,2024-01-09
GCTX001679,GC000058,STORE075,-6.08,2023-11-28
GCTX001680,GC000293,STORE008,82.31,2025-04-02
GCTX001681,GC000016,STORE051,-98.0,2023-11-18
GCTX001682,GC000991,STORE057,56.5,2025-05-22
GCTX001683,GC000477,STORE004,-88.49,2025-03-02
GCTX001684,GC000838,STORE036,-4.36,2024-08-13
GCTX001685,GC000605,STORE019,27.57,2023-08-06
GCTX001686,GC000992,STORE024,37.35,2023-06-24
GCTX001687,GC000969,STORE041,-88.3,2024-03-11
GCTX001688,GC000165,STORE049,-16.28,2024-02-22
GCTX001689,GC000437,STORE046,16.77,2023-11-06
GCTX001690,GC000727,STORE036,-86.79,2024-03-05
GCTX001691,GC000656,STORE010,-72.98,2024-02-28
GCTX001692,GC000786,STORE078,32.73,2023-12-23
GCTX001693,GC000403,STORE007,4.33,2023-07-20
GCTX001694,GC000940,STORE012,-67.63,2024-03-19
GCTX001695,GC000386,STORE048,7.05,2025-01-01
GCTX001696,GC000954,STORE037,82.54,2023-07-23
GCTX001697,GC000138,STORE075,-96.88,2024-06-14
GCTX001698,GC000716,STORE036,28.53,2025-04-26
GCTX001699,GC000814,STORE060,-85.27,2023-10-06
GCTX001700,GC000722,STORE077,-98.71,2024-07-25
GCTX001701,GC000531,STORE008,-69.87,2023-06-05
GCTX001702,GC000806,STORE007,-15.42,2024-09-15
GCTX001703,GC000293,STORE043,60.47,2025-03-30
GCTX001704,GC000475,STORE058,-43.64,2024-09-09
GCTX001705,GC000880,STORE046,25.13,2024-10-18
GCTX001706,GC000462,STORE034,-17.77,2024-03-01
GCTX001707,GC000813,STORE072,-53.13,2023-08-07
GCTX001708,GC000373,STORE022,2.85,2023-08-26
GCTX001709,GC000162,STORE021,59.49,2024-11-26
GCTX001710,GC000642,STORE015,66.5,2023-12-01
GCTX001711,GC000044,STORE005,69.3,2023-09-19
GCTX001712,GC000865,STORE017,-32.29,2025-04-09
GCTX001713,GC000083,STORE072,58.69,2024-04-29
GCTX001714,GC000892,STORE019,-57.56,2023-12-06
GCTX001715,GC000636,STORE005,47.69,2023-07-24
GCTX001716,GC000539,STORE023,89.68,2023-10-17
GCTX001717,GC000816,STORE014,-97.25,2024-03-28
GCTX001718,GC000862,STORE010,-11.93,2024-04-21
GCTX001719,GC000519,STORE031,29.55,2024-06-07
GCTX001720,GC000411,STORE013,40.36,2023-06-18
GCTX001721,GC000341,STORE022,-64.78,2023-06-11
GCTX001722,GC000711,STORE037,94.44,2024-08-08
GCTX001723,GC000624,STORE039,23.05,2024-03-21
GCTX001724,GC000089,STORE010,-67.13,2023-10-04
GCTX001725,GC000640,STORE031,-95.9,2024-11-27
GCTX001726,GC000230,STORE043,56.65,2023-07-16
GCTX001727,GC000018,STORE077,-84.06,2023-06-30
GCTX001728,GC000801,STORE036,-71.79,2024-03-11
GCTX001729,GC000673,STORE035,14.97,2024-06-06
GCTX001730,GC000864,STORE068,20.7,2025-02-08
GCTX001731,GC000890,STORE055,37.38,2023-12-30
GCTX001732,GC000281,STORE068,-21.3,2024-04-19
GCTX001733,GC000910,STORE047,54.78,2024-11-08
GCTX001734,GC000422,STORE006,94.87,2024-12-14
GCTX001735,GC000678,STORE028,-45.78,2023-12-28
GCTX001736,GC000772,STORE030,40.61,2023-09-17
GCTX001737,GC000876,STORE027,85.69,2025-04-17
GCTX001738,GC000702,STORE069,37.26,2024-01-21
GCTX001739,GC000338,STORE039,36.22,2024-04-22
GCTX001740,GC000266,STORE035,-55.25,2024-07-16
GCTX001741,GC000803,STORE044,7.03,2024-02-25
GCTX001742,GC000355,STORE015,12.5,2024-12-12
GCTX001743,GC000360,STORE032,40.03,2023-10-02
GCTX001744,GC000791,STORE029,99.36,2025-04-30
GCTX001745,GC000217,STORE063,-93.27,2024-06-28
GCTX001746,GC000321,STORE006,-86.95,2024-09-09
GCTX001747,GC000850,STORE027,-84.41,2024-01-25
GCTX001748,GC000719,STORE028,48.6,2024-05-16
GCTX001749,GC000665,STORE005,-72.73,2024-11-19
GCTX001750,GC000992,STORE041,24.49,2023-12-04
GCTX001751,GC000693,STORE056,-35.07,2025-04-16
GCTX001752,GC000212,STORE054,-8.54,2023-06-13
GCTX001753,GC000785,STORE080,-56.87,2023-10-03
GCTX001754,GC000953,STORE018,73.22,2025-01-16
GCTX001755,GC000203,STORE077,17.23,2025-02-09
GCTX001756,GC000717,STORE043,88.91,2024-03-24
GCTX001757,GC000985,STORE074,14.92,2024-01-14
GCTX001758,GC000916,STORE029,-75.22,2024-12-29
GCTX001759,GC000896,STORE010,-65.83,2025-04-27
GCTX001760,GC000153,STORE006,97.81,2024-01-24
GCTX001761,GC000682,STORE080,45.11,2024-01-17
GCTX001762,GC000429,STORE004,-90.14,2025-02-02
GCTX001763,GC000753,STORE034,40.76,2025-02-18
GCTX001764,GC000287,STORE033,-17.57,2024-03-23
GCTX001765,GC000757,STORE004,-38.56,2023-06-18
GCTX001766,GC000321,STORE044,-69.19,2025-02-13
GCTX001767,GC000436,STORE076,67.98,2024-03-05
GCTX001768,GC000592,STORE031,-87.23,2024-05-27
GCTX001769,GC000496,STORE080,-42.03,2024-11-24
GCTX001770,GC000604,STORE066,-38.72,2024-04-13
GCTX001771,GC000149,STORE058,-67.82,2023-06-27
GCTX001772,GC000542,STORE060,1.64,2024-08-29
GCTX001773,GC000635,STORE002,-97.66,2023-11-09
GCTX001774,GC000899,STORE036,-39.8,2023-09-19
GCTX001775,GC000482,STORE070,86.73,2024-05-01
GCTX001776,GC000326,STORE060,-37.89,2025-03-14
GCTX001777,GC000939,STORE023,-27.91,2023-08-29
GCTX001778,GC000029,STORE047,-5.37,2024-03-05
GCTX001779,GC000259,STORE046,12.34,2024-05-16
GCTX001780,GC000698,STORE080,61.74,2024-03-31
GCTX001781,GC000929,STORE044,-61.94,2023-06-14
GCTX001782,GC000075,STORE019,74.35,2024-07-02
GCTX001783,GC000557,STORE049,51.51,2025-01-19
GCTX001784,GC000581,STORE058,44.53,2025-04-12
GCTX001785,GC000498,STORE007,-82.64,2024-01-04
GCTX001786,GC000416,STORE041,-95.67,2025-05-10
GCTX001787,GC000879,STORE078,18.8,2024-12-21
GCTX001788,GC000722,STORE015,72.63,2023-10-14
GCTX001789,GC000751,STORE076,16.89,2023-07-04
GCTX001790,GC000340,STORE053,-57.35,2024-11-15
GCTX001791,GC000308,STORE023,-81.9,2024-01-31
GCTX001792,GC000704,STORE077,39.92,2024-10-13
GCTX001793,GC000884,STORE073,44.35,2023-08-20
GCTX001794,GC000615,STORE065,-65.49,2025-03-17
GCTX001795,GC000241,STORE060,-94.36,2025-03-14
GCTX001796,GC000253,STORE010,-18.34,2025-05-12
GCTX001797,GC000936,STORE058,16.54,2024-10-01
GCTX001798,GC000220,STORE047,41.2,2025-03-28
GCTX001799,GC000397,STORE015,61.99,2024-01-27
GCTX001800,GC000986,STORE009,22.11,2025-04-14
GCTX001801,GC000336,STORE013,-77.82,2025-01-22
GCTX001802,GC000729,STORE023,36.52,2023-11-26
GCTX001803,GC000714,STORE033,96.84,2024-03-07
GCTX001804,GC000029,STORE009,81.12,2023-09-12
GCTX001805,GC000494,STORE003,74.33,2024-03-25
GCTX001806,GC000959,STORE073,-39.57,2023-09-29
GCTX001807,GC000998,STORE025,50.16,2024-10-27
GCTX001808,GC000724,STORE071,70.22,2023-12-31
GCTX001809,GC000502,STORE036,35.67,2023-11-25
GCTX001810,GC000154,STORE020,-49.89,2023-11-12
GCTX001811,GC000992,STORE054,90.77,2023-07-17
GCTX001812,GC000231,STORE019,-9.84,2024-09-02
GCTX001813,GC000102,STORE060,-74.04,2023-10-01
GCTX001814,GC000827,STORE037,-78.04,2023-12-21
GCTX001815,GC000177,STORE003,29.5,2025-02-12
GCTX001816,GC000693,STORE019,-12.46,2024-07-06
GCTX001817,GC000984,STORE053,-81.1,2024-04-11
GCTX001818,GC000927,STORE046,48.07,2024-03-24
GCTX001819,GC000232,STORE080,59.87,2024-02-18
GCTX001820,GC000012,STORE056,45.08,2023-10-27
GCTX001821,GC000186,STORE070,-59.55,2024-12-04
GCTX001822,GC000761,STORE031,37.96,2023-08-15
GCTX001823,GC000932,STORE053,-97.86,2024-12-28
GCTX001824,GC000266,STORE034,-38.98,2024-10-21
GCTX001825,GC000902,STORE031,-20.24,2024-06-29
GCTX001826,GC000135,STORE060,67.05,2025-05-02
GCTX001827,GC000757,STORE011,-21.92,2023-12-15
GCTX001828,GC000031,STORE006,-97.75,2025-04-14
GCTX001829,GC000859,STORE027,-29.53,2024-08-25
GCTX001830,GC000456,STORE007,-0.22,2024-04-17
GCTX001831,GC000259,STORE049,89.8,2024-07-09
GCTX001832,GC000104,STORE072,88.21,2023-12-23
GCTX001833,GC000431,STORE060,-63.83,2024-03-15
GCTX001834,GC000382,STORE033,-62.97,2023-06-04
GCTX001835,GC000469,STORE047,-67.32,2025-04-05
GCTX001836,GC000513,STORE044,57.78,2023-06-22
GCTX001837,GC000941,STORE079,-98.8,2025-01-13
GCTX001838,GC000950,STORE027,-74.56,2025-01-20
GCTX001839,GC000946,STORE022,7.59,2023-11-21
GCTX001840,GC000207,STORE047,-50.49,2023-11-12
GCTX001841,GC000647,STORE048,-81.53,2024-01-27
GCTX001842,GC000447,STORE030,-28.02,2024-12-09
GCTX001843,GC000783,STORE002,-45.16,2024-04-06
GCTX001844,GC000089,STORE015,2.22,2025-04-08
GCTX001845,GC000195,STORE047,95.85,2025-03-20
GCTX001846,GC000414,STORE027,-75.14,2024-05-09
GCTX001847,GC000122,STORE071,-25.45,2023-10-05
GCTX001848,GC000462,STORE027,86.4,2024-05-04
GCTX001849,GC000116,STORE013,75.37,2025-04-07
GCTX001850,GC000196,STORE055,-21.15,2024-05-27
GCTX001851,GC000036,STORE017,39.79,2023-07-02
GCTX001852,GC000067,STORE075,-82.43,2024-12-09
GCTX001853,GC000645,STORE059,42.51,2024-08-18
GCTX001854,GC000281,STORE010,94.57,2024-11-07
GCTX001855,GC000479,STORE033,7.5,2023-09-15
GCTX001856,GC000011,STORE078,-0.3,2024-12-22
GCTX001857,GC000968,STORE037,-62.54,2023-10-12
GCTX001858,GC000730,STORE008,26.76,2025-05-03
GCTX001859,GC000322,STORE033,18.09,2024-06-07
GCTX001860,GC000668,STORE007,30.39,2023-06-21
GCTX001861,GC000240,STORE034,-94.78,2023-06-18
GCTX001862,GC000060,STORE071,9.74,2024-07-08
GCTX001863,GC000650,STORE007,18.99,2025-04-06
GCTX001864,GC000562,STORE041,-58.49,2024-02-02
GCTX001865,GC000679,STORE055,-58.33,2023-08-15
GCTX001866,GC000165,STORE007,-44.76,2025-05-10
GCTX001867,GC000831,STORE018,42.34,2023-09-10
GCTX001868,GC000189,STORE043,21.25,2024-09-10
GCTX001869,GC000487,STORE078,69.15,2023-07-04
GCTX001870,GC000981,STORE040,-40.87,2025-05-06
GCTX001871,GC000092,STORE053,82.41,2024-08-13
GCTX001872,GC000806,STORE014,48.74,2024-03-30
GCTX001873,GC000888,STORE021,-21.0,2025-03-19
GCTX001874,GC000289,STORE057,-80.95,2023-10-28
GCTX001875,GC000509,STORE046,-48.6,2023-12-07
GCTX001876,GC000075,STORE026,91.35,2024-12-26
GCTX001877,GC000557,STORE024,-37.93,2025-01-13
GCTX001878,GC000428,STORE005,-34.02,2023-10-26
GCTX001879,GC000385,STORE042,-62.08,2024-05-21
GCTX001880,GC000053,STORE043,61.37,2024-02-15
GCTX001881,GC000175,STORE032,-44.87,2024-06-30
GCTX001882,GC000673,STORE006,-33.95,2023-12-09
GCTX001883,GC000579,STORE074,-17.13,2025-01-21
GCTX001884,GC000474,STORE067,-13.25,2024-06-03
GCTX001885,GC000911,STORE007,-17.73,2023-12-08
GCTX001886,GC000361,STORE029,0.75,2024-04-30
GCTX001887,GC000270,STORE034,62.9,2025-04-16
GCTX001888,GC000407,STORE007,63.86,2023-08-12
GCTX001889,GC000124,STORE077,59.66,2023-06-08
GCTX001890,GC000694,STORE058,-79.78,2024-04-09
GCTX001891,GC000376,STORE031,59.94,2024-04-03
GCTX001892,GC000392,STORE073,-75.95,2024-12-07
GCTX001893,GC000182,STORE045,-75.06,2025-03-23
GCTX001894,GC000036,STORE047,89.57,2023-07-16
GCTX001895,GC000212,STORE077,63.88,2025-01-11
GCTX001896,GC000896,STORE072,10.48,2025-04-16
GCTX001897,GC000948,STORE073,74.99,2024-12-09
GCTX001898,GC000134,STORE073,97.87,2023-12-26
GCTX001899,GC000865,STORE040,22.13,2024-03-27
GCTX001900,GC000924,STORE030,22.58,2024-05-28
GCTX001901,GC000690,STORE062,50.89,2025-04-10
GCTX001902,GC000678,STORE071,-53.57,2023-12-23
GCTX001903,GC000926,STORE017,-66.58,2025-01-07
GCTX001904,GC000491,STORE005,51.92,2024-11-09
GCTX001905,GC000849,STORE001,-31.02,2023-09-11
GCTX001906,GC000841,STORE080,-72.99,2024-04-20
GCTX001907,GC000988,STORE031,-37.02,2023-08-19
GCTX001908,GC000438,STORE035,-28.27,2025-02-26
GCTX001909,GC000839,STORE072,93.05,2023-12-23
GCTX001910,GC000046,STORE030,39.59,2024-11-28
GCTX001911,GC000668,STORE015,6.17,2023-10-23
GCTX001912,GC000401,STORE056,93.77,2024-08-27
GCTX001913,GC000488,STORE060,80.63,2023-06-16
GCTX001914,GC000432,STORE027,2.4,2024-04-03
GCTX001915,GC000428,STORE002,81.14,2024-02-13
GCTX001916,GC000748,STORE074,-19.14,2024-11-21
GCTX001917,GC000828,STORE064,-53.92,2023-10-26
GCTX001918,GC000572,STORE005,-53.46,2024-10-30
GCTX001919,GC000517,STORE068,32.46,2024-09-25
GCTX001920,GC000965,STORE013,0.21,2023-07-19
GCTX001921,GC000462,STORE023,31.79,2024-08-18
GCTX001922,GC000966,STORE050,37.22,2024-05-17
GCTX001923,GC000903,STORE079,-95.54,2023-09-12
GCTX001924,GC000181,STORE078,-89.19,2023-07-29
GCTX001925,GC000145,STORE073,6.54,2025-02-15
GCTX001926,GC000827,STORE037,-61.79,2024-07-06
GCTX001927,GC000265,STORE030,26.51,2024-07-29
GCTX001928,GC000735,STORE023,10.44,2024-08-16
GCTX001929,GC000406,STORE034,17.15,2024-12-13
GCTX001930,GC000813,STORE064,-39.51,2024-12-07
GCTX001931,GC000969,STORE055,27.97,2024-08-22
GCTX001932,GC000955,STORE071,65.9,2024-07-29
GCTX001933,GC000848,STORE009,99.61,2024-08-27
GCTX001934,GC000484,STORE004,67.69,2024-12-16
GCTX001935,GC000482,STORE066,11.5,2025-05-24
GCTX001936,GC000237,STORE033,-61.31,2025-01-19
GCTX001937,GC000525,STORE032,36.29,2024-03-19
GCTX001938,GC000339,STORE044,87.53,2023-06-28
GCTX001939,GC000268,STORE037,-57.63,2024-12-12
GCTX001940,GC000932,STORE067,-48.8,2024-03-15
GCTX001941,GC000266,STORE060,-70.2,2024-08-26
GCTX001942,GC000528,STORE059,47.34,2024-03-16
GCTX001943,GC000092,STORE036,-18.69,2025-01-23
GCTX001944,GC000248,STORE049,-87.46,2024-05-26
GCTX001945,GC000019,STORE051,74.99,2024-03-14
GCTX001946,GC000872,STORE008,11.53,2024-08-01
GCTX001947,GC000390,STORE050,-33.78,2023-11-11
GCTX001948,GC000388,STORE041,-31.2,2023-12-16
GCTX001949,GC000926,STORE038,-41.95,2023-07-19
GCTX001950,GC000615,STORE078,-8.9,2024-04-19
GCTX001951,GC000095,STORE079,-32.59,2025-04-29
GCTX001952,GC000430,STORE055,9.59,2025-04-10
GCTX001953,GC000795,STORE068,54.7,2024-01-21
GCTX001954,GC000941,STORE018,34.89,2023-07-22
GCTX001955,GC000725,STORE065,-41.11,2023-08-12
GCTX001956,GC000037,STORE064,5.75,2023-08-05
GCTX001957,GC000393,STORE012,68.03,2024-03-16
GCTX001958,GC000573,STORE041,-86.36,2025-03-30
GCTX001959,GC000291,STORE042,-84.34,2024-06-01
GCTX001960,GC000874,STORE060,11.23,2023-08-13
GCTX001961,GC000303,STORE050,27.82,2023-07-21
GCTX001962,GC000756,STORE036,-57.72,2023-09-28
GCTX001963,GC000917,STORE048,49.04,2023-08-15
GCTX001964,GC000401,STORE071,29.25,2024-06-09
GCTX001965,GC000823,STORE073,84.66,2025-02-07
GCTX001966,GC000344,STORE008,-66.21,2024-02-11
GCTX001967,GC000863,STORE025,50.27,2025-05-07
GCTX001968,GC000518,STORE007,-83.27,2025-05-13
GCTX001969,GC000377,STORE008,13.06,2025-01-18
GCTX001970,GC000931,STORE076,10.38,2024-11-30
GCTX001971,GC000818,STORE031,-22.32,2023-12-02
GCTX001972,GC000165,STORE012,68.91,2023-11-26
GCTX001973,GC000013,STORE057,-99.13,2024-07-07
GCTX001974,GC000025,STORE066,4.04,2023-10-25
GCTX001975,GC000736,STORE012,-56.57,2025-02-11
GCTX001976,GC000123,STORE027,48.7,2023-09-16
GCTX001977,GC000129,STORE046,-91.39,2025-05-18
GCTX001978,GC000817,STORE007,66.31,2024-03-07
GCTX001979,GC000634,STORE061,67.62,2025-02-04
GCTX001980,GC000547,STORE058,66.57,2023-06-04
GCTX001981,GC000595,STORE058,-69.49,2024-03-20
GCTX001982,GC000309,STORE013,26.08,2023-12-03
GCTX001983,GC000436,STORE053,-97.13,2024-04-13
GCTX001984,GC000182,STORE065,69.59,2024-03-08
GCTX001985,GC000588,STORE049,44.6,2024-10-14
GCTX001986,GC000616,STORE035,6.23,2024-07-19
GCTX001987,GC000744,STORE017,46.12,2024-03-16
GCTX001988,GC000815,STORE072,-81.14,2024-03-03
GCTX001989,GC000043,STORE067,5.73,2024-02-04
GCTX001990,GC000404,STORE010,-41.74,2023-07-12
GCTX001991,GC000929,STORE034,94.52,2025-03-13
GCTX001992,GC000605,STORE004,71.42,2024-05-05
GCTX001993,GC000656,STORE029,46.66,2024-04-10
GCTX001994,GC000766,STORE046,86.75,2024-10-06
GCTX001995,GC000590,STORE075,-30.63,2024-05-12
GCTX001996,GC000263,STORE046,80.18,2024-04-01
GCTX001997,GC000070,STORE077,-34.95,2024-02-04
GCTX001998,GC000661,STORE059,46.56,2023-09-17
GCTX001999,GC000292,STORE061,47.28,2024-11-08
GCTX002000,GC000214,STORE068,-96.33,2024-05-23
