MovementID,StoreID,ProductID,Quantity,MovementDate
IM000001,STORE075,PROD00107,-12,2025-01-20
IM000002,STORE011,PROD00699,18,2024-03-08
IM000003,STORE060,PROD00733,9,2025-01-30
IM000004,STORE065,PROD00607,33,2024-10-21
IM000005,STORE076,PROD00707,37,2024-09-23
IM000006,STORE004,PROD00754,23,2023-12-29
IM000007,STORE025,PROD00742,22,2025-05-03
IM000008,STORE072,PROD00331,-11,2024-05-12
IM000009,STORE079,PROD00005,27,2024-05-09
IM000010,STORE043,PROD00468,-4,2024-07-30
IM000011,STORE040,PROD00516,-16,2023-06-11
IM000012,STORE044,PROD00776,49,2023-10-27
IM000013,STORE072,PROD00765,43,2025-05-11
IM000014,STORE059,PROD00163,45,2024-04-19
IM000015,STORE023,PROD00653,-17,2024-07-30
IM000016,STORE062,PROD00531,7,2024-04-05
IM000017,STORE023,PROD00082,17,2024-04-02
IM000018,STORE058,PROD00481,45,2023-10-10
IM000019,STORE055,PROD00516,46,2024-02-22
IM000020,STORE033,PROD00640,39,2024-04-23
IM000021,STORE077,PROD00187,26,2025-03-05
IM000022,STORE063,PROD00146,4,2025-02-23
IM000023,STORE060,PROD00152,45,2023-12-09
IM000024,STORE061,PROD00363,46,2024-06-06
IM000025,STORE080,PROD00093,48,2024-11-09
IM000026,STORE076,PROD00031,19,2024-03-25
IM000027,STORE061,PROD00540,29,2023-08-15
IM000028,STORE069,PROD00649,19,2023-11-20
IM000029,STORE021,PROD00602,16,2024-03-21
IM000030,STORE003,PROD00049,48,2023-10-13
IM000031,STORE048,PROD00258,-4,2024-01-20
IM000032,STORE010,PROD00518,41,2023-10-23
IM000033,STORE042,PROD00541,20,2023-11-24
IM000034,STORE066,PROD00410,21,2023-09-06
IM000035,STORE046,PROD00156,10,2024-05-04
IM000036,STORE009,PROD00775,12,2025-03-22
IM000037,STORE049,PROD00546,22,2023-05-27
IM000038,STORE004,PROD00440,46,2023-08-25
IM000039,STORE060,PROD00237,17,2024-01-09
IM000040,STORE029,PROD00650,20,2024-12-31
IM000041,STORE047,PROD00368,42,2023-05-29
IM000042,STORE077,PROD00057,19,2023-10-18
IM000043,STORE063,PROD00175,9,2023-09-01
IM000044,STORE031,PROD00214,26,2023-09-06
IM000045,STORE051,PROD00027,1,2024-06-27
IM000046,STORE041,PROD00119,34,2025-02-21
IM000047,STORE036,PROD00147,22,2024-09-04
IM000048,STORE040,PROD00265,40,2025-02-11
IM000049,STORE060,PROD00403,11,2024-08-09
IM000050,STORE015,PROD00258,-17,2023-09-27
IM000051,STORE078,PROD00189,24,2024-03-12
IM000052,STORE030,PROD00743,-1,2024-04-11
IM000053,STORE030,PROD00499,44,2024-03-19
IM000054,STORE027,PROD00710,39,2023-07-03
IM000055,STORE040,PROD00239,5,2025-04-04
IM000056,STORE078,PROD00327,2,2023-10-03
IM000057,STORE045,PROD00070,19,2023-11-19
IM000058,STORE075,PROD00764,-19,2023-09-23
IM000059,STORE047,PROD00705,5,2025-02-14
IM000060,STORE056,PROD00025,41,2024-08-09
IM000061,STORE054,PROD00582,23,2025-01-20
IM000062,STORE009,PROD00156,10,2024-08-08
IM000063,STORE065,PROD00658,5,2023-11-22
IM000064,STORE070,PROD00219,-16,2023-12-20
IM000065,STORE001,PROD00561,49,2023-08-20
IM000066,STORE013,PROD00379,14,2024-07-22
IM000067,STORE038,PROD00194,-5,2024-05-05
IM000068,STORE045,PROD00040,10,2024-09-28
IM000069,STORE040,PROD00597,-7,2024-12-19
IM000070,STORE015,PROD00343,4,2024-05-03
IM000071,STORE050,PROD00503,-3,2024-01-31
IM000072,STORE002,PROD00450,29,2023-12-19
IM000073,STORE053,PROD00336,-1,2024-06-07
IM000074,STORE026,PROD00004,35,2024-04-10
IM000075,STORE066,PROD00759,-19,2024-06-28
IM000076,STORE075,PROD00517,5,2024-02-14
IM000077,STORE033,PROD00497,2,2024-10-29
IM000078,STORE059,PROD00226,11,2024-10-08
IM000079,STORE026,PROD00150,-8,2025-05-13
IM000080,STORE021,PROD00238,-8,2025-01-29
IM000081,STORE049,PROD00660,-4,2025-03-05
IM000082,STORE080,PROD00103,37,2024-01-02
IM000083,STORE071,PROD00175,6,2024-05-24
IM000084,STORE071,PROD00461,-4,2024-12-24
IM000085,STORE066,PROD00748,17,2024-11-05
IM000086,STORE037,PROD00034,-7,2024-06-14
IM000087,STORE014,PROD00684,-7,2023-10-15
IM000088,STORE072,PROD00518,-9,2025-02-28
IM000089,STORE007,PROD00440,48,2024-08-16
IM000090,STORE038,PROD00285,47,2023-08-29
IM000091,STORE045,PROD00225,34,2025-01-11
IM000092,STORE022,PROD00565,42,2025-04-29
IM000093,STORE044,PROD00257,8,2025-01-05
IM000094,STORE080,PROD00059,24,2023-06-18
IM000095,STORE035,PROD00246,-17,2024-05-25
IM000096,STORE060,PROD00519,-5,2024-02-19
IM000097,STORE003,PROD00214,45,2024-05-28
IM000098,STORE067,PROD00590,2,2025-02-07
IM000099,STORE072,PROD00701,47,2024-04-20
IM000100,STORE055,PROD00216,-1,2024-11-14
IM000101,STORE009,PROD00403,-4,2024-02-24
IM000102,STORE069,PROD00283,31,2023-07-17
IM000103,STORE028,PROD00573,-15,2025-05-07
IM000104,STORE015,PROD00573,18,2024-02-04
IM000105,STORE031,PROD00215,13,2023-12-24
IM000106,STORE059,PROD00382,33,2024-09-25
IM000107,STORE054,PROD00045,44,2023-08-23
IM000108,STORE068,PROD00172,8,2024-06-27
IM000109,STORE047,PROD00221,20,2024-07-16
IM000110,STORE042,PROD00385,42,2024-08-22
IM000111,STORE023,PROD00095,11,2023-09-23
IM000112,STORE065,PROD00044,45,2025-05-01
IM000113,STORE054,PROD00228,24,2023-06-16
IM000114,STORE011,PROD00574,-4,2024-06-12
IM000115,STORE063,PROD00317,22,2025-02-10
IM000116,STORE022,PROD00731,45,2023-11-28
IM000117,STORE054,PROD00335,47,2024-05-10
IM000118,STORE036,PROD00601,13,2023-10-17
IM000119,STORE058,PROD00624,-20,2023-12-20
IM000120,STORE020,PROD00719,2,2025-05-20
IM000121,STORE016,PROD00467,-15,2024-06-06
IM000122,STORE056,PROD00715,-5,2024-08-14
IM000123,STORE050,PROD00297,-19,2024-09-17
IM000124,STORE066,PROD00545,6,2023-10-05
IM000125,STORE074,PROD00489,-2,2024-01-21
IM000126,STORE013,PROD00215,7,2024-02-12
IM000127,STORE015,PROD00524,14,2024-07-14
IM000128,STORE073,PROD00002,47,2023-09-22
IM000129,STORE027,PROD00661,28,2024-03-27
IM000130,STORE008,PROD00654,-14,2025-02-03
IM000131,STORE070,PROD00207,16,2023-11-02
IM000132,STORE050,PROD00341,4,2025-02-04
IM000133,STORE067,PROD00704,20,2025-02-25
IM000134,STORE026,PROD00407,41,2023-09-11
IM000135,STORE036,PROD00306,20,2023-06-18
IM000136,STORE021,PROD00507,-7,2024-09-10
IM000137,STORE077,PROD00469,33,2023-05-27
IM000138,STORE052,PROD00764,-19,2025-03-21
IM000139,STORE011,PROD00716,27,2023-12-11
IM000140,STORE008,PROD00558,30,2025-03-27
IM000141,STORE057,PROD00495,34,2025-04-12
IM000142,STORE046,PROD00261,-9,2023-09-09
IM000143,STORE078,PROD00578,48,2023-09-05
IM000144,STORE002,PROD00662,-20,2023-09-13
IM000145,STORE064,PROD00582,38,2024-01-04
IM000146,STORE052,PROD00364,13,2025-04-15
IM000147,STORE065,PROD00514,25,2025-05-22
IM000148,STORE011,PROD00541,38,2025-03-10
IM000149,STORE006,PROD00768,45,2025-04-09
IM000150,STORE079,PROD00573,-2,2024-07-05
IM000151,STORE076,PROD00612,7,2025-05-13
IM000152,STORE064,PROD00455,19,2023-10-28
IM000153,STORE055,PROD00144,36,2023-06-15
IM000154,STORE044,PROD00192,30,2024-10-16
IM000155,STORE014,PROD00353,1,2024-11-23
IM000156,STORE005,PROD00782,47,2024-09-19
IM000157,STORE025,PROD00299,-13,2023-06-04
IM000158,STORE050,PROD00460,39,2024-03-10
IM000159,STORE073,PROD00427,44,2024-01-09
IM000160,STORE071,PROD00716,15,2023-09-03
IM000161,STORE002,PROD00757,8,2024-09-08
IM000162,STORE010,PROD00031,44,2025-03-29
IM000163,STORE002,PROD00332,35,2023-10-25
IM000164,STORE060,PROD00411,-17,2024-03-10
IM000165,STORE045,PROD00052,29,2025-04-06
IM000166,STORE008,PROD00384,18,2024-01-13
IM000167,STORE058,PROD00243,14,2023-08-09
IM000168,STORE007,PROD00775,4,2024-10-11
IM000169,STORE072,PROD00686,23,2023-10-30
IM000170,STORE021,PROD00612,26,2024-11-16
IM000171,STORE047,PROD00417,19,2023-06-06
IM000172,STORE001,PROD00475,10,2025-05-10
IM000173,STORE012,PROD00392,48,2025-02-02
IM000174,STORE075,PROD00389,22,2024-06-18
IM000175,STORE048,PROD00573,34,2024-11-30
IM000176,STORE004,PROD00700,-5,2025-03-03
IM000177,STORE034,PROD00469,47,2024-04-22
IM000178,STORE032,PROD00408,48,2023-08-16
IM000179,STORE003,PROD00519,21,2025-02-24
IM000180,STORE068,PROD00189,20,2024-07-24
IM000181,STORE057,PROD00595,29,2024-04-16
IM000182,STORE076,PROD00351,-15,2024-01-30
IM000183,STORE024,PROD00283,32,2023-06-24
IM000184,STORE033,PROD00636,-4,2024-11-06
IM000185,STORE003,PROD00157,36,2025-03-17
IM000186,STORE004,PROD00599,46,2024-06-19
IM000187,STORE030,PROD00148,-5,2024-12-19
IM000188,STORE070,PROD00070,31,2024-01-11
IM000189,STORE049,PROD00370,13,2023-10-11
IM000190,STORE030,PROD00588,-1,2023-07-31
IM000191,STORE072,PROD00626,35,2023-06-26
IM000192,STORE016,PROD00515,30,2024-11-28
IM000193,STORE053,PROD00234,32,2024-05-16
IM000194,STORE006,PROD00679,28,2024-07-19
IM000195,STORE024,PROD00611,-17,2025-03-21
IM000196,STORE028,PROD00636,-3,2024-08-12
IM000197,STORE021,PROD00467,15,2023-08-06
IM000198,STORE008,PROD00557,14,2023-12-24
IM000199,STORE036,PROD00287,9,2024-10-03
IM000200,STORE009,PROD00618,42,2024-02-26
IM000201,STORE040,PROD00294,0,2025-01-27
IM000202,STORE051,PROD00481,31,2023-06-07
IM000203,STORE001,PROD00134,48,2025-01-25
IM000204,STORE063,PROD00008,20,2024-07-22
IM000205,STORE068,PROD00028,33,2024-02-13
IM000206,STORE074,PROD00783,9,2023-09-21
IM000207,STORE026,PROD00735,35,2024-03-22
IM000208,STORE040,PROD00520,20,2024-08-12
IM000209,STORE003,PROD00310,-7,2024-07-16
IM000210,STORE009,PROD00646,0,2023-11-11
IM000211,STORE032,PROD00541,4,2023-06-03
IM000212,STORE067,PROD00627,29,2024-07-03
IM000213,STORE004,PROD00494,32,2023-09-25
IM000214,STORE006,PROD00034,27,2023-10-13
IM000215,STORE073,PROD00007,49,2023-09-26
IM000216,STORE026,PROD00040,27,2024-09-01
IM000217,STORE002,PROD00330,-17,2023-09-30
IM000218,STORE066,PROD00062,3,2025-02-17
IM000219,STORE003,PROD00086,10,2024-01-23
IM000220,STORE035,PROD00725,8,2024-04-13
IM000221,STORE059,PROD00116,-16,2023-11-26
IM000222,STORE038,PROD00577,46,2024-10-16
IM000223,STORE033,PROD00297,32,2024-02-12
IM000224,STORE015,PROD00379,43,2025-01-24
IM000225,STORE075,PROD00682,14,2024-01-03
IM000226,STORE074,PROD00628,-9,2024-05-23
IM000227,STORE014,PROD00322,26,2025-01-04
IM000228,STORE066,PROD00628,34,2024-03-14
IM000229,STORE045,PROD00733,48,2024-03-16
IM000230,STORE048,PROD00395,17,2024-11-12
IM000231,STORE044,PROD00357,8,2023-08-18
IM000232,STORE037,PROD00562,-9,2023-12-25
IM000233,STORE029,PROD00419,-2,2023-06-28
IM000234,STORE034,PROD00478,-12,2025-04-15
IM000235,STORE059,PROD00336,8,2024-06-02
IM000236,STORE043,PROD00591,-18,2025-02-26
IM000237,STORE033,PROD00020,9,2023-08-07
IM000238,STORE019,PROD00412,37,2023-09-02
IM000239,STORE008,PROD00549,32,2023-11-09
IM000240,STORE031,PROD00259,-17,2024-02-15
IM000241,STORE011,PROD00605,36,2023-11-19
IM000242,STORE008,PROD00699,33,2025-01-11
IM000243,STORE025,PROD00357,7,2025-01-09
IM000244,STORE020,PROD00201,-5,2023-10-12
IM000245,STORE038,PROD00411,-8,2024-09-22
IM000246,STORE007,PROD00288,35,2024-06-27
IM000247,STORE077,PROD00048,32,2025-05-02
IM000248,STORE039,PROD00765,27,2024-03-25
IM000249,STORE074,PROD00558,4,2023-06-04
IM000250,STORE072,PROD00370,45,2024-07-15
IM000251,STORE020,PROD00231,9,2023-06-15
IM000252,STORE011,PROD00095,-18,2024-09-08
IM000253,STORE016,PROD00303,2,2023-07-31
IM000254,STORE042,PROD00218,8,2025-04-05
IM000255,STORE052,PROD00552,20,2024-09-03
IM000256,STORE037,PROD00387,-10,2024-11-17
IM000257,STORE052,PROD00715,0,2023-12-16
IM000258,STORE009,PROD00628,3,2024-12-11
IM000259,STORE035,PROD00091,44,2024-03-14
IM000260,STORE067,PROD00058,-20,2025-02-26
IM000261,STORE007,PROD00434,33,2023-06-20
IM000262,STORE002,PROD00522,13,2025-03-31
IM000263,STORE025,PROD00768,47,2023-10-31
IM000264,STORE076,PROD00761,8,2025-05-12
IM000265,STORE041,PROD00483,-18,2023-09-09
IM000266,STORE075,PROD00367,-10,2024-06-30
IM000267,STORE052,PROD00407,-13,2024-12-18
IM000268,STORE077,PROD00518,41,2024-10-24
IM000269,STORE065,PROD00331,12,2024-11-03
IM000270,STORE077,PROD00700,-13,2023-12-13
IM000271,STORE038,PROD00235,4,2024-05-24
IM000272,STORE067,PROD00411,5,2025-02-17
IM000273,STORE080,PROD00183,5,2024-09-10
IM000274,STORE042,PROD00287,-4,2023-07-24
IM000275,STORE071,PROD00123,8,2024-10-17
IM000276,STORE054,PROD00158,22,2023-07-13
IM000277,STORE067,PROD00323,-16,2024-05-15
IM000278,STORE078,PROD00013,29,2024-12-30
IM000279,STORE064,PROD00566,35,2025-04-29
IM000280,STORE080,PROD00789,42,2025-02-27
IM000281,STORE004,PROD00555,36,2024-05-07
IM000282,STORE031,PROD00779,24,2024-05-28
IM000283,STORE013,PROD00621,16,2025-02-01
IM000284,STORE027,PROD00678,15,2024-08-14
IM000285,STORE059,PROD00618,12,2023-07-06
IM000286,STORE065,PROD00563,-15,2023-12-30
IM000287,STORE064,PROD00204,24,2025-04-22
IM000288,STORE025,PROD00302,-14,2024-02-13
IM000289,STORE037,PROD00043,44,2024-04-02
IM000290,STORE075,PROD00795,3,2023-11-24
IM000291,STORE073,PROD00597,24,2025-04-08
IM000292,STORE071,PROD00729,40,2025-02-07
IM000293,STORE014,PROD00670,-2,2023-07-11
IM000294,STORE024,PROD00506,11,2024-02-24
IM000295,STORE067,PROD00639,9,2024-01-18
IM000296,STORE048,PROD00191,44,2025-05-17
IM000297,STORE065,PROD00778,11,2025-04-19
IM000298,STORE038,PROD00060,36,2024-03-03
IM000299,STORE070,PROD00795,-1,2024-05-13
IM000300,STORE059,PROD00466,9,2024-03-09
IM000301,STORE012,PROD00379,38,2024-01-22
IM000302,STORE054,PROD00429,41,2024-06-06
IM000303,STORE051,PROD00062,46,2023-08-02
IM000304,STORE038,PROD00302,10,2023-06-08
IM000305,STORE046,PROD00638,45,2023-12-27
IM000306,STORE010,PROD00172,33,2023-12-19
IM000307,STORE009,PROD00505,-11,2025-02-15
IM000308,STORE052,PROD00063,17,2023-09-14
IM000309,STORE051,PROD00772,10,2025-01-27
IM000310,STORE022,PROD00016,8,2024-01-12
IM000311,STORE073,PROD00691,4,2023-12-04
IM000312,STORE072,PROD00101,11,2024-04-13
IM000313,STORE068,PROD00176,-4,2023-09-28
IM000314,STORE005,PROD00193,24,2024-06-09
IM000315,STORE029,PROD00273,28,2025-02-01
IM000316,STORE006,PROD00467,-3,2024-07-03
IM000317,STORE069,PROD00773,31,2024-01-20
IM000318,STORE058,PROD00175,-1,2023-12-24
IM000319,STORE043,PROD00234,41,2024-11-24
IM000320,STORE069,PROD00216,-8,2024-02-03
IM000321,STORE072,PROD00491,22,2024-02-23
IM000322,STORE037,PROD00417,0,2024-12-27
IM000323,STORE058,PROD00759,-15,2024-05-15
IM000324,STORE037,PROD00533,32,2024-02-02
IM000325,STORE026,PROD00451,31,2024-02-10
IM000326,STORE042,PROD00755,48,2024-02-16
IM000327,STORE016,PROD00800,-12,2023-09-15
IM000328,STORE022,PROD00280,25,2023-07-10
IM000329,STORE023,PROD00244,9,2023-09-08
IM000330,STORE047,PROD00675,22,2023-10-22
IM000331,STORE067,PROD00146,38,2023-08-24
IM000332,STORE003,PROD00067,17,2024-12-05
IM000333,STORE012,PROD00103,13,2025-05-19
IM000334,STORE023,PROD00310,25,2024-06-29
IM000335,STORE011,PROD00637,11,2023-08-07
IM000336,STORE052,PROD00117,-5,2025-01-14
IM000337,STORE050,PROD00472,18,2024-02-02
IM000338,STORE057,PROD00763,-20,2024-12-04
IM000339,STORE064,PROD00321,36,2025-05-15
IM000340,STORE046,PROD00435,-1,2024-05-24
IM000341,STORE029,PROD00370,21,2024-05-09
IM000342,STORE070,PROD00738,13,2023-07-22
IM000343,STORE046,PROD00700,29,2025-04-30
IM000344,STORE016,PROD00187,-10,2024-10-09
IM000345,STORE051,PROD00588,22,2024-05-28
IM000346,STORE011,PROD00785,-11,2023-10-03
IM000347,STORE011,PROD00469,-13,2024-12-04
IM000348,STORE063,PROD00661,-2,2025-03-05
IM000349,STORE053,PROD00707,44,2024-05-15
IM000350,STORE058,PROD00796,34,2024-04-28
IM000351,STORE019,PROD00473,31,2024-02-26
IM000352,STORE032,PROD00556,-18,2023-09-28
IM000353,STORE050,PROD00454,32,2024-08-25
IM000354,STORE072,PROD00446,23,2023-09-29
IM000355,STORE055,PROD00682,27,2024-03-27
IM000356,STORE076,PROD00094,33,2024-03-11
IM000357,STORE041,PROD00736,-5,2023-09-10
IM000358,STORE070,PROD00790,9,2024-02-19
IM000359,STORE021,PROD00038,7,2024-08-28
IM000360,STORE026,PROD00782,-5,2025-04-29
IM000361,STORE001,PROD00482,30,2024-04-26
IM000362,STORE027,PROD00747,12,2024-08-27
IM000363,STORE050,PROD00111,4,2023-07-03
IM000364,STORE066,PROD00410,-3,2024-11-06
IM000365,STORE065,PROD00168,5,2023-06-06
IM000366,STORE010,PROD00566,-15,2023-12-23
IM000367,STORE037,PROD00397,17,2025-01-18
IM000368,STORE069,PROD00127,23,2023-10-31
IM000369,STORE041,PROD00787,46,2024-02-25
IM000370,STORE046,PROD00042,22,2024-02-11
IM000371,STORE077,PROD00041,-15,2025-05-23
IM000372,STORE045,PROD00562,43,2024-11-10
IM000373,STORE027,PROD00487,-8,2023-09-19
IM000374,STORE065,PROD00671,44,2025-01-30
IM000375,STORE008,PROD00399,17,2025-03-06
IM000376,STORE067,PROD00182,43,2024-06-02
IM000377,STORE049,PROD00181,-7,2024-08-12
IM000378,STORE014,PROD00678,-4,2025-03-06
IM000379,STORE062,PROD00744,-8,2023-09-15
IM000380,STORE043,PROD00718,-15,2024-09-16
IM000381,STORE027,PROD00464,-15,2024-04-23
IM000382,STORE027,PROD00050,16,2024-07-29
IM000383,STORE068,PROD00408,36,2023-10-03
IM000384,STORE075,PROD00401,32,2024-08-24
IM000385,STORE048,PROD00146,25,2025-02-04
IM000386,STORE067,PROD00298,-17,2025-05-04
IM000387,STORE025,PROD00145,13,2024-06-03
IM000388,STORE064,PROD00016,45,2023-12-17
IM000389,STORE024,PROD00085,42,2025-01-08
IM000390,STORE009,PROD00216,40,2024-08-22
IM000391,STORE008,PROD00482,21,2024-03-31
IM000392,STORE059,PROD00052,43,2025-04-24
IM000393,STORE017,PROD00548,-4,2025-03-20
IM000394,STORE043,PROD00107,40,2023-09-17
IM000395,STORE068,PROD00219,9,2024-11-16
IM000396,STORE004,PROD00337,22,2025-04-29
IM000397,STORE008,PROD00371,-14,2024-05-11
IM000398,STORE042,PROD00254,25,2023-06-29
IM000399,STORE049,PROD00405,2,2024-12-05
IM000400,STORE006,PROD00580,15,2025-02-14
IM000401,STORE073,PROD00699,-7,2024-08-26
IM000402,STORE042,PROD00636,-1,2023-09-06
IM000403,STORE072,PROD00030,35,2023-07-06
IM000404,STORE032,PROD00185,11,2024-11-25
IM000405,STORE015,PROD00289,4,2024-06-22
IM000406,STORE069,PROD00359,28,2023-07-15
IM000407,STORE027,PROD00474,36,2025-04-17
IM000408,STORE066,PROD00565,6,2024-12-14
IM000409,STORE059,PROD00400,6,2024-10-10
IM000410,STORE028,PROD00689,25,2024-07-01
IM000411,STORE024,PROD00133,24,2023-08-07
IM000412,STORE051,PROD00502,5,2024-01-21
IM000413,STORE021,PROD00503,-7,2024-11-20
IM000414,STORE031,PROD00077,27,2023-11-04
IM000415,STORE075,PROD00350,-6,2023-09-25
IM000416,STORE050,PROD00060,30,2025-02-22
IM000417,STORE040,PROD00455,33,2024-02-03
IM000418,STORE068,PROD00465,-10,2024-09-19
IM000419,STORE016,PROD00311,7,2025-03-07
IM000420,STORE076,PROD00091,34,2024-01-25
IM000421,STORE063,PROD00298,48,2023-12-03
IM000422,STORE056,PROD00325,5,2024-02-25
IM000423,STORE080,PROD00280,49,2024-06-10
IM000424,STORE024,PROD00711,11,2024-08-28
IM000425,STORE028,PROD00118,27,2025-03-25
IM000426,STORE031,PROD00695,-9,2024-10-27
IM000427,STORE015,PROD00567,49,2024-07-28
IM000428,STORE042,PROD00271,40,2024-02-07
IM000429,STORE050,PROD00517,13,2024-12-31
IM000430,STORE005,PROD00101,24,2023-07-19
IM000431,STORE048,PROD00388,39,2023-08-04
IM000432,STORE013,PROD00286,44,2024-03-03
IM000433,STORE032,PROD00053,-8,2023-08-12
IM000434,STORE067,PROD00730,27,2025-02-15
IM000435,STORE079,PROD00798,28,2023-06-18
IM000436,STORE030,PROD00240,37,2024-08-07
IM000437,STORE006,PROD00214,49,2023-12-02
IM000438,STORE025,PROD00616,40,2024-12-10
IM000439,STORE028,PROD00361,5,2024-07-20
IM000440,STORE062,PROD00364,18,2024-10-02
IM000441,STORE022,PROD00734,37,2025-04-30
IM000442,STORE068,PROD00701,6,2024-10-05
IM000443,STORE015,PROD00327,19,2024-05-26
IM000444,STORE026,PROD00476,10,2024-09-24
IM000445,STORE063,PROD00611,-18,2024-11-08
IM000446,STORE018,PROD00097,-6,2023-10-28
IM000447,STORE073,PROD00327,33,2024-07-30
IM000448,STORE063,PROD00073,49,2025-02-24
IM000449,STORE062,PROD00256,-10,2023-09-01
IM000450,STORE068,PROD00743,9,2025-01-26
IM000451,STORE048,PROD00170,14,2025-03-27
IM000452,STORE050,PROD00333,22,2025-05-25
IM000453,STORE063,PROD00157,40,2025-02-11
IM000454,STORE069,PROD00419,19,2023-12-04
IM000455,STORE006,PROD00458,21,2023-06-21
IM000456,STORE058,PROD00734,21,2023-06-09
IM000457,STORE051,PROD00099,-18,2023-08-04
IM000458,STORE012,PROD00732,0,2024-08-25
IM000459,STORE047,PROD00244,32,2023-08-16
IM000460,STORE009,PROD00771,23,2024-09-14
IM000461,STORE007,PROD00477,25,2023-12-21
IM000462,STORE029,PROD00441,16,2024-04-03
IM000463,STORE078,PROD00194,17,2023-06-07
IM000464,STORE051,PROD00375,17,2023-06-20
IM000465,STORE055,PROD00662,-10,2024-11-12
IM000466,STORE059,PROD00367,24,2024-06-23
IM000467,STORE056,PROD00155,43,2023-11-18
IM000468,STORE022,PROD00499,23,2024-04-24
IM000469,STORE018,PROD00534,41,2024-01-10
IM000470,STORE058,PROD00458,40,2024-01-31
IM000471,STORE040,PROD00628,-9,2024-08-04
IM000472,STORE031,PROD00113,-12,2024-08-26
IM000473,STORE056,PROD00723,46,2025-04-27
IM000474,STORE035,PROD00024,-19,2024-06-13
IM000475,STORE026,PROD00283,-13,2024-12-06
IM000476,STORE068,PROD00292,22,2025-04-16
IM000477,STORE034,PROD00363,-3,2023-08-21
IM000478,STORE076,PROD00401,31,2023-10-03
IM000479,STORE016,PROD00568,18,2025-01-15
IM000480,STORE042,PROD00266,10,2023-09-15
IM000481,STORE005,PROD00054,-7,2024-12-05
IM000482,STORE061,PROD00620,43,2024-08-11
IM000483,STORE044,PROD00714,23,2024-02-26
IM000484,STORE035,PROD00714,39,2023-08-17
IM000485,STORE001,PROD00422,-19,2024-06-05
IM000486,STORE043,PROD00474,11,2024-06-16
IM000487,STORE032,PROD00730,15,2024-05-28
IM000488,STORE063,PROD00243,34,2024-01-02
IM000489,STORE033,PROD00354,42,2024-04-09
IM000490,STORE077,PROD00388,48,2025-01-10
IM000491,STORE066,PROD00178,19,2024-01-19
IM000492,STORE030,PROD00475,3,2024-02-03
IM000493,STORE010,PROD00573,37,2024-03-29
IM000494,STORE023,PROD00405,7,2024-06-24
IM000495,STORE039,PROD00036,41,2024-03-05
IM000496,STORE045,PROD00358,4,2024-02-16
IM000497,STORE029,PROD00558,-14,2024-11-27
IM000498,STORE030,PROD00607,17,2024-05-02
IM000499,STORE034,PROD00327,24,2024-02-05
IM000500,STORE052,PROD00044,11,2023-10-25
IM000501,STORE022,PROD00320,11,2025-03-19
IM000502,STORE005,PROD00738,-20,2023-12-06
IM000503,STORE011,PROD00658,24,2024-02-23
IM000504,STORE032,PROD00472,43,2025-04-14
IM000505,STORE024,PROD00269,47,2024-05-04
IM000506,STORE011,PROD00525,-14,2023-12-20
IM000507,STORE011,PROD00025,17,2023-11-28
IM000508,STORE017,PROD00773,49,2023-09-10
IM000509,STORE032,PROD00640,32,2024-09-19
IM000510,STORE027,PROD00551,9,2024-11-30
IM000511,STORE032,PROD00157,1,2023-08-19
IM000512,STORE061,PROD00185,37,2024-06-11
IM000513,STORE025,PROD00174,34,2023-08-26
IM000514,STORE064,PROD00394,25,2025-05-08
IM000515,STORE064,PROD00186,5,2023-09-20
IM000516,STORE028,PROD00281,43,2024-07-20
IM000517,STORE040,PROD00586,-12,2024-05-23
IM000518,STORE014,PROD00295,-6,2025-05-20
IM000519,STORE042,PROD00528,-2,2023-11-29
IM000520,STORE039,PROD00188,-5,2025-01-09
IM000521,STORE002,PROD00412,4,2023-06-19
IM000522,STORE001,PROD00684,30,2024-11-22
IM000523,STORE032,PROD00186,25,2023-09-21
IM000524,STORE064,PROD00544,-14,2024-01-26
IM000525,STORE078,PROD00575,13,2024-09-29
IM000526,STORE031,PROD00301,37,2023-11-01
IM000527,STORE058,PROD00309,2,2024-05-23
IM000528,STORE078,PROD00189,2,2024-06-04
IM000529,STORE014,PROD00411,-4,2024-09-19
IM000530,STORE069,PROD00538,-8,2025-03-10
IM000531,STORE016,PROD00387,6,2023-12-20
IM000532,STORE069,PROD00551,45,2024-08-23
IM000533,STORE054,PROD00193,9,2023-08-24
IM000534,STORE013,PROD00163,-17,2024-08-16
IM000535,STORE080,PROD00053,46,2025-03-23
IM000536,STORE079,PROD00475,-7,2024-09-24
IM000537,STORE031,PROD00174,-10,2025-05-17
IM000538,STORE069,PROD00196,19,2025-05-02
IM000539,STORE021,PROD00211,-18,2023-12-11
IM000540,STORE030,PROD00790,-20,2024-10-31
IM000541,STORE023,PROD00700,-12,2024-09-20
IM000542,STORE038,PROD00390,-20,2025-05-14
IM000543,STORE029,PROD00308,-5,2024-05-17
IM000544,STORE077,PROD00457,25,2024-11-10
IM000545,STORE032,PROD00331,-11,2024-06-18
IM000546,STORE062,PROD00726,12,2024-09-14
IM000547,STORE045,PROD00495,20,2023-05-28
IM000548,STORE049,PROD00329,30,2024-07-09
IM000549,STORE033,PROD00029,1,2024-04-29
IM000550,STORE004,PROD00683,-5,2023-07-13
IM000551,STORE018,PROD00122,41,2024-09-27
IM000552,STORE070,PROD00458,32,2023-09-24
IM000553,STORE064,PROD00418,-7,2024-07-17
IM000554,STORE028,PROD00159,38,2023-10-28
IM000555,STORE058,PROD00598,5,2025-01-21
IM000556,STORE056,PROD00516,23,2024-06-15
IM000557,STORE020,PROD00002,-1,2023-07-29
IM000558,STORE077,PROD00645,-16,2025-05-20
IM000559,STORE034,PROD00302,44,2024-05-04
IM000560,STORE010,PROD00079,-10,2023-12-26
IM000561,STORE022,PROD00659,26,2023-07-14
IM000562,STORE005,PROD00678,-11,2023-12-24
IM000563,STORE044,PROD00315,40,2024-12-29
IM000564,STORE009,PROD00750,24,2024-01-04
IM000565,STORE043,PROD00328,26,2024-06-07
IM000566,STORE004,PROD00276,13,2024-01-21
IM000567,STORE042,PROD00716,-8,2024-02-06
IM000568,STORE065,PROD00452,2,2024-08-26
IM000569,STORE041,PROD00565,15,2023-10-17
IM000570,STORE064,PROD00486,42,2025-02-10
IM000571,STORE055,PROD00107,26,2024-12-28
IM000572,STORE018,PROD00567,45,2025-04-09
IM000573,STORE016,PROD00246,-7,2024-06-28
IM000574,STORE046,PROD00164,32,2023-10-30
IM000575,STORE036,PROD00527,45,2023-12-11
IM000576,STORE066,PROD00001,28,2024-01-10
IM000577,STORE044,PROD00137,-5,2023-10-06
IM000578,STORE005,PROD00151,47,2023-11-01
IM000579,STORE029,PROD00180,22,2023-09-09
IM000580,STORE004,PROD00744,44,2025-05-20
IM000581,STORE049,PROD00487,-12,2023-06-28
IM000582,STORE072,PROD00700,0,2024-01-21
IM000583,STORE008,PROD00018,22,2023-07-11
IM000584,STORE052,PROD00225,45,2024-12-20
IM000585,STORE069,PROD00105,-17,2024-03-03
IM000586,STORE021,PROD00718,-14,2023-06-16
IM000587,STORE027,PROD00698,37,2024-11-10
IM000588,STORE038,PROD00065,-17,2024-03-14
IM000589,STORE005,PROD00333,-1,2025-03-18
IM000590,STORE061,PROD00372,14,2024-01-25
IM000591,STORE008,PROD00207,38,2024-01-28
IM000592,STORE018,PROD00229,24,2025-02-06
IM000593,STORE004,PROD00581,-7,2024-06-03
IM000594,STORE004,PROD00142,1,2025-03-08
IM000595,STORE037,PROD00718,27,2024-03-10
IM000596,STORE015,PROD00686,9,2024-01-12
IM000597,STORE038,PROD00709,8,2023-07-25
IM000598,STORE027,PROD00331,15,2024-09-22
IM000599,STORE048,PROD00709,21,2023-12-09
IM000600,STORE046,PROD00740,8,2024-03-17
IM000601,STORE046,PROD00271,-14,2024-01-29
IM000602,STORE048,PROD00711,11,2024-04-12
IM000603,STORE059,PROD00325,-8,2023-09-17
IM000604,STORE004,PROD00527,-8,2023-08-21
IM000605,STORE075,PROD00798,33,2023-11-10
IM000606,STORE019,PROD00728,-7,2024-06-07
IM000607,STORE057,PROD00547,-15,2025-04-20
IM000608,STORE019,PROD00069,-5,2024-11-30
IM000609,STORE042,PROD00212,20,2024-03-23
IM000610,STORE005,PROD00558,31,2024-05-14
IM000611,STORE048,PROD00382,-5,2024-12-24
IM000612,STORE025,PROD00760,-16,2024-08-12
IM000613,STORE067,PROD00420,3,2023-08-25
IM000614,STORE026,PROD00597,22,2024-01-25
IM000615,STORE074,PROD00048,44,2023-07-26
IM000616,STORE062,PROD00231,-11,2024-11-14
IM000617,STORE007,PROD00579,38,2024-06-28
IM000618,STORE044,PROD00477,14,2023-07-27
IM000619,STORE027,PROD00089,10,2023-07-01
IM000620,STORE042,PROD00731,-10,2024-03-07
IM000621,STORE073,PROD00052,-12,2023-12-26
IM000622,STORE056,PROD00534,45,2024-06-06
IM000623,STORE003,PROD00422,23,2024-05-04
IM000624,STORE013,PROD00611,-5,2024-09-04
IM000625,STORE070,PROD00446,27,2024-02-22
IM000626,STORE059,PROD00131,32,2024-11-12
IM000627,STORE038,PROD00600,44,2024-08-08
IM000628,STORE068,PROD00648,27,2023-07-24
IM000629,STORE069,PROD00374,49,2023-07-30
IM000630,STORE001,PROD00551,25,2023-10-16
IM000631,STORE050,PROD00530,12,2024-02-01
IM000632,STORE073,PROD00105,31,2023-12-14
IM000633,STORE009,PROD00387,34,2023-08-02
IM000634,STORE053,PROD00658,30,2025-03-22
IM000635,STORE010,PROD00336,19,2023-07-29
IM000636,STORE077,PROD00736,4,2025-04-19
IM000637,STORE029,PROD00117,42,2023-10-20
IM000638,STORE036,PROD00001,1,2024-05-23
IM000639,STORE027,PROD00629,17,2024-10-22
IM000640,STORE018,PROD00538,-12,2023-07-05
IM000641,STORE018,PROD00436,16,2023-10-17
IM000642,STORE009,PROD00496,-16,2023-11-09
IM000643,STORE067,PROD00012,1,2024-10-17
IM000644,STORE007,PROD00294,-9,2025-02-15
IM000645,STORE058,PROD00508,39,2024-04-15
IM000646,STORE079,PROD00681,23,2024-04-06
IM000647,STORE030,PROD00565,1,2023-10-29
IM000648,STORE073,PROD00781,-15,2023-07-16
IM000649,STORE061,PROD00760,6,2024-10-18
IM000650,STORE017,PROD00128,34,2024-03-11
IM000651,STORE053,PROD00076,-6,2024-06-18
IM000652,STORE006,PROD00269,43,2023-10-22
IM000653,STORE039,PROD00146,-4,2024-02-17
IM000654,STORE025,PROD00403,-18,2023-08-07
IM000655,STORE042,PROD00499,-11,2024-09-08
IM000656,STORE042,PROD00560,42,2024-11-13
IM000657,STORE059,PROD00199,42,2024-05-03
IM000658,STORE038,PROD00583,41,2023-07-02
IM000659,STORE031,PROD00503,-12,2024-09-24
IM000660,STORE029,PROD00604,3,2025-03-22
IM000661,STORE009,PROD00403,11,2024-06-23
IM000662,STORE001,PROD00209,-18,2024-03-25
IM000663,STORE080,PROD00342,12,2024-04-15
IM000664,STORE072,PROD00048,22,2024-05-12
IM000665,STORE047,PROD00541,-9,2024-08-28
IM000666,STORE076,PROD00176,11,2023-06-11
IM000667,STORE010,PROD00511,-1,2024-04-23
IM000668,STORE016,PROD00019,46,2023-06-25
IM000669,STORE047,PROD00495,47,2025-01-10
IM000670,STORE043,PROD00355,-4,2023-08-07
IM000671,STORE024,PROD00559,-2,2025-01-06
IM000672,STORE008,PROD00345,-17,2024-01-28
IM000673,STORE075,PROD00060,-4,2025-05-08
IM000674,STORE026,PROD00688,43,2024-04-11
IM000675,STORE007,PROD00767,1,2023-11-06
IM000676,STORE079,PROD00229,45,2025-04-06
IM000677,STORE015,PROD00147,21,2024-03-04
IM000678,STORE048,PROD00298,24,2024-06-25
IM000679,STORE003,PROD00333,-10,2023-11-03
IM000680,STORE016,PROD00751,32,2023-09-04
IM000681,STORE079,PROD00332,39,2023-06-03
IM000682,STORE014,PROD00433,8,2025-03-17
IM000683,STORE075,PROD00399,-1,2025-01-14
IM000684,STORE003,PROD00700,-16,2025-01-28
IM000685,STORE073,PROD00335,4,2024-06-17
IM000686,STORE070,PROD00209,13,2024-03-06
IM000687,STORE031,PROD00411,-9,2024-02-11
IM000688,STORE080,PROD00587,7,2023-06-12
IM000689,STORE075,PROD00695,-15,2025-04-13
IM000690,STORE017,PROD00599,-2,2024-05-25
IM000691,STORE049,PROD00271,-9,2024-08-16
IM000692,STORE003,PROD00180,4,2024-03-21
IM000693,STORE055,PROD00415,-8,2023-09-27
IM000694,STORE072,PROD00757,-18,2023-12-11
IM000695,STORE040,PROD00346,3,2025-04-21
IM000696,STORE066,PROD00519,-13,2024-04-12
IM000697,STORE040,PROD00781,24,2023-12-23
IM000698,STORE030,PROD00438,-20,2024-10-25
IM000699,STORE025,PROD00013,-18,2024-06-04
IM000700,STORE007,PROD00404,44,2024-01-22
IM000701,STORE050,PROD00738,-6,2024-12-03
IM000702,STORE001,PROD00778,29,2024-01-16
IM000703,STORE044,PROD00754,-1,2024-09-24
IM000704,STORE049,PROD00380,-18,2025-01-26
IM000705,STORE007,PROD00692,40,2024-09-20
IM000706,STORE003,PROD00421,-6,2024-05-19
IM000707,STORE001,PROD00180,38,2025-02-06
IM000708,STORE051,PROD00638,33,2025-02-17
IM000709,STORE038,PROD00283,39,2024-03-10
IM000710,STORE043,PROD00418,16,2023-10-06
IM000711,STORE055,PROD00356,0,2024-08-19
IM000712,STORE057,PROD00702,2,2024-09-05
IM000713,STORE053,PROD00016,-3,2024-12-03
IM000714,STORE033,PROD00315,-4,2024-02-25
IM000715,STORE080,PROD00533,10,2025-01-04
IM000716,STORE062,PROD00016,43,2023-08-25
IM000717,STORE011,PROD00465,27,2024-03-23
IM000718,STORE072,PROD00463,5,2024-01-26
IM000719,STORE052,PROD00781,1,2025-03-13
IM000720,STORE001,PROD00545,24,2024-01-16
IM000721,STORE014,PROD00694,15,2024-11-18
IM000722,STORE021,PROD00069,43,2025-03-21
IM000723,STORE034,PROD00411,14,2024-08-08
IM000724,STORE014,PROD00052,6,2025-05-03
IM000725,STORE040,PROD00065,47,2024-11-11
IM000726,STORE035,PROD00740,-4,2024-06-07
IM000727,STORE042,PROD00467,49,2025-02-03
IM000728,STORE020,PROD00734,-10,2023-07-16
IM000729,STORE060,PROD00272,-16,2023-12-23
IM000730,STORE009,PROD00439,37,2024-03-24
IM000731,STORE033,PROD00530,36,2025-02-04
IM000732,STORE049,PROD00730,-7,2024-03-18
IM000733,STORE068,PROD00273,-20,2025-03-16
IM000734,STORE004,PROD00459,-5,2024-09-07
IM000735,STORE048,PROD00173,5,2024-05-02
IM000736,STORE016,PROD00568,28,2024-05-28
IM000737,STORE047,PROD00521,21,2023-07-06
IM000738,STORE026,PROD00497,49,2025-02-21
IM000739,STORE070,PROD00795,45,2024-08-31
IM000740,STORE037,PROD00534,32,2024-03-15
IM000741,STORE022,PROD00072,-12,2023-08-15
IM000742,STORE007,PROD00172,48,2024-08-20
IM000743,STORE042,PROD00635,19,2024-07-12
IM000744,STORE030,PROD00603,35,2024-07-01
IM000745,STORE074,PROD00736,-16,2024-03-24
IM000746,STORE079,PROD00292,35,2023-08-11
IM000747,STORE006,PROD00252,-16,2024-06-27
IM000748,STORE024,PROD00409,48,2023-11-03
IM000749,STORE066,PROD00367,31,2023-10-06
IM000750,STORE040,PROD00256,12,2023-10-16
IM000751,STORE015,PROD00525,1,2024-10-09
IM000752,STORE053,PROD00440,-6,2025-02-15
IM000753,STORE005,PROD00335,44,2025-03-09
IM000754,STORE036,PROD00630,2,2023-12-31
IM000755,STORE074,PROD00435,-15,2024-10-20
IM000756,STORE046,PROD00690,37,2023-06-27
IM000757,STORE023,PROD00461,5,2025-02-24
IM000758,STORE045,PROD00308,-9,2025-04-16
IM000759,STORE010,PROD00673,-19,2024-12-02
IM000760,STORE054,PROD00095,11,2023-11-22
IM000761,STORE070,PROD00409,29,2023-09-07
IM000762,STORE077,PROD00168,40,2024-12-24
IM000763,STORE032,PROD00087,-10,2024-05-07
IM000764,STORE043,PROD00003,47,2024-11-19
IM000765,STORE015,PROD00372,13,2023-11-09
IM000766,STORE066,PROD00528,-13,2025-02-03
IM000767,STORE015,PROD00642,-13,2024-02-11
IM000768,STORE020,PROD00023,-6,2023-08-01
IM000769,STORE050,PROD00098,-16,2024-05-26
IM000770,STORE006,PROD00670,-2,2024-03-12
IM000771,STORE079,PROD00751,-12,2025-01-28
IM000772,STORE017,PROD00522,36,2023-07-04
IM000773,STORE026,PROD00321,33,2024-07-12
IM000774,STORE022,PROD00534,8,2024-11-30
IM000775,STORE073,PROD00367,-2,2025-04-27
IM000776,STORE064,PROD00184,25,2024-11-07
IM000777,STORE076,PROD00417,41,2025-01-22
IM000778,STORE058,PROD00729,39,2023-08-27
IM000779,STORE037,PROD00214,-16,2024-04-04
IM000780,STORE078,PROD00670,12,2024-02-12
IM000781,STORE072,PROD00210,34,2023-11-01
IM000782,STORE028,PROD00133,-2,2025-05-13
IM000783,STORE049,PROD00053,-4,2023-07-10
IM000784,STORE073,PROD00741,21,2025-03-04
IM000785,STORE067,PROD00695,1,2023-06-26
IM000786,STORE076,PROD00023,18,2024-05-27
IM000787,STORE067,PROD00106,6,2023-07-05
IM000788,STORE041,PROD00603,25,2024-01-05
IM000789,STORE046,PROD00631,7,2024-08-18
IM000790,STORE055,PROD00460,31,2025-04-18
IM000791,STORE011,PROD00650,44,2024-08-24
IM000792,STORE026,PROD00482,18,2023-06-06
IM000793,STORE072,PROD00120,-3,2023-08-17
IM000794,STORE013,PROD00673,1,2023-12-01
IM000795,STORE036,PROD00208,47,2024-11-11
IM000796,STORE064,PROD00318,-10,2025-02-12
IM000797,STORE051,PROD00338,43,2024-10-02
IM000798,STORE076,PROD00155,36,2024-12-08
IM000799,STORE022,PROD00775,14,2023-10-10
IM000800,STORE060,PROD00155,16,2024-05-15
IM000801,STORE002,PROD00394,29,2023-07-10
IM000802,STORE056,PROD00505,9,2024-09-02
IM000803,STORE040,PROD00313,-4,2024-12-15
IM000804,STORE028,PROD00798,12,2025-03-01
IM000805,STORE077,PROD00259,-5,2024-09-14
IM000806,STORE003,PROD00157,-6,2024-02-02
IM000807,STORE063,PROD00014,-8,2024-09-28
IM000808,STORE023,PROD00077,-18,2025-03-17
IM000809,STORE055,PROD00339,3,2023-11-11
IM000810,STORE032,PROD00409,2,2025-03-05
IM000811,STORE028,PROD00394,38,2024-07-16
IM000812,STORE008,PROD00220,34,2023-12-06
IM000813,STORE003,PROD00744,44,2024-08-18
IM000814,STORE053,PROD00433,11,2023-07-21
IM000815,STORE029,PROD00455,39,2024-06-13
IM000816,STORE059,PROD00654,9,2024-12-15
IM000817,STORE024,PROD00763,45,2024-12-19
IM000818,STORE038,PROD00140,-3,2025-03-22
IM000819,STORE028,PROD00498,38,2025-01-28
IM000820,STORE062,PROD00654,32,2025-03-29
IM000821,STORE051,PROD00641,43,2024-08-08
IM000822,STORE007,PROD00530,9,2023-11-10
IM000823,STORE023,PROD00755,-3,2023-08-21
IM000824,STORE046,PROD00676,-16,2024-10-31
IM000825,STORE078,PROD00096,48,2025-02-13
IM000826,STORE028,PROD00028,-13,2024-08-02
IM000827,STORE024,PROD00230,-12,2024-12-09
IM000828,STORE007,PROD00416,11,2023-11-18
IM000829,STORE079,PROD00456,-7,2024-08-22
IM000830,STORE049,PROD00025,-8,2024-09-12
IM000831,STORE003,PROD00687,-3,2023-07-10
IM000832,STORE002,PROD00404,47,2024-02-05
IM000833,STORE007,PROD00673,1,2023-10-11
IM000834,STORE080,PROD00542,-1,2024-06-07
IM000835,STORE021,PROD00165,-6,2025-01-15
IM000836,STORE009,PROD00208,-14,2025-02-18
IM000837,STORE012,PROD00614,9,2024-04-22
IM000838,STORE024,PROD00373,-16,2025-03-08
IM000839,STORE033,PROD00618,-20,2023-05-28
IM000840,STORE078,PROD00069,39,2023-12-01
IM000841,STORE043,PROD00520,10,2024-04-15
IM000842,STORE005,PROD00635,-1,2023-06-11
IM000843,STORE079,PROD00353,43,2025-01-10
IM000844,STORE071,PROD00101,43,2023-08-11
IM000845,STORE014,PROD00001,8,2024-01-10
IM000846,STORE036,PROD00351,-11,2024-12-01
IM000847,STORE035,PROD00007,8,2023-11-18
IM000848,STORE050,PROD00318,10,2025-04-05
IM000849,STORE079,PROD00623,9,2024-04-04
IM000850,STORE011,PROD00509,4,2024-05-23
IM000851,STORE024,PROD00186,37,2023-06-13
IM000852,STORE075,PROD00728,36,2025-05-11
IM000853,STORE044,PROD00462,42,2024-07-02
IM000854,STORE051,PROD00343,16,2024-02-13
IM000855,STORE017,PROD00635,37,2024-01-11
IM000856,STORE070,PROD00713,7,2024-11-10
IM000857,STORE008,PROD00008,6,2023-06-02
IM000858,STORE079,PROD00576,49,2024-03-01
IM000859,STORE074,PROD00136,16,2024-09-04
IM000860,STORE028,PROD00383,-15,2024-09-15
IM000861,STORE079,PROD00186,41,2024-07-08
IM000862,STORE012,PROD00639,12,2025-02-07
IM000863,STORE043,PROD00372,19,2023-10-12
IM000864,STORE037,PROD00561,20,2023-10-18
IM000865,STORE063,PROD00166,21,2024-08-12
IM000866,STORE063,PROD00639,-12,2024-07-24
IM000867,STORE010,PROD00321,-3,2024-02-06
IM000868,STORE078,PROD00689,-6,2024-08-05
IM000869,STORE080,PROD00715,-17,2023-10-11
IM000870,STORE037,PROD00157,13,2024-07-12
IM000871,STORE011,PROD00731,41,2024-11-27
IM000872,STORE019,PROD00285,17,2025-02-12
IM000873,STORE052,PROD00028,2,2025-01-29
IM000874,STORE018,PROD00351,-1,2023-11-12
IM000875,STORE032,PROD00083,35,2024-10-30
IM000876,STORE023,PROD00624,32,2025-04-16
IM000877,STORE012,PROD00666,-19,2023-08-16
IM000878,STORE058,PROD00370,0,2024-03-27
IM000879,STORE077,PROD00541,21,2025-02-20
IM000880,STORE021,PROD00395,36,2024-08-24
IM000881,STORE021,PROD00480,28,2024-10-25
IM000882,STORE029,PROD00213,-11,2024-11-06
IM000883,STORE079,PROD00614,40,2023-06-14
IM000884,STORE047,PROD00360,0,2024-08-25
IM000885,STORE012,PROD00214,39,2024-05-19
IM000886,STORE058,PROD00304,-8,2023-10-23
IM000887,STORE041,PROD00155,27,2024-11-27
IM000888,STORE019,PROD00380,19,2024-08-27
IM000889,STORE012,PROD00200,42,2025-03-06
IM000890,STORE023,PROD00680,-12,2023-11-04
IM000891,STORE005,PROD00238,36,2023-06-30
IM000892,STORE026,PROD00671,30,2025-03-05
IM000893,STORE063,PROD00705,19,2023-12-29
IM000894,STORE052,PROD00167,43,2024-07-16
IM000895,STORE010,PROD00226,49,2025-01-19
IM000896,STORE039,PROD00251,43,2024-01-14
IM000897,STORE023,PROD00280,4,2024-01-13
IM000898,STORE011,PROD00476,7,2024-12-29
IM000899,STORE072,PROD00498,-11,2023-11-23
IM000900,STORE048,PROD00733,7,2025-03-25
IM000901,STORE016,PROD00535,15,2024-06-26
IM000902,STORE046,PROD00701,-10,2024-01-15
IM000903,STORE047,PROD00411,0,2025-02-09
IM000904,STORE048,PROD00784,5,2024-12-07
IM000905,STORE080,PROD00429,-3,2025-03-20
IM000906,STORE069,PROD00539,47,2024-02-04
IM000907,STORE025,PROD00443,20,2024-09-27
IM000908,STORE077,PROD00210,-6,2023-12-14
IM000909,STORE037,PROD00547,2,2024-12-12
IM000910,STORE063,PROD00710,20,2023-08-12
IM000911,STORE029,PROD00491,-15,2024-10-19
IM000912,STORE058,PROD00471,39,2024-05-02
IM000913,STORE031,PROD00686,31,2023-09-16
IM000914,STORE068,PROD00730,-12,2023-07-18
IM000915,STORE041,PROD00568,9,2023-11-04
IM000916,STORE050,PROD00664,23,2024-07-26
IM000917,STORE044,PROD00463,41,2023-07-16
IM000918,STORE009,PROD00550,22,2025-03-03
IM000919,STORE059,PROD00477,7,2024-10-05
IM000920,STORE027,PROD00198,-13,2024-01-04
IM000921,STORE059,PROD00521,30,2024-12-06
IM000922,STORE003,PROD00499,9,2023-06-01
IM000923,STORE007,PROD00511,-10,2023-08-31
IM000924,STORE016,PROD00690,-1,2025-04-16
IM000925,STORE049,PROD00325,10,2023-12-12
IM000926,STORE032,PROD00688,13,2024-05-10
IM000927,STORE044,PROD00467,-9,2024-11-24
IM000928,STORE019,PROD00773,27,2024-11-20
IM000929,STORE003,PROD00596,7,2024-05-03
IM000930,STORE060,PROD00139,46,2023-07-25
IM000931,STORE035,PROD00242,42,2023-12-22
IM000932,STORE029,PROD00316,27,2024-04-09
IM000933,STORE075,PROD00667,21,2024-01-18
IM000934,STORE070,PROD00733,31,2024-09-17
IM000935,STORE045,PROD00135,-16,2024-05-17
IM000936,STORE027,PROD00188,-9,2023-09-04
IM000937,STORE069,PROD00690,38,2024-06-20
IM000938,STORE035,PROD00579,44,2025-01-27
IM000939,STORE019,PROD00069,31,2023-07-02
IM000940,STORE017,PROD00439,22,2025-05-08
IM000941,STORE035,PROD00077,42,2024-01-11
IM000942,STORE077,PROD00400,29,2025-04-17
IM000943,STORE078,PROD00374,18,2024-03-30
IM000944,STORE030,PROD00012,21,2023-11-23
IM000945,STORE048,PROD00487,-4,2024-08-12
IM000946,STORE057,PROD00795,22,2025-01-09
IM000947,STORE017,PROD00758,28,2023-09-22
IM000948,STORE015,PROD00749,-16,2023-12-14
IM000949,STORE014,PROD00764,-20,2025-01-19
IM000950,STORE014,PROD00417,46,2025-01-07
IM000951,STORE045,PROD00207,3,2024-06-06
IM000952,STORE038,PROD00341,8,2025-03-11
IM000953,STORE063,PROD00620,-6,2024-08-09
IM000954,STORE075,PROD00721,-17,2025-04-15
IM000955,STORE011,PROD00311,23,2024-01-15
IM000956,STORE048,PROD00308,44,2023-07-09
IM000957,STORE026,PROD00293,10,2025-01-01
IM000958,STORE067,PROD00625,-1,2023-08-16
IM000959,STORE025,PROD00376,-11,2023-12-17
IM000960,STORE061,PROD00527,-10,2024-02-17
IM000961,STORE026,PROD00340,7,2024-01-08
IM000962,STORE034,PROD00083,17,2024-07-19
IM000963,STORE009,PROD00577,3,2024-08-14
IM000964,STORE040,PROD00452,18,2024-02-09
IM000965,STORE075,PROD00003,30,2023-09-01
IM000966,STORE007,PROD00456,29,2024-04-15
IM000967,STORE030,PROD00236,-14,2023-11-14
IM000968,STORE066,PROD00389,47,2025-05-21
IM000969,STORE030,PROD00393,32,2024-12-21
IM000970,STORE068,PROD00641,16,2024-08-09
IM000971,STORE058,PROD00759,33,2023-08-20
IM000972,STORE055,PROD00747,34,2023-07-17
IM000973,STORE014,PROD00030,10,2024-04-13
IM000974,STORE077,PROD00583,44,2024-01-21
IM000975,STORE077,PROD00148,38,2024-10-15
IM000976,STORE077,PROD00605,26,2024-07-12
IM000977,STORE037,PROD00283,28,2025-02-01
IM000978,STORE044,PROD00729,-3,2023-12-20
IM000979,STORE006,PROD00238,-18,2023-09-10
IM000980,STORE026,PROD00739,-3,2025-04-26
IM000981,STORE014,PROD00731,37,2024-11-08
IM000982,STORE008,PROD00319,4,2023-07-06
IM000983,STORE024,PROD00337,-3,2024-12-05
IM000984,STORE039,PROD00031,31,2024-01-14
IM000985,STORE049,PROD00626,22,2024-05-31
IM000986,STORE063,PROD00614,46,2024-05-24
IM000987,STORE026,PROD00605,-14,2024-12-14
IM000988,STORE010,PROD00207,23,2024-08-29
IM000989,STORE077,PROD00229,23,2024-04-03
IM000990,STORE058,PROD00583,30,2023-06-11
IM000991,STORE014,PROD00342,0,2023-12-17
IM000992,STORE073,PROD00460,16,2024-06-05
IM000993,STORE071,PROD00136,7,2023-08-04
IM000994,STORE039,PROD00284,11,2023-06-10
IM000995,STORE031,PROD00351,36,2023-11-03
IM000996,STORE050,PROD00017,20,2024-05-10
IM000997,STORE016,PROD00215,33,2024-07-10
IM000998,STORE072,PROD00395,6,2023-10-22
IM000999,STORE051,PROD00399,19,2024-03-14
IM001000,STORE015,PROD00414,20,2025-02-23
IM001001,STORE038,PROD00244,49,2024-02-20
IM001002,STORE079,PROD00095,3,2024-10-05
IM001003,STORE071,PROD00633,-3,2024-05-27
IM001004,STORE072,PROD00006,35,2024-07-24
IM001005,STORE021,PROD00780,-6,2023-07-18
IM001006,STORE016,PROD00087,14,2023-10-02
IM001007,STORE067,PROD00189,6,2023-12-12
IM001008,STORE065,PROD00615,-18,2024-07-31
IM001009,STORE013,PROD00616,0,2025-04-20
IM001010,STORE064,PROD00420,18,2024-10-28
IM001011,STORE061,PROD00067,11,2025-02-23
IM001012,STORE032,PROD00618,29,2025-02-14
IM001013,STORE012,PROD00248,-12,2024-11-08
IM001014,STORE041,PROD00207,29,2023-07-03
IM001015,STORE066,PROD00205,-20,2024-04-12
IM001016,STORE008,PROD00319,-17,2025-04-20
IM001017,STORE059,PROD00083,-17,2024-03-16
IM001018,STORE025,PROD00424,13,2024-10-08
IM001019,STORE005,PROD00082,6,2025-04-07
IM001020,STORE045,PROD00799,-6,2024-08-14
IM001021,STORE002,PROD00549,11,2024-10-04
IM001022,STORE042,PROD00725,20,2024-10-30
IM001023,STORE038,PROD00487,40,2024-05-08
IM001024,STORE003,PROD00133,42,2025-04-07
IM001025,STORE046,PROD00115,40,2023-08-02
IM001026,STORE022,PROD00377,-7,2023-10-21
IM001027,STORE033,PROD00211,2,2024-07-05
IM001028,STORE032,PROD00132,44,2024-07-30
IM001029,STORE017,PROD00374,11,2025-01-18
IM001030,STORE056,PROD00154,20,2024-02-07
IM001031,STORE003,PROD00423,5,2024-06-29
IM001032,STORE070,PROD00366,27,2025-02-19
IM001033,STORE049,PROD00694,-5,2024-06-09
IM001034,STORE055,PROD00147,10,2025-01-29
IM001035,STORE077,PROD00734,45,2024-08-01
IM001036,STORE031,PROD00794,11,2023-06-15
IM001037,STORE021,PROD00127,-11,2024-05-09
IM001038,STORE016,PROD00308,4,2024-10-28
IM001039,STORE017,PROD00715,24,2024-04-12
IM001040,STORE001,PROD00118,3,2024-05-08
IM001041,STORE072,PROD00573,-18,2024-05-08
IM001042,STORE065,PROD00231,41,2024-05-06
IM001043,STORE066,PROD00451,46,2023-12-15
IM001044,STORE037,PROD00500,34,2023-10-01
IM001045,STORE024,PROD00662,-11,2024-12-26
IM001046,STORE062,PROD00145,34,2025-01-04
IM001047,STORE021,PROD00623,1,2024-06-19
IM001048,STORE037,PROD00679,-7,2025-05-11
IM001049,STORE035,PROD00701,-13,2025-01-20
IM001050,STORE038,PROD00049,-6,2024-02-23
IM001051,STORE053,PROD00107,-6,2023-10-22
IM001052,STORE015,PROD00093,31,2024-04-06
IM001053,STORE042,PROD00636,49,2024-10-21
IM001054,STORE004,PROD00140,33,2023-08-17
IM001055,STORE039,PROD00314,21,2023-12-23
IM001056,STORE079,PROD00011,-2,2024-06-20
IM001057,STORE023,PROD00448,19,2024-09-22
IM001058,STORE015,PROD00395,48,2024-08-13
IM001059,STORE012,PROD00505,6,2024-07-07
IM001060,STORE070,PROD00378,22,2025-03-16
IM001061,STORE054,PROD00361,31,2023-08-27
IM001062,STORE038,PROD00683,25,2024-02-10
IM001063,STORE028,PROD00548,-7,2023-06-30
IM001064,STORE079,PROD00642,43,2024-03-22
IM001065,STORE019,PROD00573,40,2025-03-30
IM001066,STORE069,PROD00561,37,2023-09-14
IM001067,STORE064,PROD00396,28,2023-12-29
IM001068,STORE004,PROD00186,8,2024-02-13
IM001069,STORE010,PROD00221,5,2024-06-17
IM001070,STORE012,PROD00518,6,2024-12-15
IM001071,STORE069,PROD00300,46,2023-06-23
IM001072,STORE007,PROD00175,46,2024-05-25
IM001073,STORE044,PROD00791,14,2023-11-27
IM001074,STORE023,PROD00371,39,2024-05-15
IM001075,STORE002,PROD00509,40,2024-04-16
IM001076,STORE037,PROD00204,49,2024-01-15
IM001077,STORE069,PROD00608,-18,2025-03-10
IM001078,STORE020,PROD00282,12,2025-05-13
IM001079,STORE044,PROD00647,21,2023-08-02
IM001080,STORE070,PROD00416,-8,2023-09-25
IM001081,STORE074,PROD00033,8,2023-10-07
IM001082,STORE051,PROD00082,-12,2023-06-17
IM001083,STORE080,PROD00483,11,2023-09-29
IM001084,STORE031,PROD00148,1,2024-06-14
IM001085,STORE041,PROD00607,37,2024-06-02
IM001086,STORE058,PROD00495,36,2023-12-18
IM001087,STORE005,PROD00170,-11,2025-01-13
IM001088,STORE033,PROD00723,4,2023-08-08
IM001089,STORE043,PROD00703,41,2024-04-05
IM001090,STORE019,PROD00007,42,2024-07-11
IM001091,STORE032,PROD00380,-18,2024-03-18
IM001092,STORE003,PROD00434,26,2024-04-25
IM001093,STORE001,PROD00034,34,2024-03-02
IM001094,STORE041,PROD00563,5,2024-01-13
IM001095,STORE048,PROD00632,-8,2023-07-19
IM001096,STORE039,PROD00138,-14,2024-02-21
IM001097,STORE005,PROD00367,13,2023-08-28
IM001098,STORE077,PROD00106,1,2024-12-15
IM001099,STORE011,PROD00794,2,2023-12-21
IM001100,STORE022,PROD00032,27,2025-02-16
IM001101,STORE064,PROD00636,-7,2024-08-27
IM001102,STORE012,PROD00682,31,2023-12-28
IM001103,STORE053,PROD00524,18,2024-06-24
IM001104,STORE055,PROD00168,20,2024-12-01
IM001105,STORE053,PROD00078,15,2025-05-19
IM001106,STORE021,PROD00546,-15,2024-04-12
IM001107,STORE019,PROD00209,2,2024-07-23
IM001108,STORE069,PROD00411,-11,2024-02-20
IM001109,STORE072,PROD00008,39,2025-02-16
IM001110,STORE066,PROD00737,9,2024-07-18
IM001111,STORE059,PROD00227,49,2024-02-02
IM001112,STORE049,PROD00175,-16,2023-12-18
IM001113,STORE059,PROD00081,36,2024-03-11
IM001114,STORE023,PROD00794,22,2023-08-15
IM001115,STORE003,PROD00057,31,2024-08-24
IM001116,STORE056,PROD00135,-15,2023-08-18
IM001117,STORE058,PROD00238,-19,2024-09-08
IM001118,STORE062,PROD00472,-4,2025-02-04
IM001119,STORE018,PROD00217,-9,2024-05-22
IM001120,STORE061,PROD00739,23,2023-08-01
IM001121,STORE037,PROD00026,33,2023-10-06
IM001122,STORE054,PROD00187,-14,2024-11-15
IM001123,STORE078,PROD00630,11,2023-09-26
IM001124,STORE065,PROD00709,8,2023-06-27
IM001125,STORE014,PROD00116,25,2024-03-24
IM001126,STORE005,PROD00614,32,2024-01-14
IM001127,STORE062,PROD00163,4,2024-11-28
IM001128,STORE001,PROD00414,32,2024-05-18
IM001129,STORE063,PROD00178,8,2024-08-04
IM001130,STORE067,PROD00280,-15,2024-08-18
IM001131,STORE020,PROD00798,17,2025-04-20
IM001132,STORE043,PROD00212,-18,2024-09-14
IM001133,STORE042,PROD00054,14,2024-08-11
IM001134,STORE069,PROD00067,34,2024-02-12
IM001135,STORE074,PROD00544,26,2024-10-29
IM001136,STORE039,PROD00763,12,2024-10-23
IM001137,STORE062,PROD00520,-18,2023-10-16
IM001138,STORE048,PROD00499,48,2025-01-10
IM001139,STORE006,PROD00431,38,2023-06-03
IM001140,STORE074,PROD00727,-3,2025-02-23
IM001141,STORE042,PROD00046,45,2023-07-14
IM001142,STORE058,PROD00592,4,2024-10-10
IM001143,STORE043,PROD00035,-1,2025-02-02
IM001144,STORE010,PROD00189,48,2023-12-17
IM001145,STORE078,PROD00089,8,2023-06-06
IM001146,STORE039,PROD00335,-3,2024-12-28
IM001147,STORE013,PROD00136,6,2024-05-21
IM001148,STORE075,PROD00546,21,2024-11-19
IM001149,STORE039,PROD00793,45,2024-07-01
IM001150,STORE011,PROD00113,5,2024-08-29
IM001151,STORE016,PROD00172,2,2024-10-26
IM001152,STORE033,PROD00339,-16,2024-12-17
IM001153,STORE060,PROD00555,-10,2024-10-03
IM001154,STORE059,PROD00525,-2,2024-03-03
IM001155,STORE074,PROD00174,-9,2025-04-20
IM001156,STORE051,PROD00637,-19,2023-11-21
IM001157,STORE015,PROD00332,22,2023-12-24
IM001158,STORE080,PROD00207,1,2023-05-29
IM001159,STORE043,PROD00343,5,2023-10-21
IM001160,STORE027,PROD00104,12,2023-06-03
IM001161,STORE056,PROD00642,3,2025-03-04
IM001162,STORE060,PROD00040,48,2024-10-25
IM001163,STORE070,PROD00023,0,2024-03-12
IM001164,STORE047,PROD00252,25,2023-07-28
IM001165,STORE008,PROD00290,-3,2024-12-21
IM001166,STORE063,PROD00202,-16,2023-08-10
IM001167,STORE007,PROD00155,-13,2023-11-22
IM001168,STORE002,PROD00567,36,2023-12-28
IM001169,STORE017,PROD00106,-16,2023-12-27
IM001170,STORE004,PROD00260,-8,2024-08-10
IM001171,STORE026,PROD00200,45,2023-12-14
IM001172,STORE078,PROD00217,16,2024-02-07
IM001173,STORE072,PROD00411,8,2024-01-06
IM001174,STORE069,PROD00559,48,2023-07-08
IM001175,STORE005,PROD00117,11,2025-04-21
IM001176,STORE005,PROD00424,27,2025-05-07
IM001177,STORE069,PROD00212,-19,2025-01-23
IM001178,STORE003,PROD00155,48,2023-12-25
IM001179,STORE038,PROD00263,30,2024-04-05
IM001180,STORE001,PROD00507,14,2024-10-12
IM001181,STORE008,PROD00151,-6,2025-02-02
IM001182,STORE013,PROD00212,44,2024-03-20
IM001183,STORE070,PROD00192,17,2023-07-16
IM001184,STORE050,PROD00755,-4,2023-11-05
IM001185,STORE008,PROD00098,24,2023-09-14
IM001186,STORE030,PROD00541,-20,2024-04-27
IM001187,STORE040,PROD00701,-18,2025-04-12
IM001188,STORE079,PROD00172,49,2024-09-25
IM001189,STORE074,PROD00371,31,2024-10-20
IM001190,STORE033,PROD00709,32,2024-05-01
IM001191,STORE073,PROD00155,-18,2023-09-15
IM001192,STORE052,PROD00140,26,2024-09-28
IM001193,STORE033,PROD00256,-15,2024-11-09
IM001194,STORE073,PROD00676,25,2024-11-29
IM001195,STORE078,PROD00646,40,2024-07-11
IM001196,STORE037,PROD00416,22,2024-06-24
IM001197,STORE070,PROD00329,35,2023-12-15
IM001198,STORE069,PROD00378,49,2023-10-20
IM001199,STORE004,PROD00266,-1,2024-03-31
IM001200,STORE060,PROD00541,26,2023-08-17
IM001201,STORE080,PROD00139,33,2023-09-29
IM001202,STORE074,PROD00597,20,2023-08-24
IM001203,STORE031,PROD00512,45,2024-12-08
IM001204,STORE014,PROD00249,10,2024-11-21
IM001205,STORE077,PROD00745,43,2023-10-15
IM001206,STORE060,PROD00308,37,2024-01-16
IM001207,STORE068,PROD00573,34,2023-07-05
IM001208,STORE026,PROD00785,25,2024-04-11
IM001209,STORE024,PROD00219,3,2024-10-24
IM001210,STORE056,PROD00798,16,2024-03-13
IM001211,STORE009,PROD00761,20,2024-09-24
IM001212,STORE035,PROD00584,4,2023-06-11
IM001213,STORE079,PROD00293,8,2024-11-20
IM001214,STORE024,PROD00410,10,2024-06-20
IM001215,STORE031,PROD00198,-19,2024-07-19
IM001216,STORE066,PROD00080,-9,2023-07-27
IM001217,STORE066,PROD00385,-16,2024-10-02
IM001218,STORE041,PROD00137,40,2025-04-06
IM001219,STORE036,PROD00213,35,2024-02-11
IM001220,STORE034,PROD00619,16,2023-06-23
IM001221,STORE039,PROD00207,15,2024-09-21
IM001222,STORE023,PROD00664,8,2023-07-26
IM001223,STORE080,PROD00133,17,2024-11-21
IM001224,STORE044,PROD00166,20,2023-12-30
IM001225,STORE070,PROD00503,12,2024-09-01
IM001226,STORE058,PROD00430,-8,2024-11-05
IM001227,STORE059,PROD00180,-15,2025-04-20
IM001228,STORE026,PROD00121,45,2025-01-02
IM001229,STORE022,PROD00174,-13,2025-04-05
IM001230,STORE040,PROD00331,43,2023-12-22
IM001231,STORE011,PROD00068,-12,2023-12-08
IM001232,STORE009,PROD00699,2,2023-10-14
IM001233,STORE012,PROD00138,0,2023-07-17
IM001234,STORE026,PROD00308,-20,2023-06-07
IM001235,STORE038,PROD00330,25,2024-04-07
IM001236,STORE003,PROD00238,41,2025-01-25
IM001237,STORE015,PROD00530,-19,2023-11-11
IM001238,STORE047,PROD00076,23,2024-03-14
IM001239,STORE005,PROD00151,-16,2024-10-16
IM001240,STORE054,PROD00620,18,2023-12-09
IM001241,STORE024,PROD00665,45,2024-03-11
IM001242,STORE011,PROD00316,24,2024-06-12
IM001243,STORE033,PROD00037,-8,2023-12-17
IM001244,STORE074,PROD00658,11,2025-03-04
IM001245,STORE057,PROD00126,22,2023-08-17
IM001246,STORE052,PROD00797,-13,2024-12-01
IM001247,STORE064,PROD00620,38,2023-12-01
IM001248,STORE043,PROD00286,-10,2024-01-11
IM001249,STORE044,PROD00240,7,2023-08-17
IM001250,STORE036,PROD00614,18,2023-09-13
IM001251,STORE012,PROD00220,5,2023-10-25
IM001252,STORE056,PROD00007,5,2024-05-13
IM001253,STORE003,PROD00216,11,2023-06-09
IM001254,STORE050,PROD00681,25,2023-06-01
IM001255,STORE029,PROD00586,7,2024-08-02
IM001256,STORE077,PROD00293,-14,2024-06-09
IM001257,STORE016,PROD00539,14,2025-05-25
IM001258,STORE040,PROD00789,45,2023-11-12
IM001259,STORE027,PROD00484,1,2024-02-29
IM001260,STORE070,PROD00043,1,2024-07-11
IM001261,STORE042,PROD00307,-18,2024-03-31
IM001262,STORE057,PROD00093,25,2025-01-17
IM001263,STORE010,PROD00583,29,2025-05-04
IM001264,STORE038,PROD00269,-13,2025-03-04
IM001265,STORE008,PROD00621,-17,2024-02-16
IM001266,STORE018,PROD00693,-6,2025-03-27
IM001267,STORE017,PROD00215,23,2024-11-16
IM001268,STORE058,PROD00114,18,2023-09-01
IM001269,STORE066,PROD00185,8,2024-11-14
IM001270,STORE044,PROD00125,41,2025-01-18
IM001271,STORE074,PROD00105,13,2023-05-29
IM001272,STORE009,PROD00237,5,2024-11-03
IM001273,STORE048,PROD00653,-3,2024-04-03
IM001274,STORE039,PROD00158,42,2025-02-13
IM001275,STORE006,PROD00474,31,2024-05-10
IM001276,STORE030,PROD00505,33,2024-02-05
IM001277,STORE074,PROD00274,21,2024-04-02
IM001278,STORE018,PROD00117,33,2024-11-11
IM001279,STORE043,PROD00574,31,2025-03-16
IM001280,STORE033,PROD00536,-8,2025-03-11
IM001281,STORE053,PROD00060,11,2024-01-13
IM001282,STORE056,PROD00401,45,2024-12-13
IM001283,STORE019,PROD00777,37,2023-08-14
IM001284,STORE069,PROD00180,18,2024-01-24
IM001285,STORE026,PROD00232,6,2024-10-18
IM001286,STORE029,PROD00476,33,2024-01-05
IM001287,STORE024,PROD00655,22,2025-05-05
IM001288,STORE006,PROD00245,31,2024-03-12
IM001289,STORE054,PROD00593,-7,2023-07-15
IM001290,STORE039,PROD00638,-13,2023-12-11
IM001291,STORE004,PROD00649,14,2024-08-19
IM001292,STORE058,PROD00568,-3,2024-10-25
IM001293,STORE048,PROD00213,34,2023-09-29
IM001294,STORE060,PROD00606,31,2023-11-23
IM001295,STORE026,PROD00459,28,2023-12-17
IM001296,STORE079,PROD00128,-13,2023-12-22
IM001297,STORE077,PROD00217,16,2025-03-31
IM001298,STORE040,PROD00711,45,2025-03-29
IM001299,STORE077,PROD00020,20,2024-04-28
IM001300,STORE056,PROD00567,6,2024-10-19
IM001301,STORE039,PROD00758,-1,2025-04-29
IM001302,STORE039,PROD00763,17,2024-02-28
IM001303,STORE048,PROD00060,-9,2024-04-09
IM001304,STORE025,PROD00675,21,2023-10-20
IM001305,STORE034,PROD00714,29,2023-10-05
IM001306,STORE021,PROD00739,10,2023-09-26
IM001307,STORE025,PROD00129,44,2024-12-04
IM001308,STORE022,PROD00557,32,2024-10-10
IM001309,STORE023,PROD00197,19,2024-09-11
IM001310,STORE025,PROD00492,18,2024-07-04
IM001311,STORE078,PROD00678,-11,2025-05-01
IM001312,STORE078,PROD00504,8,2025-03-08
IM001313,STORE026,PROD00247,19,2025-05-04
IM001314,STORE030,PROD00738,9,2024-07-25
IM001315,STORE038,PROD00792,-19,2024-06-25
IM001316,STORE034,PROD00260,7,2024-03-28
IM001317,STORE077,PROD00347,26,2023-09-01
IM001318,STORE073,PROD00197,11,2025-04-29
IM001319,STORE015,PROD00107,11,2025-01-31
IM001320,STORE044,PROD00781,6,2024-10-11
IM001321,STORE010,PROD00744,33,2024-05-23
IM001322,STORE037,PROD00613,35,2024-04-16
IM001323,STORE007,PROD00160,10,2025-05-02
IM001324,STORE032,PROD00422,3,2024-12-16
IM001325,STORE011,PROD00607,14,2023-10-17
IM001326,STORE048,PROD00207,9,2023-12-04
IM001327,STORE068,PROD00313,34,2024-11-08
IM001328,STORE048,PROD00432,43,2024-01-19
IM001329,STORE045,PROD00235,12,2024-07-14
IM001330,STORE033,PROD00327,25,2023-10-25
IM001331,STORE004,PROD00479,12,2025-02-07
IM001332,STORE047,PROD00428,47,2024-05-06
IM001333,STORE053,PROD00666,43,2024-04-30
IM001334,STORE031,PROD00100,9,2023-12-19
IM001335,STORE031,PROD00238,8,2024-12-20
IM001336,STORE027,PROD00107,41,2023-11-02
IM001337,STORE048,PROD00364,9,2024-04-25
IM001338,STORE036,PROD00642,-9,2024-12-10
IM001339,STORE049,PROD00493,46,2025-05-25
IM001340,STORE031,PROD00043,-6,2024-11-12
IM001341,STORE044,PROD00575,-11,2024-07-30
IM001342,STORE059,PROD00073,40,2023-06-02
IM001343,STORE023,PROD00698,2,2024-03-22
IM001344,STORE068,PROD00629,-10,2025-05-07
IM001345,STORE042,PROD00304,-5,2023-10-20
IM001346,STORE042,PROD00005,28,2025-04-24
IM001347,STORE013,PROD00588,-7,2023-10-07
IM001348,STORE001,PROD00349,-15,2024-12-16
IM001349,STORE076,PROD00400,21,2023-10-13
IM001350,STORE053,PROD00595,-4,2024-12-15
IM001351,STORE040,PROD00433,21,2023-08-01
IM001352,STORE046,PROD00572,-11,2024-10-01
IM001353,STORE022,PROD00107,25,2025-03-29
IM001354,STORE052,PROD00117,28,2024-01-25
IM001355,STORE028,PROD00383,-12,2024-11-27
IM001356,STORE053,PROD00082,18,2025-01-30
IM001357,STORE063,PROD00653,-19,2024-06-20
IM001358,STORE017,PROD00734,47,2024-04-06
IM001359,STORE064,PROD00410,31,2023-11-13
IM001360,STORE006,PROD00070,-10,2024-06-08
IM001361,STORE014,PROD00387,16,2025-04-14
IM001362,STORE017,PROD00524,1,2023-09-22
IM001363,STORE038,PROD00297,31,2023-10-02
IM001364,STORE069,PROD00617,-16,2025-05-25
IM001365,STORE013,PROD00719,-19,2024-07-15
IM001366,STORE053,PROD00065,-16,2025-03-02
IM001367,STORE009,PROD00575,11,2023-09-08
IM001368,STORE044,PROD00178,-2,2023-05-27
IM001369,STORE026,PROD00008,-17,2023-09-01
IM001370,STORE077,PROD00159,25,2024-07-27
IM001371,STORE019,PROD00011,5,2024-05-19
IM001372,STORE048,PROD00785,29,2024-02-22
IM001373,STORE080,PROD00411,5,2024-02-24
IM001374,STORE030,PROD00607,11,2024-08-17
IM001375,STORE032,PROD00155,23,2023-06-28
IM001376,STORE078,PROD00206,5,2023-12-14
IM001377,STORE079,PROD00115,40,2025-05-16
IM001378,STORE076,PROD00379,30,2023-11-08
IM001379,STORE075,PROD00599,38,2025-03-13
IM001380,STORE069,PROD00709,17,2024-05-02
IM001381,STORE011,PROD00350,5,2023-07-22
IM001382,STORE026,PROD00098,24,2024-08-12
IM001383,STORE026,PROD00019,10,2024-11-30
IM001384,STORE017,PROD00313,49,2024-03-17
IM001385,STORE044,PROD00528,24,2024-04-02
IM001386,STORE023,PROD00557,10,2024-10-23
IM001387,STORE025,PROD00667,40,2025-01-30
IM001388,STORE037,PROD00445,27,2024-12-17
IM001389,STORE076,PROD00231,24,2023-08-29
IM001390,STORE065,PROD00669,39,2024-05-19
IM001391,STORE002,PROD00625,40,2023-12-01
IM001392,STORE074,PROD00359,31,2023-07-25
IM001393,STORE032,PROD00383,31,2024-11-19
IM001394,STORE074,PROD00512,41,2024-07-31
IM001395,STORE055,PROD00044,5,2025-02-24
IM001396,STORE050,PROD00365,46,2023-06-25
IM001397,STORE065,PROD00622,28,2025-04-12
IM001398,STORE032,PROD00111,23,2024-03-20
IM001399,STORE037,PROD00223,15,2025-04-19
IM001400,STORE076,PROD00386,32,2024-09-14
IM001401,STORE013,PROD00265,23,2023-07-15
IM001402,STORE054,PROD00271,1,2024-04-14
IM001403,STORE003,PROD00212,-19,2024-08-16
IM001404,STORE042,PROD00496,-14,2023-12-17
IM001405,STORE078,PROD00314,-5,2025-03-28
IM001406,STORE040,PROD00770,23,2024-05-16
IM001407,STORE074,PROD00387,44,2025-03-05
IM001408,STORE066,PROD00247,48,2023-11-12
IM001409,STORE060,PROD00567,40,2024-06-22
IM001410,STORE011,PROD00350,9,2024-09-19
IM001411,STORE001,PROD00072,21,2024-03-25
IM001412,STORE026,PROD00296,4,2023-11-08
IM001413,STORE042,PROD00213,36,2025-01-27
IM001414,STORE062,PROD00295,11,2024-07-01
IM001415,STORE061,PROD00171,29,2023-12-19
IM001416,STORE077,PROD00246,-11,2024-12-03
IM001417,STORE062,PROD00141,1,2023-06-17
IM001418,STORE074,PROD00616,20,2023-06-02
IM001419,STORE012,PROD00617,26,2025-01-19
IM001420,STORE027,PROD00240,-7,2025-01-24
IM001421,STORE067,PROD00311,-18,2023-08-14
IM001422,STORE028,PROD00416,32,2023-08-27
IM001423,STORE066,PROD00398,-5,2024-01-19
IM001424,STORE028,PROD00792,40,2024-10-09
IM001425,STORE021,PROD00022,7,2024-03-29
IM001426,STORE007,PROD00078,14,2024-09-07
IM001427,STORE014,PROD00475,-19,2024-05-02
IM001428,STORE039,PROD00707,40,2024-02-14
IM001429,STORE073,PROD00353,35,2024-12-17
IM001430,STORE062,PROD00371,34,2023-07-16
IM001431,STORE012,PROD00021,-3,2023-06-11
IM001432,STORE038,PROD00507,28,2024-09-19
IM001433,STORE058,PROD00160,21,2024-01-04
IM001434,STORE056,PROD00744,-14,2024-11-21
IM001435,STORE039,PROD00361,-17,2025-03-12
IM001436,STORE004,PROD00556,22,2023-09-05
IM001437,STORE048,PROD00297,38,2023-09-17
IM001438,STORE007,PROD00352,28,2024-03-07
IM001439,STORE060,PROD00180,39,2023-09-03
IM001440,STORE040,PROD00472,-15,2024-08-25
IM001441,STORE008,PROD00395,-1,2023-10-01
IM001442,STORE058,PROD00613,10,2023-07-09
IM001443,STORE057,PROD00627,1,2024-11-30
IM001444,STORE035,PROD00213,11,2023-12-17
IM001445,STORE073,PROD00530,26,2023-06-04
IM001446,STORE013,PROD00395,13,2024-02-23
IM001447,STORE039,PROD00027,6,2024-02-05
IM001448,STORE021,PROD00449,23,2024-01-08
IM001449,STORE047,PROD00438,9,2023-11-17
IM001450,STORE002,PROD00285,12,2023-08-21
IM001451,STORE044,PROD00661,6,2024-06-22
IM001452,STORE030,PROD00797,35,2024-03-31
IM001453,STORE055,PROD00649,2,2024-01-30
IM001454,STORE040,PROD00189,22,2024-08-12
IM001455,STORE077,PROD00702,33,2024-09-06
IM001456,STORE024,PROD00199,47,2025-04-11
IM001457,STORE042,PROD00102,32,2023-11-10
IM001458,STORE028,PROD00479,19,2023-05-30
IM001459,STORE051,PROD00603,39,2024-09-27
IM001460,STORE022,PROD00224,-12,2024-08-29
IM001461,STORE078,PROD00517,-11,2023-09-18
IM001462,STORE074,PROD00527,-11,2024-06-26
IM001463,STORE074,PROD00441,9,2023-06-15
IM001464,STORE008,PROD00517,-11,2024-08-17
IM001465,STORE014,PROD00230,37,2025-01-09
IM001466,STORE045,PROD00114,15,2024-01-06
IM001467,STORE038,PROD00516,23,2024-01-30
IM001468,STORE032,PROD00184,36,2024-07-22
IM001469,STORE062,PROD00725,22,2023-11-09
IM001470,STORE067,PROD00759,2,2024-06-08
IM001471,STORE061,PROD00034,-17,2024-05-08
IM001472,STORE013,PROD00296,-9,2024-04-22
IM001473,STORE080,PROD00453,28,2023-07-20
IM001474,STORE047,PROD00708,3,2024-05-02
IM001475,STORE054,PROD00505,-8,2024-08-07
IM001476,STORE071,PROD00406,47,2023-12-14
IM001477,STORE052,PROD00127,13,2023-10-05
IM001478,STORE072,PROD00142,-12,2024-04-22
IM001479,STORE025,PROD00648,-11,2024-07-16
IM001480,STORE023,PROD00128,44,2023-10-16
IM001481,STORE074,PROD00686,33,2024-04-26
IM001482,STORE030,PROD00730,22,2025-01-14
IM001483,STORE011,PROD00626,38,2025-01-07
IM001484,STORE035,PROD00350,38,2025-02-15
IM001485,STORE027,PROD00524,46,2025-01-11
IM001486,STORE067,PROD00463,40,2024-02-02
IM001487,STORE047,PROD00244,17,2024-05-19
IM001488,STORE050,PROD00564,-13,2025-04-29
IM001489,STORE008,PROD00186,44,2025-05-24
IM001490,STORE055,PROD00233,-16,2025-03-19
IM001491,STORE077,PROD00514,22,2023-07-03
IM001492,STORE042,PROD00001,39,2023-06-24
IM001493,STORE067,PROD00239,5,2024-01-13
IM001494,STORE020,PROD00055,-10,2023-10-10
IM001495,STORE045,PROD00495,13,2024-07-04
IM001496,STORE035,PROD00732,-19,2023-11-05
IM001497,STORE077,PROD00616,0,2024-04-24
IM001498,STORE020,PROD00418,5,2023-10-12
IM001499,STORE024,PROD00448,-16,2024-09-14
IM001500,STORE057,PROD00338,-12,2025-04-20
IM001501,STORE055,PROD00277,29,2025-01-31
IM001502,STORE009,PROD00010,-11,2023-07-27
IM001503,STORE016,PROD00341,37,2023-11-21
IM001504,STORE055,PROD00104,-11,2025-05-20
IM001505,STORE072,PROD00345,15,2024-12-28
IM001506,STORE058,PROD00370,35,2024-11-23
IM001507,STORE064,PROD00198,41,2024-07-18
IM001508,STORE076,PROD00014,16,2024-10-14
IM001509,STORE049,PROD00680,20,2023-10-04
IM001510,STORE029,PROD00338,27,2024-10-27
IM001511,STORE079,PROD00542,1,2024-12-14
IM001512,STORE007,PROD00457,40,2024-06-21
IM001513,STORE077,PROD00526,27,2023-10-03
IM001514,STORE069,PROD00750,43,2023-12-07
IM001515,STORE002,PROD00436,16,2023-08-01
IM001516,STORE033,PROD00366,20,2024-08-31
IM001517,STORE048,PROD00401,-16,2024-05-02
IM001518,STORE037,PROD00574,31,2024-10-31
IM001519,STORE030,PROD00482,-4,2025-02-15
IM001520,STORE041,PROD00110,41,2024-04-10
IM001521,STORE004,PROD00406,31,2025-05-02
IM001522,STORE039,PROD00309,-1,2024-11-19
IM001523,STORE024,PROD00160,-5,2023-10-07
IM001524,STORE050,PROD00055,-14,2025-04-07
IM001525,STORE037,PROD00761,45,2023-12-21
IM001526,STORE053,PROD00256,-9,2023-09-20
IM001527,STORE025,PROD00534,22,2024-01-04
IM001528,STORE031,PROD00422,19,2025-02-23
IM001529,STORE038,PROD00615,-20,2025-01-11
IM001530,STORE058,PROD00264,37,2023-06-06
IM001531,STORE053,PROD00748,-18,2024-02-01
IM001532,STORE050,PROD00233,-13,2023-08-10
IM001533,STORE004,PROD00680,40,2023-08-06
IM001534,STORE052,PROD00233,-16,2024-12-27
IM001535,STORE031,PROD00517,5,2024-11-23
IM001536,STORE078,PROD00045,-4,2023-08-04
IM001537,STORE014,PROD00558,45,2024-08-29
IM001538,STORE001,PROD00676,30,2023-11-23
IM001539,STORE043,PROD00681,26,2024-06-20
IM001540,STORE059,PROD00436,19,2024-12-07
IM001541,STORE061,PROD00335,6,2024-01-13
IM001542,STORE041,PROD00404,19,2025-03-23
IM001543,STORE018,PROD00164,-20,2024-08-31
IM001544,STORE060,PROD00256,25,2023-11-08
IM001545,STORE069,PROD00066,-10,2025-03-16
IM001546,STORE079,PROD00772,18,2024-06-18
IM001547,STORE059,PROD00088,-3,2024-11-04
IM001548,STORE042,PROD00240,26,2024-05-16
IM001549,STORE080,PROD00311,0,2023-07-01
IM001550,STORE036,PROD00571,7,2024-08-31
IM001551,STORE040,PROD00682,-20,2024-02-10
IM001552,STORE030,PROD00258,-7,2024-03-23
IM001553,STORE011,PROD00558,-1,2023-06-30
IM001554,STORE025,PROD00514,24,2024-08-29
IM001555,STORE045,PROD00434,40,2025-05-02
IM001556,STORE051,PROD00129,6,2023-06-25
IM001557,STORE043,PROD00781,35,2023-06-28
IM001558,STORE066,PROD00326,31,2023-09-12
IM001559,STORE047,PROD00790,47,2023-10-20
IM001560,STORE024,PROD00017,16,2024-10-13
IM001561,STORE077,PROD00699,10,2023-12-03
IM001562,STORE037,PROD00342,28,2023-06-21
IM001563,STORE056,PROD00628,32,2023-10-01
IM001564,STORE075,PROD00771,18,2025-05-14
IM001565,STORE046,PROD00249,-11,2024-09-17
IM001566,STORE028,PROD00710,-12,2023-11-01
IM001567,STORE052,PROD00739,-8,2023-07-06
IM001568,STORE015,PROD00177,-3,2023-10-04
IM001569,STORE045,PROD00755,-9,2024-03-17
IM001570,STORE058,PROD00357,-16,2025-02-16
IM001571,STORE067,PROD00495,-14,2025-05-11
IM001572,STORE073,PROD00035,-6,2023-09-20
IM001573,STORE072,PROD00407,46,2024-01-21
IM001574,STORE073,PROD00647,-3,2023-12-03
IM001575,STORE041,PROD00010,17,2024-06-30
IM001576,STORE065,PROD00695,5,2024-11-24
IM001577,STORE040,PROD00714,17,2024-11-17
IM001578,STORE005,PROD00531,38,2024-06-07
IM001579,STORE075,PROD00535,31,2025-03-18
IM001580,STORE028,PROD00095,12,2023-07-21
IM001581,STORE038,PROD00576,0,2023-07-23
IM001582,STORE018,PROD00450,-4,2025-02-12
IM001583,STORE037,PROD00220,41,2024-11-17
IM001584,STORE027,PROD00096,38,2024-10-04
IM001585,STORE025,PROD00777,-19,2024-03-15
IM001586,STORE069,PROD00381,43,2024-06-01
IM001587,STORE027,PROD00669,4,2024-02-16
IM001588,STORE077,PROD00207,20,2025-04-17
IM001589,STORE054,PROD00786,-2,2024-04-12
IM001590,STORE007,PROD00246,17,2024-07-19
IM001591,STORE078,PROD00711,4,2025-03-30
IM001592,STORE027,PROD00797,18,2024-07-30
IM001593,STORE059,PROD00510,-17,2024-11-09
IM001594,STORE072,PROD00083,-18,2025-03-18
IM001595,STORE031,PROD00317,13,2023-06-20
IM001596,STORE068,PROD00645,-11,2023-11-24
IM001597,STORE004,PROD00105,6,2024-12-15
IM001598,STORE018,PROD00370,-20,2023-12-20
IM001599,STORE063,PROD00749,23,2024-08-12
IM001600,STORE076,PROD00581,31,2024-09-09
IM001601,STORE052,PROD00696,4,2023-06-03
IM001602,STORE063,PROD00630,44,2024-03-25
IM001603,STORE045,PROD00180,-10,2024-01-10
IM001604,STORE012,PROD00783,47,2024-04-03
IM001605,STORE008,PROD00602,-6,2024-04-04
IM001606,STORE022,PROD00600,36,2025-02-15
IM001607,STORE041,PROD00083,43,2024-04-07
IM001608,STORE041,PROD00532,-10,2025-01-28
IM001609,STORE057,PROD00619,-1,2023-12-30
IM001610,STORE032,PROD00501,9,2023-09-05
IM001611,STORE055,PROD00348,-11,2024-03-04
IM001612,STORE006,PROD00272,33,2024-03-05
IM001613,STORE039,PROD00331,37,2024-03-19
IM001614,STORE009,PROD00610,8,2025-04-08
IM001615,STORE032,PROD00744,-20,2023-08-27
IM001616,STORE036,PROD00569,37,2024-10-06
IM001617,STORE016,PROD00661,0,2023-10-23
IM001618,STORE012,PROD00389,-6,2023-09-30
IM001619,STORE041,PROD00747,46,2025-04-14
IM001620,STORE067,PROD00137,12,2023-10-01
IM001621,STORE058,PROD00779,17,2023-06-12
IM001622,STORE009,PROD00741,-2,2024-04-17
IM001623,STORE017,PROD00361,-17,2025-05-15
IM001624,STORE005,PROD00282,37,2023-09-07
IM001625,STORE026,PROD00202,49,2025-04-01
IM001626,STORE001,PROD00744,-9,2024-03-17
IM001627,STORE001,PROD00531,-4,2024-04-19
IM001628,STORE035,PROD00016,-20,2024-05-18
IM001629,STORE009,PROD00568,-7,2024-05-20
IM001630,STORE038,PROD00114,-19,2023-12-06
IM001631,STORE004,PROD00068,-17,2024-06-07
IM001632,STORE052,PROD00590,45,2024-02-17
IM001633,STORE019,PROD00030,25,2024-12-31
IM001634,STORE005,PROD00519,29,2023-07-03
IM001635,STORE048,PROD00664,39,2024-03-26
IM001636,STORE063,PROD00022,31,2024-08-02
IM001637,STORE038,PROD00431,27,2023-06-26
IM001638,STORE052,PROD00030,18,2024-04-10
IM001639,STORE046,PROD00679,49,2025-03-03
IM001640,STORE009,PROD00660,39,2023-06-23
IM001641,STORE050,PROD00410,9,2024-06-13
IM001642,STORE074,PROD00049,6,2024-07-02
IM001643,STORE066,PROD00325,34,2023-10-06
IM001644,STORE077,PROD00488,49,2025-02-07
IM001645,STORE038,PROD00298,5,2024-11-26
IM001646,STORE027,PROD00774,21,2024-09-18
IM001647,STORE020,PROD00181,46,2024-10-12
IM001648,STORE062,PROD00122,46,2025-01-15
IM001649,STORE074,PROD00124,31,2024-05-05
IM001650,STORE016,PROD00453,-15,2023-10-26
IM001651,STORE079,PROD00266,-11,2024-06-29
IM001652,STORE013,PROD00028,17,2024-12-30
IM001653,STORE020,PROD00259,-9,2024-07-03
IM001654,STORE024,PROD00077,25,2024-01-20
IM001655,STORE050,PROD00432,28,2024-12-30
IM001656,STORE007,PROD00706,42,2023-08-11
IM001657,STORE029,PROD00035,48,2024-08-11
IM001658,STORE005,PROD00436,22,2023-08-12
IM001659,STORE035,PROD00114,39,2024-09-08
IM001660,STORE065,PROD00062,8,2023-12-24
IM001661,STORE070,PROD00052,-10,2024-04-23
IM001662,STORE074,PROD00116,14,2024-02-16
IM001663,STORE007,PROD00047,2,2024-05-03
IM001664,STORE044,PROD00438,0,2025-01-06
IM001665,STORE072,PROD00412,16,2025-01-16
IM001666,STORE013,PROD00101,7,2024-03-30
IM001667,STORE078,PROD00279,37,2024-09-19
IM001668,STORE075,PROD00107,32,2024-11-13
IM001669,STORE038,PROD00035,7,2023-12-09
IM001670,STORE013,PROD00359,21,2024-07-29
IM001671,STORE054,PROD00800,40,2024-03-31
IM001672,STORE044,PROD00002,12,2024-08-17
IM001673,STORE013,PROD00751,34,2025-03-05
IM001674,STORE025,PROD00492,16,2025-03-15
IM001675,STORE024,PROD00272,26,2024-01-30
IM001676,STORE029,PROD00144,15,2025-04-05
IM001677,STORE070,PROD00435,7,2024-09-09
IM001678,STORE018,PROD00451,-11,2024-09-10
IM001679,STORE005,PROD00604,2,2025-03-04
IM001680,STORE018,PROD00733,-16,2023-06-30
IM001681,STORE063,PROD00566,-15,2024-01-09
IM001682,STORE037,PROD00228,21,2023-09-26
IM001683,STORE071,PROD00545,26,2024-02-19
IM001684,STORE055,PROD00214,7,2023-08-06
IM001685,STORE073,PROD00648,-8,2024-04-07
IM001686,STORE012,PROD00248,4,2025-03-07
IM001687,STORE052,PROD00408,-14,2023-12-16
IM001688,STORE057,PROD00053,45,2023-06-02
IM001689,STORE046,PROD00576,37,2023-12-11
IM001690,STORE044,PROD00314,45,2024-07-28
IM001691,STORE024,PROD00374,15,2024-10-06
IM001692,STORE009,PROD00037,-19,2024-04-15
IM001693,STORE012,PROD00724,17,2024-10-05
IM001694,STORE009,PROD00524,-7,2024-11-05
IM001695,STORE022,PROD00084,6,2023-06-15
IM001696,STORE017,PROD00094,-6,2024-12-26
IM001697,STORE033,PROD00415,-9,2024-05-13
IM001698,STORE047,PROD00342,22,2024-03-02
IM001699,STORE015,PROD00719,36,2024-08-30
IM001700,STORE033,PROD00550,27,2024-03-14
IM001701,STORE015,PROD00421,40,2023-10-30
IM001702,STORE027,PROD00348,23,2023-08-16
IM001703,STORE061,PROD00715,31,2023-07-29
IM001704,STORE068,PROD00782,41,2023-12-15
IM001705,STORE048,PROD00587,-19,2024-06-18
IM001706,STORE008,PROD00128,10,2025-03-09
IM001707,STORE006,PROD00152,12,2024-07-26
IM001708,STORE063,PROD00522,-16,2024-08-01
IM001709,STORE002,PROD00038,37,2023-07-23
IM001710,STORE022,PROD00427,-10,2023-10-16
IM001711,STORE021,PROD00105,2,2024-05-03
IM001712,STORE006,PROD00165,24,2023-08-29
IM001713,STORE070,PROD00544,6,2023-06-13
IM001714,STORE013,PROD00212,35,2024-11-10
IM001715,STORE001,PROD00526,38,2025-04-11
IM001716,STORE022,PROD00742,19,2025-03-24
IM001717,STORE024,PROD00132,-3,2024-07-16
IM001718,STORE064,PROD00152,30,2024-07-19
IM001719,STORE041,PROD00096,40,2024-05-11
IM001720,STORE022,PROD00503,2,2024-06-05
IM001721,STORE061,PROD00522,15,2023-12-12
IM001722,STORE012,PROD00374,17,2025-02-20
IM001723,STORE004,PROD00016,35,2025-03-24
IM001724,STORE080,PROD00679,18,2023-08-28
IM001725,STORE012,PROD00608,48,2024-05-29
IM001726,STORE033,PROD00018,7,2024-09-30
IM001727,STORE021,PROD00409,0,2024-10-19
IM001728,STORE073,PROD00007,41,2024-06-16
IM001729,STORE072,PROD00696,2,2024-12-02
IM001730,STORE074,PROD00245,0,2025-01-14
IM001731,STORE074,PROD00594,-5,2024-09-28
IM001732,STORE072,PROD00643,41,2024-07-11
IM001733,STORE052,PROD00129,44,2025-01-16
IM001734,STORE047,PROD00455,-16,2023-09-30
IM001735,STORE059,PROD00586,25,2024-02-04
IM001736,STORE047,PROD00571,43,2024-02-21
IM001737,STORE056,PROD00072,20,2024-11-18
IM001738,STORE013,PROD00160,23,2024-09-17
IM001739,STORE044,PROD00087,-6,2023-06-07
IM001740,STORE035,PROD00401,47,2025-03-28
IM001741,STORE029,PROD00462,30,2023-11-09
IM001742,STORE056,PROD00529,33,2023-07-17
IM001743,STORE005,PROD00089,47,2023-10-01
IM001744,STORE067,PROD00661,21,2024-02-10
IM001745,STORE053,PROD00006,25,2023-12-22
IM001746,STORE060,PROD00596,4,2023-06-15
IM001747,STORE006,PROD00084,46,2023-11-22
IM001748,STORE048,PROD00250,14,2024-06-13
IM001749,STORE080,PROD00666,1,2024-04-12
IM001750,STORE035,PROD00416,-12,2024-06-17
IM001751,STORE018,PROD00072,3,2024-06-01
IM001752,STORE011,PROD00621,2,2025-04-11
IM001753,STORE051,PROD00112,40,2023-11-06
IM001754,STORE023,PROD00172,16,2023-06-23
IM001755,STORE047,PROD00699,24,2024-03-30
IM001756,STORE075,PROD00797,-6,2023-08-15
IM001757,STORE059,PROD00273,36,2023-07-31
IM001758,STORE057,PROD00530,-7,2023-08-06
IM001759,STORE056,PROD00680,31,2023-07-04
IM001760,STORE027,PROD00319,15,2024-06-26
IM001761,STORE073,PROD00082,6,2024-02-17
IM001762,STORE035,PROD00075,-4,2025-05-08
IM001763,STORE055,PROD00429,20,2024-09-12
IM001764,STORE009,PROD00460,-17,2023-10-30
IM001765,STORE018,PROD00346,-18,2023-11-08
IM001766,STORE044,PROD00249,-2,2023-09-15
IM001767,STORE021,PROD00643,20,2024-09-09
IM001768,STORE056,PROD00387,19,2024-06-09
IM001769,STORE048,PROD00713,37,2024-01-16
IM001770,STORE001,PROD00363,18,2025-03-25
IM001771,STORE027,PROD00296,-14,2024-08-06
IM001772,STORE045,PROD00068,15,2023-12-11
IM001773,STORE063,PROD00438,-1,2025-01-13
IM001774,STORE058,PROD00532,8,2025-03-18
IM001775,STORE040,PROD00783,47,2023-05-28
IM001776,STORE063,PROD00605,45,2023-09-01
IM001777,STORE038,PROD00133,26,2024-12-22
IM001778,STORE029,PROD00295,2,2023-09-28
IM001779,STORE040,PROD00296,-15,2023-12-31
IM001780,STORE019,PROD00647,-3,2024-03-19
IM001781,STORE056,PROD00033,32,2024-02-11
IM001782,STORE044,PROD00374,1,2023-10-17
IM001783,STORE065,PROD00032,47,2024-02-17
IM001784,STORE013,PROD00555,14,2024-12-05
IM001785,STORE030,PROD00305,-12,2024-03-13
IM001786,STORE049,PROD00793,10,2023-09-27
IM001787,STORE075,PROD00108,22,2025-04-07
IM001788,STORE063,PROD00096,-4,2024-12-31
IM001789,STORE071,PROD00066,30,2024-08-31
IM001790,STORE035,PROD00521,45,2023-09-22
IM001791,STORE011,PROD00230,3,2025-03-04
IM001792,STORE049,PROD00733,-6,2023-10-23
IM001793,STORE040,PROD00358,7,2023-11-08
IM001794,STORE021,PROD00402,-18,2024-02-22
IM001795,STORE047,PROD00790,8,2024-05-22
IM001796,STORE003,PROD00099,31,2024-12-30
IM001797,STORE030,PROD00271,33,2025-02-21
IM001798,STORE067,PROD00775,37,2024-03-18
IM001799,STORE062,PROD00362,24,2024-07-23
IM001800,STORE037,PROD00164,29,2024-02-24
IM001801,STORE022,PROD00528,1,2023-09-09
IM001802,STORE031,PROD00169,31,2023-08-23
IM001803,STORE046,PROD00021,32,2024-09-07
IM001804,STORE076,PROD00540,10,2024-03-13
IM001805,STORE045,PROD00595,27,2025-01-07
IM001806,STORE014,PROD00785,10,2024-09-01
IM001807,STORE012,PROD00397,-17,2024-02-11
IM001808,STORE063,PROD00036,14,2025-01-27
IM001809,STORE077,PROD00495,46,2023-07-17
IM001810,STORE038,PROD00314,43,2024-05-20
IM001811,STORE047,PROD00490,-12,2024-09-10
IM001812,STORE054,PROD00276,25,2025-03-30
IM001813,STORE055,PROD00233,35,2024-12-10
IM001814,STORE048,PROD00616,35,2023-12-27
IM001815,STORE073,PROD00436,5,2024-03-21
IM001816,STORE072,PROD00006,39,2023-10-05
IM001817,STORE015,PROD00535,27,2023-10-13
IM001818,STORE071,PROD00682,37,2024-07-02
IM001819,STORE016,PROD00664,42,2024-03-10
IM001820,STORE043,PROD00244,37,2024-10-16
IM001821,STORE007,PROD00241,-18,2024-05-18
IM001822,STORE043,PROD00773,-14,2024-01-13
IM001823,STORE028,PROD00558,31,2023-06-18
IM001824,STORE066,PROD00273,41,2024-06-06
IM001825,STORE060,PROD00075,-19,2023-12-16
IM001826,STORE003,PROD00283,12,2023-10-09
IM001827,STORE001,PROD00708,-9,2024-02-22
IM001828,STORE031,PROD00535,27,2023-12-17
IM001829,STORE056,PROD00087,32,2023-10-07
IM001830,STORE080,PROD00633,20,2025-03-04
IM001831,STORE046,PROD00149,37,2023-08-14
IM001832,STORE032,PROD00150,47,2025-03-14
IM001833,STORE018,PROD00577,2,2025-02-27
IM001834,STORE068,PROD00160,15,2023-11-17
IM001835,STORE035,PROD00446,0,2024-01-01
IM001836,STORE023,PROD00796,34,2023-10-14
IM001837,STORE079,PROD00082,35,2025-04-12
IM001838,STORE013,PROD00007,-8,2024-04-16
IM001839,STORE078,PROD00182,1,2023-09-21
IM001840,STORE014,PROD00526,-14,2024-12-07
IM001841,STORE037,PROD00478,3,2023-06-14
IM001842,STORE005,PROD00183,40,2023-06-03
IM001843,STORE022,PROD00314,-16,2023-09-15
IM001844,STORE028,PROD00556,29,2024-12-30
IM001845,STORE004,PROD00174,41,2025-02-03
IM001846,STORE050,PROD00014,34,2025-01-14
IM001847,STORE029,PROD00300,5,2024-06-15
IM001848,STORE037,PROD00073,-11,2024-04-06
IM001849,STORE035,PROD00735,-10,2024-01-19
IM001850,STORE020,PROD00514,19,2024-12-18
IM001851,STORE035,PROD00722,-10,2023-07-04
IM001852,STORE002,PROD00773,-17,2023-07-16
IM001853,STORE058,PROD00602,-19,2024-01-28
IM001854,STORE018,PROD00343,18,2025-01-03
IM001855,STORE056,PROD00396,2,2025-05-05
IM001856,STORE064,PROD00764,24,2024-11-26
IM001857,STORE052,PROD00333,21,2023-10-27
IM001858,STORE022,PROD00355,21,2023-07-25
IM001859,STORE060,PROD00559,8,2025-04-09
IM001860,STORE010,PROD00163,-5,2025-04-04
IM001861,STORE080,PROD00116,46,2023-11-27
IM001862,STORE006,PROD00403,39,2023-08-04
IM001863,STORE006,PROD00079,-17,2023-06-21
IM001864,STORE028,PROD00447,-5,2024-09-21
IM001865,STORE042,PROD00008,20,2023-12-29
IM001866,STORE074,PROD00023,-15,2024-07-11
IM001867,STORE041,PROD00781,21,2025-02-24
IM001868,STORE063,PROD00791,36,2023-09-25
IM001869,STORE022,PROD00543,7,2025-02-26
IM001870,STORE079,PROD00414,2,2023-12-15
IM001871,STORE029,PROD00682,21,2024-06-04
IM001872,STORE071,PROD00642,-9,2023-11-18
IM001873,STORE034,PROD00409,43,2025-05-05
IM001874,STORE002,PROD00669,37,2024-02-15
IM001875,STORE026,PROD00022,30,2023-12-15
IM001876,STORE075,PROD00638,8,2023-07-05
IM001877,STORE019,PROD00403,-2,2023-10-25
IM001878,STORE020,PROD00681,24,2024-12-22
IM001879,STORE033,PROD00678,33,2024-12-29
IM001880,STORE004,PROD00157,45,2024-03-16
IM001881,STORE032,PROD00330,-8,2025-01-12
IM001882,STORE019,PROD00022,44,2023-11-24
IM001883,STORE003,PROD00472,-9,2023-06-05
IM001884,STORE061,PROD00264,-7,2024-01-26
IM001885,STORE038,PROD00303,21,2025-03-28
IM001886,STORE006,PROD00775,27,2024-12-29
IM001887,STORE056,PROD00724,3,2024-03-14
IM001888,STORE040,PROD00465,44,2023-06-25
IM001889,STORE069,PROD00164,-4,2024-06-03
IM001890,STORE042,PROD00136,17,2024-12-21
IM001891,STORE074,PROD00252,7,2024-05-22
IM001892,STORE002,PROD00205,12,2023-09-30
IM001893,STORE028,PROD00302,3,2025-02-17
IM001894,STORE017,PROD00242,49,2024-08-27
IM001895,STORE070,PROD00791,-17,2024-12-31
IM001896,STORE069,PROD00061,12,2024-11-16
IM001897,STORE039,PROD00465,-11,2024-11-09
IM001898,STORE007,PROD00302,15,2024-01-05
IM001899,STORE032,PROD00472,10,2024-03-01
IM001900,STORE004,PROD00394,-17,2023-12-18
IM001901,STORE021,PROD00607,-13,2023-05-30
IM001902,STORE032,PROD00660,6,2024-09-16
IM001903,STORE014,PROD00259,15,2024-11-11
IM001904,STORE070,PROD00542,-12,2023-10-20
IM001905,STORE075,PROD00530,22,2024-02-12
IM001906,STORE046,PROD00187,3,2024-12-20
IM001907,STORE020,PROD00212,16,2023-12-29
IM001908,STORE058,PROD00035,20,2023-10-26
IM001909,STORE080,PROD00147,5,2025-03-20
IM001910,STORE048,PROD00282,-17,2023-08-27
IM001911,STORE007,PROD00547,-20,2023-11-23
IM001912,STORE040,PROD00588,-1,2024-04-09
IM001913,STORE059,PROD00584,24,2023-09-09
IM001914,STORE036,PROD00249,48,2023-11-25
IM001915,STORE044,PROD00057,31,2024-03-31
IM001916,STORE031,PROD00305,43,2025-02-18
IM001917,STORE042,PROD00522,0,2024-05-22
IM001918,STORE044,PROD00725,4,2024-04-08
IM001919,STORE043,PROD00361,46,2025-05-21
IM001920,STORE043,PROD00237,5,2024-05-27
IM001921,STORE047,PROD00234,6,2023-12-25
IM001922,STORE006,PROD00223,31,2023-09-08
IM001923,STORE066,PROD00616,42,2025-02-20
IM001924,STORE009,PROD00327,24,2024-06-24
IM001925,STORE011,PROD00098,37,2023-12-07
IM001926,STORE080,PROD00226,17,2025-01-27
IM001927,STORE077,PROD00734,14,2024-12-12
IM001928,STORE018,PROD00489,25,2024-03-15
IM001929,STORE025,PROD00478,-18,2024-05-07
IM001930,STORE074,PROD00334,-15,2024-03-24
IM001931,STORE058,PROD00792,-8,2025-04-15
IM001932,STORE030,PROD00555,25,2024-06-10
IM001933,STORE001,PROD00512,12,2024-10-03
IM001934,STORE063,PROD00382,41,2024-09-18
IM001935,STORE079,PROD00423,42,2024-09-27
IM001936,STORE029,PROD00348,35,2025-01-10
IM001937,STORE066,PROD00153,18,2023-12-04
IM001938,STORE075,PROD00452,39,2024-12-03
IM001939,STORE053,PROD00290,3,2025-04-23
IM001940,STORE019,PROD00736,29,2024-10-13
IM001941,STORE066,PROD00119,12,2024-04-02
IM001942,STORE052,PROD00214,-14,2024-03-03
IM001943,STORE031,PROD00565,25,2024-08-10
IM001944,STORE060,PROD00732,41,2023-09-05
IM001945,STORE068,PROD00439,-20,2024-09-15
IM001946,STORE030,PROD00755,44,2023-09-20
IM001947,STORE013,PROD00565,24,2025-05-09
IM001948,STORE015,PROD00629,34,2024-03-17
IM001949,STORE020,PROD00447,45,2024-06-05
IM001950,STORE034,PROD00042,46,2024-06-30
IM001951,STORE020,PROD00395,33,2025-01-01
IM001952,STORE050,PROD00247,42,2024-06-09
IM001953,STORE027,PROD00291,33,2024-11-12
IM001954,STORE030,PROD00248,31,2024-07-30
IM001955,STORE056,PROD00613,33,2023-10-27
IM001956,STORE065,PROD00599,46,2025-03-10
IM001957,STORE055,PROD00449,16,2024-08-05
IM001958,STORE024,PROD00084,-9,2024-10-14
IM001959,STORE025,PROD00773,38,2025-01-11
IM001960,STORE053,PROD00221,-1,2024-05-13
IM001961,STORE076,PROD00666,11,2024-08-05
IM001962,STORE011,PROD00051,23,2024-07-16
IM001963,STORE060,PROD00550,45,2023-11-01
IM001964,STORE077,PROD00771,34,2024-12-23
IM001965,STORE047,PROD00187,-5,2024-04-12
IM001966,STORE025,PROD00525,47,2024-08-03
IM001967,STORE025,PROD00223,31,2024-05-01
IM001968,STORE017,PROD00465,16,2024-06-19
IM001969,STORE012,PROD00419,25,2024-06-20
IM001970,STORE052,PROD00087,20,2023-10-24
IM001971,STORE011,PROD00259,-16,2023-09-11
IM001972,STORE010,PROD00181,45,2023-11-03
IM001973,STORE060,PROD00311,-16,2024-03-19
IM001974,STORE054,PROD00173,42,2025-04-07
IM001975,STORE080,PROD00322,-18,2024-11-11
IM001976,STORE063,PROD00707,-13,2024-07-19
IM001977,STORE020,PROD00340,5,2024-02-17
IM001978,STORE005,PROD00496,32,2024-02-15
IM001979,STORE041,PROD00245,8,2024-09-01
IM001980,STORE063,PROD00505,-7,2023-12-30
IM001981,STORE056,PROD00329,-16,2024-04-11
IM001982,STORE032,PROD00196,6,2024-03-23
IM001983,STORE027,PROD00062,47,2023-08-09
IM001984,STORE068,PROD00025,8,2024-12-27
IM001985,STORE048,PROD00564,-18,2024-03-09
IM001986,STORE007,PROD00562,9,2024-08-04
IM001987,STORE046,PROD00378,-12,2024-11-16
IM001988,STORE078,PROD00295,-20,2023-06-06
IM001989,STORE018,PROD00052,2,2024-12-31
IM001990,STORE038,PROD00040,46,2023-11-26
IM001991,STORE065,PROD00744,11,2024-01-29
IM001992,STORE017,PROD00572,-15,2024-07-01
IM001993,STORE038,PROD00728,28,2024-11-11
IM001994,STORE063,PROD00457,-6,2023-10-27
IM001995,STORE042,PROD00709,37,2023-08-04
IM001996,STORE008,PROD00788,32,2024-07-10
IM001997,STORE030,PROD00002,9,2023-10-06
IM001998,STORE064,PROD00469,19,2024-03-01
IM001999,STORE009,PROD00106,38,2024-07-03
IM002000,STORE057,PROD00216,42,2025-05-17
