OrderLineID,OrderID,ProductID,Quantity,UnitPrice
OOL0000001,ORD015796,PROD00702,1,298.54
OOL0000002,ORD000861,PROD00407,3,223.41
OOL0000003,ORD005391,PROD00666,1,37.02
OOL0000004,ORD011965,PROD00196,3,452.29
OOL0000005,ORD011285,PROD00466,4,445.0
OOL0000006,ORD006266,PROD00311,1,322.11
OOL0000007,ORD016851,PROD00262,1,494.57
OOL0000008,ORD004427,PROD00419,3,203.72
OOL0000009,ORD014424,PROD00406,4,366.6
OOL0000010,ORD011364,PROD00143,2,123.38
OOL0000011,ORD016024,PROD00342,4,351.52
OOL0000012,ORD008323,PROD00316,3,62.29
OOL0000013,ORD001686,PROD00101,4,27.8
OOL0000014,ORD000770,PROD00244,3,138.14
OOL0000015,ORD002434,PROD00490,3,478.38
OOL0000016,ORD005312,PROD00012,2,279.56
OOL0000017,ORD005052,PROD00239,1,287.47
OOL0000018,ORD006421,PROD00561,3,473.59
OOL0000019,ORD017569,PROD00042,3,455.78
OOL0000020,ORD019770,PROD00678,2,437.74
OOL0000021,ORD006397,PROD00594,3,356.89
OOL0000022,ORD008667,PROD00429,1,130.14
OOL0000023,ORD018943,PROD00158,2,117.01
OOL0000024,ORD018432,PROD00216,1,179.54
OOL0000025,ORD002748,PROD00670,1,67.23
OOL0000026,ORD000190,PROD00462,2,454.06
OOL0000027,ORD019119,PROD00134,3,360.62
OOL0000028,ORD003006,PROD00067,1,232.19
OOL0000029,ORD001900,PROD00007,1,8.32
OOL0000030,ORD001268,PROD00526,1,297.75
OOL0000031,ORD017913,PROD00073,1,284.49
OOL0000032,ORD011395,PROD00399,2,149.79
OOL0000033,ORD003557,PROD00405,2,431.56
OOL0000034,ORD003891,PROD00675,4,88.33
OOL0000035,ORD008839,PROD00578,4,20.31
OOL0000036,ORD014503,PROD00130,1,312.57
OOL0000037,ORD010628,PROD00466,3,258.8
OOL0000038,ORD008793,PROD00206,1,70.52
OOL0000039,ORD010556,PROD00788,3,234.33
OOL0000040,ORD010254,PROD00768,1,449.35
OOL0000041,ORD008434,PROD00266,4,173.48
OOL0000042,ORD010234,PROD00537,4,200.74
OOL0000043,ORD011017,PROD00793,3,303.63
OOL0000044,ORD002613,PROD00253,1,413.89
OOL0000045,ORD015788,PROD00289,3,196.01
OOL0000046,ORD017160,PROD00164,4,49.91
OOL0000047,ORD012207,PROD00095,1,322.72
OOL0000048,ORD008227,PROD00782,1,440.51
OOL0000049,ORD014542,PROD00110,3,206.45
OOL0000050,ORD003153,PROD00336,2,35.36
OOL0000051,ORD001586,PROD00238,3,363.8
OOL0000052,ORD003944,PROD00381,4,360.94
OOL0000053,ORD019458,PROD00436,4,402.17
OOL0000054,ORD001022,PROD00483,4,258.28
OOL0000055,ORD011654,PROD00025,4,204.21
OOL0000056,ORD010806,PROD00653,4,485.91
OOL0000057,ORD013418,PROD00117,2,361.23
OOL0000058,ORD007990,PROD00482,1,41.75
OOL0000059,ORD009693,PROD00392,3,118.2
OOL0000060,ORD012991,PROD00537,3,378.15
OOL0000061,ORD006874,PROD00079,4,180.36
OOL0000062,ORD005676,PROD00580,3,339.33
OOL0000063,ORD000162,PROD00173,4,312.57
OOL0000064,ORD004298,PROD00012,2,86.12
OOL0000065,ORD000996,PROD00800,2,367.4
OOL0000066,ORD011535,PROD00128,1,7.8
OOL0000067,ORD007630,PROD00608,2,448.54
OOL0000068,ORD001017,PROD00092,2,486.52
OOL0000069,ORD008530,PROD00653,1,197.99
OOL0000070,ORD017263,PROD00543,3,173.7
OOL0000071,ORD009269,PROD00532,4,20.12
OOL0000072,ORD012186,PROD00658,4,497.45
OOL0000073,ORD006332,PROD00447,3,15.23
OOL0000074,ORD008572,PROD00390,1,436.44
OOL0000075,ORD007209,PROD00672,3,455.52
OOL0000076,ORD005277,PROD00043,2,149.79
OOL0000077,ORD018447,PROD00254,1,421.9
OOL0000078,ORD016449,PROD00130,1,171.8
OOL0000079,ORD016217,PROD00060,1,441.59
OOL0000080,ORD008007,PROD00663,4,363.87
OOL0000081,ORD002569,PROD00467,3,99.67
OOL0000082,ORD002028,PROD00287,1,242.14
OOL0000083,ORD002696,PROD00517,1,201.41
OOL0000084,ORD015423,PROD00467,1,422.65
OOL0000085,ORD005259,PROD00778,3,256.19
OOL0000086,ORD006737,PROD00345,4,77.8
OOL0000087,ORD000392,PROD00642,2,11.45
OOL0000088,ORD013987,PROD00382,4,463.19
OOL0000089,ORD012667,PROD00779,1,113.16
OOL0000090,ORD005893,PROD00690,4,268.58
OOL0000091,ORD003562,PROD00253,4,130.14
OOL0000092,ORD006185,PROD00056,2,454.15
OOL0000093,ORD019484,PROD00463,3,370.95
OOL0000094,ORD008393,PROD00457,3,382.76
OOL0000095,ORD013068,PROD00083,4,171.8
OOL0000096,ORD015266,PROD00099,4,448.38
OOL0000097,ORD019489,PROD00149,3,342.43
OOL0000098,ORD002455,PROD00329,3,476.74
OOL0000099,ORD011838,PROD00156,2,335.09
OOL0000100,ORD014040,PROD00190,1,495.68
OOL0000101,ORD019116,PROD00494,4,342.69
OOL0000102,ORD010966,PROD00263,3,204.37
OOL0000103,ORD009763,PROD00080,4,498.08
OOL0000104,ORD005057,PROD00400,4,298.93
OOL0000105,ORD014949,PROD00764,3,20.55
OOL0000106,ORD008111,PROD00609,2,275.75
OOL0000107,ORD013774,PROD00260,4,37.02
OOL0000108,ORD017413,PROD00772,2,431.56
OOL0000109,ORD000503,PROD00615,3,301.56
OOL0000110,ORD006911,PROD00552,1,210.98
OOL0000111,ORD012686,PROD00785,1,237.47
OOL0000112,ORD000207,PROD00101,4,160.46
OOL0000113,ORD017869,PROD00359,3,418.56
OOL0000114,ORD015935,PROD00380,2,367.86
OOL0000115,ORD017248,PROD00221,4,404.66
OOL0000116,ORD019175,PROD00420,3,97.08
OOL0000117,ORD008756,PROD00124,3,232.01
OOL0000118,ORD012384,PROD00422,2,80.4
OOL0000119,ORD018142,PROD00231,4,382.97
OOL0000120,ORD014821,PROD00690,3,72.22
OOL0000121,ORD007575,PROD00063,3,387.9
OOL0000122,ORD006375,PROD00485,3,356.52
OOL0000123,ORD001679,PROD00628,2,58.9
OOL0000124,ORD019627,PROD00703,4,363.87
OOL0000125,ORD001060,PROD00574,4,424.36
OOL0000126,ORD016199,PROD00768,4,485.53
OOL0000127,ORD009915,PROD00483,4,440.23
OOL0000128,ORD019542,PROD00519,1,123.23
OOL0000129,ORD010818,PROD00155,1,25.93
OOL0000130,ORD010922,PROD00092,4,414.22
OOL0000131,ORD009790,PROD00526,2,417.49
OOL0000132,ORD016313,PROD00455,1,318.11
OOL0000133,ORD011253,PROD00741,3,222.08
OOL0000134,ORD002694,PROD00598,1,210.98
OOL0000135,ORD013932,PROD00645,3,362.09
OOL0000136,ORD003628,PROD00510,4,290.64
OOL0000137,ORD016158,PROD00183,1,374.2
OOL0000138,ORD010174,PROD00386,2,424.36
OOL0000139,ORD018048,PROD00574,1,366.28
OOL0000140,ORD010231,PROD00731,1,418.56
OOL0000141,ORD015708,PROD00405,1,360.62
OOL0000142,ORD011495,PROD00246,4,239.08
OOL0000143,ORD001307,PROD00742,2,321.6
OOL0000144,ORD006777,PROD00591,1,25.08
OOL0000145,ORD009475,PROD00661,2,86.79
OOL0000146,ORD007527,PROD00650,4,139.36
OOL0000147,ORD005531,PROD00471,3,24.68
OOL0000148,ORD003749,PROD00423,1,48.15
OOL0000149,ORD013546,PROD00065,2,241.55
OOL0000150,ORD000664,PROD00013,2,124.9
OOL0000151,ORD001999,PROD00213,4,380.88
OOL0000152,ORD007995,PROD00242,1,288.81
OOL0000153,ORD017880,PROD00493,3,145.5
OOL0000154,ORD003305,PROD00213,2,395.46
OOL0000155,ORD018238,PROD00693,1,33.58
OOL0000156,ORD013809,PROD00338,3,59.82
OOL0000157,ORD006586,PROD00173,2,233.42
OOL0000158,ORD017676,PROD00672,2,345.27
OOL0000159,ORD019966,PROD00164,3,420.08
OOL0000160,ORD011650,PROD00465,3,424.36
OOL0000161,ORD001637,PROD00497,4,478.38
OOL0000162,ORD017083,PROD00700,1,227.18
OOL0000163,ORD004738,PROD00395,1,51.37
OOL0000164,ORD014556,PROD00703,4,107.62
OOL0000165,ORD013878,PROD00308,2,382.34
OOL0000166,ORD000855,PROD00768,3,366.28
OOL0000167,ORD005856,PROD00183,3,363.87
OOL0000168,ORD007393,PROD00629,3,289.05
OOL0000169,ORD013950,PROD00794,2,410.8
OOL0000170,ORD018092,PROD00510,3,363.87
OOL0000171,ORD005792,PROD00708,3,273.52
OOL0000172,ORD004932,PROD00546,4,221.55
OOL0000173,ORD019895,PROD00564,2,331.12
OOL0000174,ORD000203,PROD00624,1,369.86
OOL0000175,ORD011448,PROD00764,4,345.27
OOL0000176,ORD012689,PROD00594,4,305.4
OOL0000177,ORD004390,PROD00744,1,268.14
OOL0000178,ORD002328,PROD00227,4,356.89
OOL0000179,ORD008005,PROD00745,2,422.9
OOL0000180,ORD019316,PROD00733,3,436.44
OOL0000181,ORD007778,PROD00436,2,440.51
OOL0000182,ORD000198,PROD00422,1,436.44
OOL0000183,ORD001931,PROD00554,1,25.93
OOL0000184,ORD011775,PROD00021,4,210.16
OOL0000185,ORD015088,PROD00554,2,441.72
OOL0000186,ORD009340,PROD00397,2,232.19
OOL0000187,ORD011590,PROD00625,1,86.79
OOL0000188,ORD018896,PROD00105,2,5.22
OOL0000189,ORD015709,PROD00192,1,370.95
OOL0000190,ORD017044,PROD00017,2,495.15
OOL0000191,ORD002812,PROD00120,2,428.33
OOL0000192,ORD014244,PROD00393,2,378.15
OOL0000193,ORD006547,PROD00425,1,79.05
OOL0000194,ORD001987,PROD00129,4,439.24
OOL0000195,ORD008339,PROD00130,2,20.12
OOL0000196,ORD011412,PROD00572,1,322.11
OOL0000197,ORD002912,PROD00560,1,361.3
OOL0000198,ORD001735,PROD00029,2,20.31
OOL0000199,ORD018228,PROD00097,2,412.46
OOL0000200,ORD008681,PROD00010,4,230.71
OOL0000201,ORD019361,PROD00242,1,131.74
OOL0000202,ORD018344,PROD00232,1,137.0
OOL0000203,ORD005760,PROD00789,3,268.47
OOL0000204,ORD002386,PROD00284,1,60.9
OOL0000205,ORD011112,PROD00715,4,53.94
OOL0000206,ORD004737,PROD00759,3,118.2
OOL0000207,ORD001803,PROD00776,3,43.42
OOL0000208,ORD008156,PROD00726,3,342.69
OOL0000209,ORD008121,PROD00200,2,338.93
OOL0000210,ORD006617,PROD00079,2,392.59
OOL0000211,ORD014258,PROD00173,1,388.08
OOL0000212,ORD014487,PROD00467,3,303.05
OOL0000213,ORD016647,PROD00581,4,200.74
OOL0000214,ORD014076,PROD00416,2,453.5
OOL0000215,ORD009209,PROD00449,4,179.96
OOL0000216,ORD016372,PROD00087,4,234.11
OOL0000217,ORD011836,PROD00101,2,422.74
OOL0000218,ORD013169,PROD00008,2,173.48
OOL0000219,ORD002050,PROD00200,2,282.84
OOL0000220,ORD005424,PROD00505,2,392.28
OOL0000221,ORD014590,PROD00087,3,440.51
OOL0000222,ORD019493,PROD00043,3,241.74
OOL0000223,ORD007159,PROD00385,3,351.16
OOL0000224,ORD010249,PROD00621,3,450.23
OOL0000225,ORD007401,PROD00435,1,300.18
OOL0000226,ORD019555,PROD00408,3,435.53
OOL0000227,ORD009875,PROD00483,2,319.0
OOL0000228,ORD015152,PROD00664,4,445.0
OOL0000229,ORD018640,PROD00017,3,259.77
OOL0000230,ORD001155,PROD00645,1,499.77
OOL0000231,ORD004500,PROD00148,2,43.15
OOL0000232,ORD006296,PROD00277,4,193.9
OOL0000233,ORD012184,PROD00232,4,333.19
OOL0000234,ORD012875,PROD00366,3,107.62
OOL0000235,ORD018033,PROD00228,4,293.71
OOL0000236,ORD005540,PROD00651,3,275.7
OOL0000237,ORD009638,PROD00436,3,480.28
OOL0000238,ORD015587,PROD00399,2,362.96
OOL0000239,ORD002558,PROD00211,2,410.8
OOL0000240,ORD005593,PROD00391,1,387.68
OOL0000241,ORD016483,PROD00499,2,94.96
OOL0000242,ORD002201,PROD00540,2,315.98
OOL0000243,ORD014173,PROD00563,3,25.08
OOL0000244,ORD002962,PROD00491,2,77.8
OOL0000245,ORD014208,PROD00442,3,22.79
OOL0000246,ORD011970,PROD00261,3,325.62
OOL0000247,ORD002870,PROD00773,2,86.12
OOL0000248,ORD017341,PROD00350,1,270.82
OOL0000249,ORD013993,PROD00352,1,276.91
OOL0000250,ORD005700,PROD00520,4,86.59
OOL0000251,ORD003988,PROD00320,4,108.39
OOL0000252,ORD013447,PROD00138,2,346.6
OOL0000253,ORD001219,PROD00550,1,92.17
OOL0000254,ORD004736,PROD00623,3,216.61
OOL0000255,ORD011297,PROD00368,4,231.83
OOL0000256,ORD004556,PROD00220,3,225.4
OOL0000257,ORD009147,PROD00337,4,416.19
OOL0000258,ORD008051,PROD00223,2,453.94
OOL0000259,ORD012758,PROD00648,1,239.12
OOL0000260,ORD019831,PROD00768,4,148.54
OOL0000261,ORD017430,PROD00360,1,329.36
OOL0000262,ORD006894,PROD00329,3,27.8
OOL0000263,ORD018078,PROD00463,2,342.47
OOL0000264,ORD014374,PROD00561,1,308.82
OOL0000265,ORD014566,PROD00382,2,376.18
OOL0000266,ORD003437,PROD00590,1,282.63
OOL0000267,ORD008755,PROD00617,3,304.85
OOL0000268,ORD010678,PROD00169,3,111.24
OOL0000269,ORD005896,PROD00217,2,166.54
OOL0000270,ORD019739,PROD00378,3,439.24
OOL0000271,ORD016610,PROD00119,4,113.16
OOL0000272,ORD015637,PROD00190,1,237.47
OOL0000273,ORD007023,PROD00767,3,67.23
OOL0000274,ORD009152,PROD00370,4,274.96
OOL0000275,ORD005601,PROD00778,2,436.44
OOL0000276,ORD007997,PROD00149,4,367.4
OOL0000277,ORD009008,PROD00676,2,284.67
OOL0000278,ORD012947,PROD00652,2,73.07
OOL0000279,ORD004643,PROD00488,1,7.8
OOL0000280,ORD011313,PROD00770,1,249.86
OOL0000281,ORD007680,PROD00374,4,121.15
OOL0000282,ORD008209,PROD00781,1,12.02
OOL0000283,ORD018590,PROD00693,1,217.45
OOL0000284,ORD010717,PROD00160,1,179.54
OOL0000285,ORD017454,PROD00351,4,412.77
OOL0000286,ORD003445,PROD00288,3,298.93
OOL0000287,ORD010758,PROD00288,1,420.71
OOL0000288,ORD014435,PROD00226,1,196.23
OOL0000289,ORD001061,PROD00523,4,26.86
OOL0000290,ORD018712,PROD00522,3,231.94
OOL0000291,ORD003421,PROD00783,1,327.22
OOL0000292,ORD000302,PROD00273,2,446.28
OOL0000293,ORD012469,PROD00402,4,293.58
OOL0000294,ORD016991,PROD00183,1,289.05
OOL0000295,ORD019555,PROD00665,1,201.84
OOL0000296,ORD000700,PROD00488,2,138.08
OOL0000297,ORD000191,PROD00124,2,22.79
OOL0000298,ORD010493,PROD00626,4,439.44
OOL0000299,ORD017365,PROD00790,4,468.86
OOL0000300,ORD002976,PROD00414,2,393.29
OOL0000301,ORD006103,PROD00725,4,92.7
OOL0000302,ORD017569,PROD00172,2,73.86
OOL0000303,ORD019712,PROD00288,1,439.44
OOL0000304,ORD019779,PROD00435,2,490.92
OOL0000305,ORD001817,PROD00686,2,441.95
OOL0000306,ORD000570,PROD00113,3,129.89
OOL0000307,ORD005443,PROD00122,2,210.16
OOL0000308,ORD001896,PROD00544,2,123.99
OOL0000309,ORD019118,PROD00222,3,473.96
OOL0000310,ORD003864,PROD00631,4,362.95
OOL0000311,ORD012914,PROD00039,3,376.18
OOL0000312,ORD007456,PROD00497,1,183.39
OOL0000313,ORD004015,PROD00780,3,380.88
OOL0000314,ORD011094,PROD00233,1,69.37
OOL0000315,ORD018071,PROD00530,4,223.41
OOL0000316,ORD003010,PROD00149,3,139.36
OOL0000317,ORD016539,PROD00397,3,45.94
OOL0000318,ORD010730,PROD00661,4,64.52
OOL0000319,ORD001410,PROD00638,1,114.01
OOL0000320,ORD012250,PROD00302,3,432.13
OOL0000321,ORD000785,PROD00360,1,138.08
OOL0000322,ORD008097,PROD00238,3,199.52
OOL0000323,ORD007561,PROD00647,2,116.32
OOL0000324,ORD012534,PROD00663,3,239.63
OOL0000325,ORD007344,PROD00236,4,497.52
OOL0000326,ORD007207,PROD00736,4,300.18
OOL0000327,ORD005802,PROD00203,1,15.23
OOL0000328,ORD019191,PROD00256,3,397.3
OOL0000329,ORD016922,PROD00598,1,240.6
OOL0000330,ORD005987,PROD00662,1,143.77
OOL0000331,ORD018226,PROD00235,2,424.36
OOL0000332,ORD010648,PROD00345,2,114.14
OOL0000333,ORD008717,PROD00534,4,251.79
OOL0000334,ORD019335,PROD00797,1,76.19
OOL0000335,ORD012324,PROD00781,4,282.84
OOL0000336,ORD004781,PROD00466,3,413.89
OOL0000337,ORD002369,PROD00770,1,445.38
OOL0000338,ORD012040,PROD00541,1,243.26
OOL0000339,ORD006656,PROD00213,3,116.32
OOL0000340,ORD008174,PROD00463,3,161.0
OOL0000341,ORD004496,PROD00436,4,80.4
OOL0000342,ORD010894,PROD00283,4,42.81
OOL0000343,ORD013404,PROD00562,3,22.06
OOL0000344,ORD013122,PROD00607,4,437.74
OOL0000345,ORD010967,PROD00463,3,420.63
OOL0000346,ORD000854,PROD00407,1,200.39
OOL0000347,ORD016959,PROD00088,1,266.0
OOL0000348,ORD017533,PROD00044,2,487.42
OOL0000349,ORD009908,PROD00461,1,201.84
OOL0000350,ORD004778,PROD00278,3,415.65
OOL0000351,ORD015339,PROD00683,4,192.85
OOL0000352,ORD002492,PROD00421,2,276.75
OOL0000353,ORD015329,PROD00701,4,246.75
OOL0000354,ORD014600,PROD00353,3,395.46
OOL0000355,ORD019509,PROD00696,1,224.96
OOL0000356,ORD003052,PROD00515,2,397.3
OOL0000357,ORD015980,PROD00703,3,327.58
OOL0000358,ORD016389,PROD00630,2,20.4
OOL0000359,ORD000877,PROD00019,2,370.1
OOL0000360,ORD004143,PROD00023,1,119.86
OOL0000361,ORD015203,PROD00413,3,339.83
OOL0000362,ORD006967,PROD00030,4,477.25
OOL0000363,ORD007080,PROD00108,2,391.77
OOL0000364,ORD007988,PROD00367,2,496.26
OOL0000365,ORD006800,PROD00281,4,470.52
OOL0000366,ORD004466,PROD00128,3,297.75
OOL0000367,ORD017020,PROD00229,2,205.1
OOL0000368,ORD013418,PROD00111,2,253.57
OOL0000369,ORD018078,PROD00136,2,346.55
OOL0000370,ORD008312,PROD00362,3,488.84
OOL0000371,ORD017215,PROD00186,3,351.16
OOL0000372,ORD014099,PROD00656,4,303.52
OOL0000373,ORD005178,PROD00584,3,221.55
OOL0000374,ORD014263,PROD00129,3,227.81
OOL0000375,ORD008309,PROD00261,1,171.8
OOL0000376,ORD005950,PROD00515,4,419.89
OOL0000377,ORD019223,PROD00449,2,27.8
OOL0000378,ORD001151,PROD00104,3,268.14
OOL0000379,ORD001932,PROD00483,2,476.74
OOL0000380,ORD009205,PROD00224,2,477.25
OOL0000381,ORD018049,PROD00491,1,210.98
OOL0000382,ORD001082,PROD00473,3,27.83
OOL0000383,ORD016897,PROD00010,4,45.94
OOL0000384,ORD013408,PROD00405,3,449.93
OOL0000385,ORD007806,PROD00302,2,246.75
OOL0000386,ORD005238,PROD00231,4,183.39
OOL0000387,ORD016944,PROD00731,3,301.35
OOL0000388,ORD012776,PROD00066,2,50.68
OOL0000389,ORD016245,PROD00112,2,28.58
OOL0000390,ORD013185,PROD00013,1,210.74
OOL0000391,ORD003344,PROD00393,1,404.07
OOL0000392,ORD013501,PROD00500,1,485.52
OOL0000393,ORD009663,PROD00598,2,281.8
OOL0000394,ORD016965,PROD00234,3,139.43
OOL0000395,ORD015126,PROD00602,1,371.14
OOL0000396,ORD008131,PROD00314,3,111.24
OOL0000397,ORD019532,PROD00566,1,301.35
OOL0000398,ORD001680,PROD00012,4,28.58
OOL0000399,ORD003507,PROD00209,4,369.42
OOL0000400,ORD013285,PROD00014,1,293.71
OOL0000401,ORD007254,PROD00633,2,380.74
OOL0000402,ORD019129,PROD00418,1,209.27
OOL0000403,ORD009436,PROD00437,1,21.67
OOL0000404,ORD011311,PROD00377,2,210.89
OOL0000405,ORD013297,PROD00020,4,200.63
OOL0000406,ORD018526,PROD00587,3,111.69
OOL0000407,ORD013246,PROD00755,1,17.13
OOL0000408,ORD011152,PROD00735,2,366.6
OOL0000409,ORD010458,PROD00070,1,490.92
OOL0000410,ORD002480,PROD00211,2,335.09
OOL0000411,ORD004453,PROD00101,3,118.1
OOL0000412,ORD005882,PROD00698,3,279.56
OOL0000413,ORD014070,PROD00132,4,151.37
OOL0000414,ORD002850,PROD00623,2,6.57
OOL0000415,ORD007391,PROD00381,2,415.36
OOL0000416,ORD011923,PROD00132,4,286.21
OOL0000417,ORD002490,PROD00020,4,409.28
OOL0000418,ORD009824,PROD00536,2,366.75
OOL0000419,ORD009208,PROD00227,4,97.98
OOL0000420,ORD009541,PROD00154,3,449.93
OOL0000421,ORD016365,PROD00742,1,485.91
OOL0000422,ORD004612,PROD00469,3,196.01
OOL0000423,ORD019224,PROD00405,4,424.33
OOL0000424,ORD005879,PROD00202,2,364.23
OOL0000425,ORD016348,PROD00038,2,293.58
OOL0000426,ORD000852,PROD00772,3,153.74
OOL0000427,ORD018072,PROD00188,2,200.63
OOL0000428,ORD006834,PROD00057,4,206.3
OOL0000429,ORD011939,PROD00020,3,70.1
OOL0000430,ORD002428,PROD00273,2,381.74
OOL0000431,ORD004001,PROD00119,1,60.9
OOL0000432,ORD005053,PROD00583,1,207.11
OOL0000433,ORD002739,PROD00516,4,324.07
OOL0000434,ORD005388,PROD00221,2,118.2
OOL0000435,ORD008003,PROD00526,4,421.65
OOL0000436,ORD005537,PROD00515,3,282.84
OOL0000437,ORD013480,PROD00728,1,20.12
OOL0000438,ORD003914,PROD00741,3,17.45
OOL0000439,ORD017451,PROD00336,2,42.81
OOL0000440,ORD010637,PROD00698,4,37.02
OOL0000441,ORD005727,PROD00055,4,180.36
OOL0000442,ORD003374,PROD00500,4,261.03
OOL0000443,ORD012162,PROD00766,3,490.99
OOL0000444,ORD002083,PROD00536,1,284.67
OOL0000445,ORD016282,PROD00162,3,127.22
OOL0000446,ORD015306,PROD00670,3,451.14
OOL0000447,ORD009818,PROD00594,2,240.86
OOL0000448,ORD011262,PROD00159,2,464.69
OOL0000449,ORD000418,PROD00188,2,366.6
OOL0000450,ORD008809,PROD00060,1,51.37
OOL0000451,ORD003268,PROD00319,1,113.54
OOL0000452,ORD017210,PROD00211,2,81.39
OOL0000453,ORD005746,PROD00406,2,432.38
OOL0000454,ORD011339,PROD00664,1,382.43
OOL0000455,ORD000413,PROD00109,4,95.49
OOL0000456,ORD007544,PROD00076,1,412.54
OOL0000457,ORD007588,PROD00542,1,151.14
OOL0000458,ORD000729,PROD00314,1,498.08
OOL0000459,ORD011658,PROD00117,2,121.34
OOL0000460,ORD005989,PROD00704,4,26.29
OOL0000461,ORD018889,PROD00019,1,437.74
OOL0000462,ORD002968,PROD00432,2,392.1
OOL0000463,ORD014528,PROD00685,3,98.57
OOL0000464,ORD019171,PROD00740,3,113.16
OOL0000465,ORD016049,PROD00350,1,448.54
OOL0000466,ORD017507,PROD00183,3,298.54
OOL0000467,ORD017956,PROD00113,4,419.94
OOL0000468,ORD005074,PROD00183,3,138.16
OOL0000469,ORD005105,PROD00481,3,51.37
OOL0000470,ORD002144,PROD00146,4,87.84
OOL0000471,ORD007358,PROD00628,1,118.2
OOL0000472,ORD012044,PROD00113,1,52.05
OOL0000473,ORD003441,PROD00763,4,317.88
OOL0000474,ORD005645,PROD00476,4,69.15
OOL0000475,ORD010519,PROD00763,4,301.41
OOL0000476,ORD014553,PROD00303,3,27.8
OOL0000477,ORD002915,PROD00118,4,268.67
OOL0000478,ORD013585,PROD00161,2,346.6
OOL0000479,ORD012145,PROD00401,3,320.75
OOL0000480,ORD014398,PROD00198,1,184.32
OOL0000481,ORD008788,PROD00260,1,363.87
OOL0000482,ORD014192,PROD00660,1,56.88
OOL0000483,ORD000729,PROD00752,3,382.34
OOL0000484,ORD017750,PROD00047,2,366.28
OOL0000485,ORD000699,PROD00399,4,287.47
OOL0000486,ORD007187,PROD00710,4,53.94
OOL0000487,ORD014513,PROD00559,1,291.74
OOL0000488,ORD013924,PROD00078,1,499.74
OOL0000489,ORD016780,PROD00124,3,421.83
OOL0000490,ORD007401,PROD00075,2,409.29
OOL0000491,ORD004172,PROD00137,4,285.75
OOL0000492,ORD004361,PROD00602,3,320.75
OOL0000493,ORD002503,PROD00400,4,25.93
OOL0000494,ORD017102,PROD00505,1,210.82
OOL0000495,ORD019167,PROD00500,4,72.22
OOL0000496,ORD005487,PROD00573,2,78.35
OOL0000497,ORD008336,PROD00138,2,145.86
OOL0000498,ORD004492,PROD00050,1,427.02
OOL0000499,ORD011131,PROD00771,2,320.09
OOL0000500,ORD007652,PROD00619,2,210.98
OOL0000501,ORD001168,PROD00625,3,495.32
OOL0000502,ORD001063,PROD00254,4,130.84
OOL0000503,ORD018541,PROD00630,1,20.12
OOL0000504,ORD011175,PROD00710,1,420.08
OOL0000505,ORD004730,PROD00563,1,151.37
OOL0000506,ORD009349,PROD00757,1,119.86
OOL0000507,ORD005335,PROD00426,1,319.04
OOL0000508,ORD008925,PROD00547,2,440.35
OOL0000509,ORD004331,PROD00302,3,477.25
OOL0000510,ORD006802,PROD00581,1,430.18
OOL0000511,ORD004847,PROD00349,3,72.81
OOL0000512,ORD006732,PROD00049,3,335.09
OOL0000513,ORD015369,PROD00074,2,472.27
OOL0000514,ORD017338,PROD00704,1,420.63
OOL0000515,ORD002540,PROD00261,2,261.03
OOL0000516,ORD007057,PROD00356,1,319.04
OOL0000517,ORD011517,PROD00582,2,486.52
OOL0000518,ORD011494,PROD00602,3,414.22
OOL0000519,ORD001543,PROD00260,1,465.07
OOL0000520,ORD013965,PROD00638,4,458.81
OOL0000521,ORD017576,PROD00743,3,362.09
OOL0000522,ORD006314,PROD00295,4,239.63
OOL0000523,ORD019066,PROD00641,3,361.23
OOL0000524,ORD017925,PROD00792,2,297.26
OOL0000525,ORD013808,PROD00313,1,224.84
OOL0000526,ORD009581,PROD00612,3,413.27
OOL0000527,ORD017750,PROD00182,2,381.62
OOL0000528,ORD008692,PROD00686,1,200.74
OOL0000529,ORD007495,PROD00364,1,345.58
OOL0000530,ORD004313,PROD00188,3,114.27
OOL0000531,ORD001325,PROD00569,1,92.17
OOL0000532,ORD003142,PROD00543,3,270.82
OOL0000533,ORD019871,PROD00596,1,251.79
OOL0000534,ORD001811,PROD00664,4,276.82
OOL0000535,ORD006589,PROD00548,2,200.39
OOL0000536,ORD019308,PROD00725,4,223.41
OOL0000537,ORD005302,PROD00408,3,382.34
OOL0000538,ORD015486,PROD00618,4,275.62
OOL0000539,ORD011715,PROD00414,3,360.62
OOL0000540,ORD004749,PROD00342,1,57.64
OOL0000541,ORD009436,PROD00220,1,261.03
OOL0000542,ORD003710,PROD00163,3,60.9
OOL0000543,ORD013117,PROD00220,4,465.75
OOL0000544,ORD009577,PROD00270,1,369.42
OOL0000545,ORD010151,PROD00632,2,88.33
OOL0000546,ORD019457,PROD00400,1,43.15
OOL0000547,ORD006531,PROD00182,2,62.43
OOL0000548,ORD010189,PROD00618,4,72.81
OOL0000549,ORD014684,PROD00729,2,274.18
OOL0000550,ORD000505,PROD00205,2,427.84
OOL0000551,ORD001215,PROD00582,2,72.22
OOL0000552,ORD001532,PROD00556,2,450.66
OOL0000553,ORD000824,PROD00228,1,213.61
OOL0000554,ORD017313,PROD00696,2,331.12
OOL0000555,ORD005030,PROD00619,1,267.89
OOL0000556,ORD013429,PROD00596,2,410.91
OOL0000557,ORD016518,PROD00250,3,67.23
OOL0000558,ORD002106,PROD00441,4,41.75
OOL0000559,ORD003628,PROD00533,2,447.85
OOL0000560,ORD012973,PROD00196,3,324.64
OOL0000561,ORD001853,PROD00690,2,283.83
OOL0000562,ORD004911,PROD00519,2,258.28
OOL0000563,ORD011004,PROD00070,2,382.14
OOL0000564,ORD013844,PROD00639,3,265.98
OOL0000565,ORD011705,PROD00399,4,381.01
OOL0000566,ORD015762,PROD00672,3,327.22
OOL0000567,ORD006191,PROD00760,4,41.75
OOL0000568,ORD017641,PROD00203,2,232.7
OOL0000569,ORD019761,PROD00148,1,397.73
OOL0000570,ORD005646,PROD00472,2,275.75
OOL0000571,ORD019871,PROD00655,4,38.91
OOL0000572,ORD019969,PROD00199,3,210.72
OOL0000573,ORD009589,PROD00426,2,180.75
OOL0000574,ORD011830,PROD00666,3,267.71
OOL0000575,ORD008054,PROD00492,3,453.15
OOL0000576,ORD003331,PROD00142,3,268.0
OOL0000577,ORD019088,PROD00313,2,424.36
OOL0000578,ORD008663,PROD00165,3,35.36
OOL0000579,ORD007115,PROD00314,3,459.77
OOL0000580,ORD013324,PROD00021,2,274.18
OOL0000581,ORD001354,PROD00082,3,465.85
OOL0000582,ORD010976,PROD00581,2,6.89
OOL0000583,ORD011024,PROD00131,4,404.97
OOL0000584,ORD000668,PROD00599,4,325.62
OOL0000585,ORD009338,PROD00730,4,180.36
OOL0000586,ORD013660,PROD00305,3,297.48
OOL0000587,ORD003720,PROD00371,1,124.9
OOL0000588,ORD019130,PROD00384,1,53.94
OOL0000589,ORD007484,PROD00445,3,351.52
OOL0000590,ORD000540,PROD00425,1,27.47
OOL0000591,ORD004965,PROD00161,2,392.1
OOL0000592,ORD004836,PROD00178,1,146.03
OOL0000593,ORD006043,PROD00629,3,151.14
OOL0000594,ORD014838,PROD00708,3,319.54
OOL0000595,ORD007313,PROD00490,2,478.13
OOL0000596,ORD005321,PROD00327,4,282.05
OOL0000597,ORD013217,PROD00598,3,105.77
OOL0000598,ORD002780,PROD00289,2,204.37
OOL0000599,ORD017309,PROD00593,1,468.48
OOL0000600,ORD001582,PROD00664,1,440.53
OOL0000601,ORD019709,PROD00573,2,486.15
OOL0000602,ORD012678,PROD00573,2,173.19
OOL0000603,ORD005714,PROD00354,3,485.53
OOL0000604,ORD016640,PROD00028,1,278.24
OOL0000605,ORD004805,PROD00043,2,78.35
OOL0000606,ORD018223,PROD00681,1,440.35
OOL0000607,ORD010137,PROD00423,2,421.83
OOL0000608,ORD000010,PROD00598,1,60.9
OOL0000609,ORD019256,PROD00177,4,151.88
OOL0000610,ORD005125,PROD00529,3,297.75
OOL0000611,ORD001016,PROD00610,1,424.36
OOL0000612,ORD002194,PROD00494,4,368.34
OOL0000613,ORD008416,PROD00198,1,366.6
OOL0000614,ORD013551,PROD00610,1,440.23
OOL0000615,ORD014513,PROD00577,4,78.35
OOL0000616,ORD004159,PROD00517,1,132.06
OOL0000617,ORD006971,PROD00514,1,173.5
OOL0000618,ORD006939,PROD00022,3,311.77
OOL0000619,ORD013773,PROD00112,4,308.82
OOL0000620,ORD018018,PROD00057,4,265.51
OOL0000621,ORD010345,PROD00066,2,440.53
OOL0000622,ORD007267,PROD00098,1,265.98
OOL0000623,ORD008703,PROD00144,3,394.44
OOL0000624,ORD000385,PROD00435,1,356.5
OOL0000625,ORD000405,PROD00637,1,370.34
OOL0000626,ORD008176,PROD00679,2,138.14
OOL0000627,ORD015159,PROD00086,1,338.93
OOL0000628,ORD012764,PROD00588,3,135.34
OOL0000629,ORD018385,PROD00344,3,194.38
OOL0000630,ORD009861,PROD00294,2,275.62
OOL0000631,ORD005990,PROD00571,1,24.68
OOL0000632,ORD015107,PROD00650,3,303.52
OOL0000633,ORD017845,PROD00611,1,156.54
OOL0000634,ORD003637,PROD00704,1,268.58
OOL0000635,ORD010917,PROD00243,1,415.36
OOL0000636,ORD004810,PROD00561,2,86.78
OOL0000637,ORD013457,PROD00032,1,474.79
OOL0000638,ORD015445,PROD00391,3,136.75
OOL0000639,ORD005998,PROD00277,1,300.01
OOL0000640,ORD002049,PROD00532,3,432.38
OOL0000641,ORD012339,PROD00154,1,415.55
OOL0000642,ORD017101,PROD00383,3,350.39
OOL0000643,ORD004545,PROD00068,3,155.08
OOL0000644,ORD004977,PROD00214,1,283.85
OOL0000645,ORD012776,PROD00655,1,334.32
OOL0000646,ORD010016,PROD00376,3,137.0
OOL0000647,ORD003420,PROD00744,4,327.13
OOL0000648,ORD014431,PROD00213,2,284.67
OOL0000649,ORD007240,PROD00079,4,97.98
OOL0000650,ORD014490,PROD00726,4,427.02
OOL0000651,ORD016634,PROD00628,1,199.52
OOL0000652,ORD010358,PROD00604,2,409.92
OOL0000653,ORD017155,PROD00782,4,73.07
OOL0000654,ORD004364,PROD00381,1,170.04
OOL0000655,ORD010177,PROD00680,4,374.2
OOL0000656,ORD017462,PROD00058,4,322.11
OOL0000657,ORD008428,PROD00796,1,51.37
OOL0000658,ORD008581,PROD00026,1,20.4
OOL0000659,ORD004859,PROD00447,1,87.73
OOL0000660,ORD010041,PROD00066,2,278.27
OOL0000661,ORD019199,PROD00760,4,26.86
OOL0000662,ORD019759,PROD00254,1,465.65
OOL0000663,ORD015255,PROD00044,3,274.96
OOL0000664,ORD011471,PROD00097,4,356.52
OOL0000665,ORD001253,PROD00554,3,378.54
OOL0000666,ORD006997,PROD00227,2,123.23
OOL0000667,ORD012174,PROD00774,1,18.45
OOL0000668,ORD004674,PROD00679,3,361.23
OOL0000669,ORD015782,PROD00436,2,234.89
OOL0000670,ORD013052,PROD00791,1,276.91
OOL0000671,ORD006882,PROD00601,3,339.33
OOL0000672,ORD006950,PROD00379,3,126.67
OOL0000673,ORD009522,PROD00178,2,123.38
OOL0000674,ORD008018,PROD00427,1,234.27
OOL0000675,ORD006942,PROD00709,1,25.62
OOL0000676,ORD010210,PROD00307,3,135.02
OOL0000677,ORD017716,PROD00779,3,48.15
OOL0000678,ORD009551,PROD00504,3,70.52
OOL0000679,ORD004638,PROD00268,1,436.44
OOL0000680,ORD004855,PROD00586,2,130.84
OOL0000681,ORD019562,PROD00008,2,160.46
OOL0000682,ORD010321,PROD00508,1,298.54
OOL0000683,ORD018565,PROD00476,4,70.52
OOL0000684,ORD004893,PROD00297,2,233.42
OOL0000685,ORD007044,PROD00164,3,60.91
OOL0000686,ORD016522,PROD00485,4,323.2
OOL0000687,ORD019857,PROD00597,4,46.77
OOL0000688,ORD019217,PROD00072,2,76.87
OOL0000689,ORD019964,PROD00567,4,114.14
OOL0000690,ORD004165,PROD00559,4,362.96
OOL0000691,ORD007942,PROD00238,2,264.99
OOL0000692,ORD014389,PROD00104,2,109.5
OOL0000693,ORD005570,PROD00210,4,171.74
OOL0000694,ORD004301,PROD00554,3,55.12
OOL0000695,ORD006270,PROD00468,1,284.49
OOL0000696,ORD003819,PROD00454,4,324.82
OOL0000697,ORD012016,PROD00268,4,346.6
OOL0000698,ORD012235,PROD00386,3,210.72
OOL0000699,ORD018291,PROD00775,4,6.57
OOL0000700,ORD006255,PROD00387,4,420.08
OOL0000701,ORD017145,PROD00259,1,440.51
OOL0000702,ORD007351,PROD00283,1,484.96
OOL0000703,ORD015184,PROD00626,1,204.21
OOL0000704,ORD006239,PROD00040,2,258.8
OOL0000705,ORD006091,PROD00486,2,200.63
OOL0000706,ORD011638,PROD00220,1,339.54
OOL0000707,ORD012648,PROD00129,1,34.44
OOL0000708,ORD009912,PROD00520,2,342.47
OOL0000709,ORD008473,PROD00613,3,382.43
OOL0000710,ORD018272,PROD00688,4,268.14
OOL0000711,ORD003267,PROD00619,4,394.44
OOL0000712,ORD000667,PROD00613,1,335.09
OOL0000713,ORD004189,PROD00260,3,370.34
OOL0000714,ORD017056,PROD00366,2,67.23
OOL0000715,ORD010162,PROD00758,1,432.13
OOL0000716,ORD011315,PROD00787,3,206.45
OOL0000717,ORD012892,PROD00544,3,363.8
OOL0000718,ORD004778,PROD00649,3,378.15
OOL0000719,ORD003901,PROD00524,2,92.17
OOL0000720,ORD013717,PROD00016,2,274.69
OOL0000721,ORD006982,PROD00129,4,361.3
OOL0000722,ORD006377,PROD00575,4,79.51
OOL0000723,ORD016908,PROD00109,3,210.98
OOL0000724,ORD018778,PROD00533,3,366.47
OOL0000725,ORD018978,PROD00670,2,86.78
OOL0000726,ORD010161,PROD00269,4,88.7
OOL0000727,ORD014125,PROD00162,3,297.48
OOL0000728,ORD016283,PROD00260,4,158.45
OOL0000729,ORD010489,PROD00102,4,246.75
OOL0000730,ORD005241,PROD00506,3,139.43
OOL0000731,ORD010454,PROD00735,2,409.28
OOL0000732,ORD010479,PROD00571,3,392.59
OOL0000733,ORD012395,PROD00247,3,217.9
OOL0000734,ORD019263,PROD00640,4,433.94
OOL0000735,ORD004433,PROD00795,3,483.29
OOL0000736,ORD013569,PROD00537,2,188.18
OOL0000737,ORD014179,PROD00131,3,368.62
OOL0000738,ORD017661,PROD00353,2,278.27
OOL0000739,ORD000303,PROD00196,2,273.52
OOL0000740,ORD017023,PROD00793,4,80.4
OOL0000741,ORD000056,PROD00666,1,468.48
OOL0000742,ORD013014,PROD00382,1,448.56
OOL0000743,ORD008718,PROD00645,4,432.38
OOL0000744,ORD008151,PROD00227,3,421.65
OOL0000745,ORD002126,PROD00701,4,496.26
OOL0000746,ORD011480,PROD00476,2,47.24
OOL0000747,ORD015746,PROD00477,1,237.47
OOL0000748,ORD016749,PROD00265,4,17.45
OOL0000749,ORD006810,PROD00372,3,498.08
OOL0000750,ORD004622,PROD00486,4,213.61
OOL0000751,ORD015035,PROD00434,1,321.9
OOL0000752,ORD013624,PROD00646,4,339.33
OOL0000753,ORD005127,PROD00211,4,450.23
OOL0000754,ORD005123,PROD00572,1,73.86
OOL0000755,ORD018031,PROD00377,2,21.16
OOL0000756,ORD017303,PROD00395,2,246.75
OOL0000757,ORD019182,PROD00450,1,465.85
OOL0000758,ORD005871,PROD00364,4,21.67
OOL0000759,ORD001532,PROD00457,1,439.29
OOL0000760,ORD008173,PROD00725,2,123.23
OOL0000761,ORD019730,PROD00728,3,87.73
OOL0000762,ORD007674,PROD00226,4,355.96
OOL0000763,ORD006883,PROD00131,2,26.29
OOL0000764,ORD001907,PROD00588,4,52.05
OOL0000765,ORD003087,PROD00476,1,125.95
OOL0000766,ORD013504,PROD00798,3,131.74
OOL0000767,ORD008153,PROD00277,1,25.62
OOL0000768,ORD005751,PROD00156,3,109.5
OOL0000769,ORD012773,PROD00760,4,216.61
OOL0000770,ORD010268,PROD00218,4,38.36
OOL0000771,ORD001063,PROD00190,1,33.56
OOL0000772,ORD018361,PROD00417,3,70.1
OOL0000773,ORD017681,PROD00675,3,360.98
OOL0000774,ORD006230,PROD00692,4,367.4
OOL0000775,ORD016510,PROD00546,1,111.24
OOL0000776,ORD015148,PROD00041,3,472.27
OOL0000777,ORD004633,PROD00307,4,118.1
OOL0000778,ORD006289,PROD00338,2,312.57
OOL0000779,ORD003597,PROD00314,1,21.67
OOL0000780,ORD011476,PROD00075,2,217.9
OOL0000781,ORD006169,PROD00279,1,249.86
OOL0000782,ORD009796,PROD00176,4,188.35
OOL0000783,ORD007562,PROD00662,3,412.54
OOL0000784,ORD008259,PROD00273,3,204.37
OOL0000785,ORD016617,PROD00620,3,258.28
OOL0000786,ORD006372,PROD00651,1,89.44
OOL0000787,ORD014370,PROD00783,4,228.05
OOL0000788,ORD012911,PROD00289,2,495.91
OOL0000789,ORD007944,PROD00724,4,345.27
OOL0000790,ORD012200,PROD00272,2,266.0
OOL0000791,ORD015729,PROD00066,1,490.92
OOL0000792,ORD006739,PROD00483,1,474.31
OOL0000793,ORD015914,PROD00248,2,454.06
OOL0000794,ORD002473,PROD00156,2,409.26
OOL0000795,ORD019124,PROD00047,2,239.33
OOL0000796,ORD015680,PROD00454,4,274.96
OOL0000797,ORD001762,PROD00201,2,232.01
OOL0000798,ORD010168,PROD00660,1,236.06
OOL0000799,ORD010555,PROD00124,1,92.7
OOL0000800,ORD017261,PROD00001,3,415.55
OOL0000801,ORD014278,PROD00759,2,200.39
OOL0000802,ORD003813,PROD00640,4,412.54
OOL0000803,ORD017845,PROD00191,4,435.13
OOL0000804,ORD018118,PROD00579,4,361.3
OOL0000805,ORD001606,PROD00516,3,27.8
OOL0000806,ORD005623,PROD00442,1,201.84
OOL0000807,ORD006768,PROD00143,4,204.93
OOL0000808,ORD011614,PROD00191,1,21.67
OOL0000809,ORD019902,PROD00533,3,62.29
OOL0000810,ORD010590,PROD00227,2,135.34
OOL0000811,ORD013919,PROD00313,2,193.44
OOL0000812,ORD013047,PROD00629,2,21.24
OOL0000813,ORD002591,PROD00302,4,135.34
OOL0000814,ORD017448,PROD00654,2,62.43
OOL0000815,ORD004325,PROD00460,4,13.91
OOL0000816,ORD010788,PROD00401,3,265.98
OOL0000817,ORD009112,PROD00551,3,367.4
OOL0000818,ORD005343,PROD00393,4,210.74
OOL0000819,ORD016390,PROD00764,1,242.14
OOL0000820,ORD008660,PROD00207,2,236.06
OOL0000821,ORD014044,PROD00210,2,248.25
OOL0000822,ORD008838,PROD00115,2,29.5
OOL0000823,ORD000118,PROD00737,4,356.52
OOL0000824,ORD013918,PROD00646,3,284.49
OOL0000825,ORD018936,PROD00251,2,92.17
OOL0000826,ORD014310,PROD00219,3,362.25
OOL0000827,ORD013235,PROD00407,2,227.18
OOL0000828,ORD005561,PROD00443,2,121.34
OOL0000829,ORD000847,PROD00603,4,405.88
OOL0000830,ORD010955,PROD00354,1,55.86
OOL0000831,ORD013704,PROD00558,4,145.5
OOL0000832,ORD015386,PROD00550,2,268.47
OOL0000833,ORD013747,PROD00142,2,418.53
OOL0000834,ORD006470,PROD00612,1,293.71
OOL0000835,ORD009334,PROD00501,3,191.61
OOL0000836,ORD016609,PROD00702,3,485.53
OOL0000837,ORD012820,PROD00547,2,404.66
OOL0000838,ORD004209,PROD00659,3,80.4
OOL0000839,ORD006284,PROD00542,2,276.91
OOL0000840,ORD002049,PROD00507,1,258.89
OOL0000841,ORD006234,PROD00596,1,265.98
OOL0000842,ORD012942,PROD00281,2,258.89
OOL0000843,ORD012608,PROD00424,1,58.9
OOL0000844,ORD009766,PROD00270,4,380.88
OOL0000845,ORD001829,PROD00154,4,129.89
OOL0000846,ORD001918,PROD00614,1,261.21
OOL0000847,ORD006989,PROD00727,2,30.84
OOL0000848,ORD018411,PROD00662,2,41.75
OOL0000849,ORD014595,PROD00083,1,305.4
OOL0000850,ORD012978,PROD00622,3,370.1
OOL0000851,ORD000010,PROD00426,4,356.52
OOL0000852,ORD016645,PROD00275,3,228.05
OOL0000853,ORD009866,PROD00713,2,236.06
OOL0000854,ORD002220,PROD00284,2,11.45
OOL0000855,ORD007042,PROD00173,3,268.0
OOL0000856,ORD018445,PROD00327,1,234.33
OOL0000857,ORD005288,PROD00718,3,381.74
OOL0000858,ORD001620,PROD00063,3,364.19
OOL0000859,ORD008513,PROD00073,4,468.86
OOL0000860,ORD001343,PROD00763,4,130.72
OOL0000861,ORD010569,PROD00636,3,47.24
OOL0000862,ORD019217,PROD00375,3,192.85
OOL0000863,ORD019209,PROD00633,2,95.49
OOL0000864,ORD018379,PROD00508,4,80.03
OOL0000865,ORD014232,PROD00787,4,394.44
OOL0000866,ORD003491,PROD00398,2,356.89
OOL0000867,ORD009311,PROD00120,1,188.18
OOL0000868,ORD007985,PROD00437,4,20.55
OOL0000869,ORD017989,PROD00676,4,490.99
OOL0000870,ORD012220,PROD00465,1,263.66
OOL0000871,ORD000236,PROD00286,4,409.26
OOL0000872,ORD010162,PROD00265,4,9.99
OOL0000873,ORD001909,PROD00320,1,138.14
OOL0000874,ORD008568,PROD00673,1,223.41
OOL0000875,ORD003531,PROD00376,3,227.18
OOL0000876,ORD005257,PROD00089,2,180.75
OOL0000877,ORD019020,PROD00654,2,369.86
OOL0000878,ORD008163,PROD00203,1,454.15
OOL0000879,ORD018945,PROD00739,1,117.01
OOL0000880,ORD005416,PROD00334,4,22.06
OOL0000881,ORD003392,PROD00222,3,232.7
OOL0000882,ORD011158,PROD00041,3,87.73
OOL0000883,ORD005952,PROD00708,1,319.54
OOL0000884,ORD008008,PROD00068,4,171.74
OOL0000885,ORD009065,PROD00776,4,226.5
OOL0000886,ORD015525,PROD00514,2,432.38
OOL0000887,ORD019283,PROD00637,2,251.79
OOL0000888,ORD000078,PROD00622,4,89.44
OOL0000889,ORD007578,PROD00598,2,284.49
OOL0000890,ORD016985,PROD00632,1,288.05
OOL0000891,ORD014061,PROD00127,4,484.96
OOL0000892,ORD017450,PROD00255,2,445.0
OOL0000893,ORD018521,PROD00695,3,495.68
OOL0000894,ORD010536,PROD00016,4,341.38
OOL0000895,ORD009511,PROD00477,4,370.34
OOL0000896,ORD006944,PROD00062,3,200.39
OOL0000897,ORD011955,PROD00432,1,441.72
OOL0000898,ORD007805,PROD00670,3,142.83
OOL0000899,ORD006566,PROD00268,4,243.26
OOL0000900,ORD005985,PROD00035,1,111.69
OOL0000901,ORD004671,PROD00779,2,433.94
OOL0000902,ORD018575,PROD00576,2,440.35
OOL0000903,ORD009185,PROD00494,2,21.67
OOL0000904,ORD019097,PROD00562,4,411.85
OOL0000905,ORD002193,PROD00469,3,455.98
OOL0000906,ORD001249,PROD00767,1,484.96
OOL0000907,ORD011247,PROD00661,2,382.76
OOL0000908,ORD012791,PROD00325,1,265.98
OOL0000909,ORD018382,PROD00304,4,99.67
OOL0000910,ORD003688,PROD00276,2,464.69
OOL0000911,ORD004019,PROD00684,4,355.31
OOL0000912,ORD011303,PROD00201,3,452.29
OOL0000913,ORD001971,PROD00445,4,284.49
OOL0000914,ORD008390,PROD00324,4,369.42
OOL0000915,ORD017587,PROD00035,3,69.37
OOL0000916,ORD015375,PROD00482,1,130.89
OOL0000917,ORD005789,PROD00728,3,274.18
OOL0000918,ORD005409,PROD00480,3,413.27
OOL0000919,ORD009447,PROD00065,4,486.15
OOL0000920,ORD000923,PROD00008,1,324.07
OOL0000921,ORD000420,PROD00301,2,413.27
OOL0000922,ORD018589,PROD00343,3,20.12
OOL0000923,ORD010790,PROD00431,1,78.25
OOL0000924,ORD001121,PROD00424,3,69.32
OOL0000925,ORD011261,PROD00332,3,60.91
OOL0000926,ORD017335,PROD00438,3,430.18
OOL0000927,ORD002337,PROD00588,3,6.04
OOL0000928,ORD005374,PROD00174,4,409.26
OOL0000929,ORD002244,PROD00559,1,188.72
OOL0000930,ORD019030,PROD00527,1,346.55
OOL0000931,ORD004613,PROD00659,1,139.43
OOL0000932,ORD013947,PROD00026,3,239.77
OOL0000933,ORD018250,PROD00605,4,367.86
OOL0000934,ORD011105,PROD00406,3,324.99
OOL0000935,ORD013430,PROD00232,3,57.1
OOL0000936,ORD006372,PROD00533,1,6.45
OOL0000937,ORD006360,PROD00550,3,266.0
OOL0000938,ORD007864,PROD00788,2,68.09
OOL0000939,ORD003229,PROD00505,3,445.38
OOL0000940,ORD014383,PROD00669,2,192.56
OOL0000941,ORD018756,PROD00179,3,499.77
OOL0000942,ORD002892,PROD00132,4,268.67
OOL0000943,ORD003757,PROD00455,4,92.17
OOL0000944,ORD015771,PROD00348,1,465.65
OOL0000945,ORD016479,PROD00540,3,105.77
OOL0000946,ORD002675,PROD00772,2,311.77
OOL0000947,ORD006899,PROD00406,2,399.14
OOL0000948,ORD010148,PROD00076,3,221.55
OOL0000949,ORD000794,PROD00579,2,346.55
OOL0000950,ORD002117,PROD00492,4,427.02
OOL0000951,ORD005780,PROD00194,2,362.09
OOL0000952,ORD012299,PROD00162,1,439.23
OOL0000953,ORD014154,PROD00347,4,171.98
OOL0000954,ORD011112,PROD00361,4,327.58
OOL0000955,ORD010790,PROD00769,4,18.45
OOL0000956,ORD011398,PROD00584,3,130.84
OOL0000957,ORD013000,PROD00087,3,6.04
OOL0000958,ORD000815,PROD00262,4,240.86
OOL0000959,ORD016730,PROD00214,3,362.95
OOL0000960,ORD010542,PROD00665,2,188.72
OOL0000961,ORD002444,PROD00722,3,478.13
OOL0000962,ORD010458,PROD00573,3,424.33
OOL0000963,ORD010381,PROD00780,4,266.0
OOL0000964,ORD007784,PROD00262,1,214.08
OOL0000965,ORD011474,PROD00730,1,195.63
OOL0000966,ORD017369,PROD00283,1,20.31
OOL0000967,ORD015329,PROD00648,2,113.16
OOL0000968,ORD000828,PROD00467,3,485.91
OOL0000969,ORD019916,PROD00380,1,476.74
OOL0000970,ORD007148,PROD00362,4,267.89
OOL0000971,ORD004452,PROD00449,1,474.68
OOL0000972,ORD015344,PROD00441,1,420.53
OOL0000973,ORD013636,PROD00093,3,251.79
OOL0000974,ORD005960,PROD00621,3,351.16
OOL0000975,ORD000127,PROD00753,3,414.27
OOL0000976,ORD019562,PROD00424,2,333.02
OOL0000977,ORD008796,PROD00142,2,321.6
OOL0000978,ORD011642,PROD00291,1,234.33
OOL0000979,ORD007197,PROD00432,3,174.19
OOL0000980,ORD011560,PROD00749,1,382.43
OOL0000981,ORD003369,PROD00689,4,405.88
OOL0000982,ORD003798,PROD00653,4,468.48
OOL0000983,ORD015115,PROD00701,3,313.15
OOL0000984,ORD013719,PROD00049,3,199.43
OOL0000985,ORD001793,PROD00302,4,376.18
OOL0000986,ORD011054,PROD00190,3,86.78
OOL0000987,ORD003477,PROD00136,2,334.32
OOL0000988,ORD003418,PROD00555,2,203.47
OOL0000989,ORD001646,PROD00404,3,413.14
OOL0000990,ORD014756,PROD00602,4,261.21
OOL0000991,ORD019415,PROD00341,1,15.9
OOL0000992,ORD019257,PROD00757,3,499.77
OOL0000993,ORD003073,PROD00704,3,440.35
OOL0000994,ORD001855,PROD00318,1,337.12
OOL0000995,ORD004663,PROD00618,3,324.99
OOL0000996,ORD006515,PROD00363,1,422.9
OOL0000997,ORD002709,PROD00382,4,321.6
OOL0000998,ORD011695,PROD00233,2,350.66
OOL0000999,ORD009525,PROD00777,4,265.09
OOL0001000,ORD019892,PROD00344,2,464.69
OOL0001001,ORD006457,PROD00549,1,217.9
OOL0001002,ORD004213,PROD00553,2,395.63
OOL0001003,ORD013225,PROD00529,4,20.24
OOL0001004,ORD007971,PROD00789,2,275.75
OOL0001005,ORD016921,PROD00571,1,141.4
OOL0001006,ORD001626,PROD00183,2,477.65
OOL0001007,ORD010315,PROD00041,3,494.57
OOL0001008,ORD007974,PROD00551,4,337.46
OOL0001009,ORD008578,PROD00397,3,80.4
OOL0001010,ORD008071,PROD00704,1,360.2
OOL0001011,ORD008667,PROD00779,2,166.28
OOL0001012,ORD003601,PROD00494,3,360.98
OOL0001013,ORD006784,PROD00659,3,98.57
OOL0001014,ORD013227,PROD00333,2,498.08
OOL0001015,ORD009147,PROD00127,2,499.86
OOL0001016,ORD004972,PROD00558,4,24.68
OOL0001017,ORD013491,PROD00557,3,318.11
OOL0001018,ORD017590,PROD00001,3,90.06
OOL0001019,ORD012952,PROD00168,1,230.71
OOL0001020,ORD012313,PROD00620,4,153.74
OOL0001021,ORD001991,PROD00019,1,60.91
OOL0001022,ORD005300,PROD00332,3,320.75
OOL0001023,ORD012998,PROD00584,1,465.43
OOL0001024,ORD019957,PROD00456,3,419.94
OOL0001025,ORD013473,PROD00109,3,337.12
OOL0001026,ORD004381,PROD00268,1,292.21
OOL0001027,ORD004758,PROD00445,1,98.57
OOL0001028,ORD019098,PROD00240,2,453.68
OOL0001029,ORD010396,PROD00301,2,210.82
OOL0001030,ORD016242,PROD00602,2,274.18
OOL0001031,ORD005589,PROD00103,3,98.57
OOL0001032,ORD017351,PROD00250,1,127.22
OOL0001033,ORD004945,PROD00453,4,24.68
OOL0001034,ORD013396,PROD00520,3,246.75
OOL0001035,ORD019817,PROD00153,4,409.28
OOL0001036,ORD017073,PROD00174,1,126.67
OOL0001037,ORD004244,PROD00343,3,305.04
OOL0001038,ORD009917,PROD00670,4,78.35
OOL0001039,ORD009985,PROD00431,4,217.9
OOL0001040,ORD001760,PROD00727,2,239.33
OOL0001041,ORD009182,PROD00689,2,69.15
OOL0001042,ORD002483,PROD00687,2,293.19
OOL0001043,ORD000952,PROD00658,3,137.0
OOL0001044,ORD002080,PROD00324,1,87.84
OOL0001045,ORD002718,PROD00673,1,49.91
OOL0001046,ORD009693,PROD00639,2,289.52
OOL0001047,ORD007312,PROD00420,2,451.14
OOL0001048,ORD018450,PROD00594,2,297.48
OOL0001049,ORD000769,PROD00485,4,435.53
OOL0001050,ORD005491,PROD00659,2,455.98
OOL0001051,ORD015535,PROD00751,4,356.14
OOL0001052,ORD006646,PROD00412,1,278.27
OOL0001053,ORD005233,PROD00084,3,81.39
OOL0001054,ORD011486,PROD00113,3,394.44
OOL0001055,ORD005798,PROD00737,3,77.8
OOL0001056,ORD019720,PROD00332,3,89.44
OOL0001057,ORD012343,PROD00378,4,21.67
OOL0001058,ORD008039,PROD00755,4,405.0
OOL0001059,ORD016003,PROD00655,2,237.52
OOL0001060,ORD013088,PROD00041,4,356.89
OOL0001061,ORD004874,PROD00770,2,26.29
OOL0001062,ORD001482,PROD00797,2,265.98
OOL0001063,ORD010094,PROD00105,3,434.93
OOL0001064,ORD019836,PROD00202,4,288.05
OOL0001065,ORD014423,PROD00450,4,160.04
OOL0001066,ORD016439,PROD00266,2,490.99
OOL0001067,ORD007644,PROD00210,2,26.97
OOL0001068,ORD019847,PROD00563,1,362.09
OOL0001069,ORD015709,PROD00118,1,315.98
OOL0001070,ORD011272,PROD00713,2,389.58
OOL0001071,ORD017217,PROD00377,1,259.77
OOL0001072,ORD012601,PROD00551,1,99.67
OOL0001073,ORD010999,PROD00540,2,42.81
OOL0001074,ORD014296,PROD00771,2,132.8
OOL0001075,ORD010683,PROD00084,4,410.91
OOL0001076,ORD016381,PROD00454,2,366.75
OOL0001077,ORD008520,PROD00667,2,86.78
OOL0001078,ORD019695,PROD00629,3,499.77
OOL0001079,ORD003301,PROD00514,4,370.1
OOL0001080,ORD006723,PROD00605,4,382.74
OOL0001081,ORD007219,PROD00678,4,360.98
OOL0001082,ORD003055,PROD00387,3,117.23
OOL0001083,ORD013576,PROD00350,2,233.42
OOL0001084,ORD007971,PROD00296,4,346.55
OOL0001085,ORD002144,PROD00258,4,199.43
OOL0001086,ORD009504,PROD00081,1,6.04
OOL0001087,ORD015150,PROD00268,4,50.68
OOL0001088,ORD018923,PROD00419,2,340.31
OOL0001089,ORD012176,PROD00235,2,312.91
OOL0001090,ORD008357,PROD00311,1,87.73
OOL0001091,ORD015071,PROD00357,4,382.49
OOL0001092,ORD000823,PROD00213,4,170.04
OOL0001093,ORD017328,PROD00574,4,234.33
OOL0001094,ORD014290,PROD00049,3,43.42
OOL0001095,ORD006151,PROD00127,4,473.96
OOL0001096,ORD004426,PROD00223,2,210.82
OOL0001097,ORD016033,PROD00279,2,200.74
OOL0001098,ORD002199,PROD00408,3,171.74
OOL0001099,ORD003453,PROD00505,3,76.19
OOL0001100,ORD009107,PROD00294,4,139.42
OOL0001101,ORD013860,PROD00796,1,111.95
OOL0001102,ORD017693,PROD00277,3,440.53
OOL0001103,ORD008706,PROD00438,3,285.75
OOL0001104,ORD010113,PROD00107,4,453.5
OOL0001105,ORD019979,PROD00658,4,73.07
OOL0001106,ORD004842,PROD00420,3,20.31
OOL0001107,ORD015359,PROD00611,1,130.64
OOL0001108,ORD001410,PROD00429,3,322.72
OOL0001109,ORD004567,PROD00375,4,471.78
OOL0001110,ORD011383,PROD00073,4,201.41
OOL0001111,ORD017940,PROD00634,3,249.86
OOL0001112,ORD014597,PROD00030,1,265.98
OOL0001113,ORD000805,PROD00188,3,324.99
OOL0001114,ORD013222,PROD00364,3,274.53
OOL0001115,ORD001280,PROD00800,4,80.4
OOL0001116,ORD013193,PROD00451,1,266.65
OOL0001117,ORD007084,PROD00195,2,230.18
OOL0001118,ORD011094,PROD00156,1,268.58
OOL0001119,ORD017772,PROD00172,3,459.51
OOL0001120,ORD012881,PROD00041,3,123.99
OOL0001121,ORD015518,PROD00063,3,93.05
OOL0001122,ORD019064,PROD00023,1,229.7
OOL0001123,ORD002107,PROD00360,4,266.0
OOL0001124,ORD016087,PROD00075,3,37.02
OOL0001125,ORD004832,PROD00560,3,292.21
OOL0001126,ORD019153,PROD00672,1,411.61
OOL0001127,ORD003187,PROD00118,2,34.44
OOL0001128,ORD002574,PROD00612,2,258.28
OOL0001129,ORD012809,PROD00380,4,293.58
OOL0001130,ORD002600,PROD00679,4,290.64
OOL0001131,ORD004034,PROD00290,3,439.23
OOL0001132,ORD008429,PROD00440,1,139.36
OOL0001133,ORD001305,PROD00668,3,290.74
OOL0001134,ORD017686,PROD00007,4,154.45
OOL0001135,ORD018926,PROD00196,1,367.4
OOL0001136,ORD018436,PROD00421,1,404.66
OOL0001137,ORD008634,PROD00568,4,472.27
OOL0001138,ORD011373,PROD00193,2,420.71
OOL0001139,ORD008997,PROD00559,2,95.49
OOL0001140,ORD016459,PROD00148,1,301.56
OOL0001141,ORD005476,PROD00787,3,268.67
OOL0001142,ORD007185,PROD00669,2,275.75
OOL0001143,ORD012876,PROD00202,3,422.65
OOL0001144,ORD001623,PROD00444,2,282.05
OOL0001145,ORD015989,PROD00419,2,113.8
OOL0001146,ORD008042,PROD00427,3,445.38
OOL0001147,ORD016726,PROD00479,4,158.49
OOL0001148,ORD018459,PROD00475,2,303.63
OOL0001149,ORD007993,PROD00126,2,170.04
OOL0001150,ORD015647,PROD00395,3,319.54
OOL0001151,ORD017030,PROD00576,4,382.34
OOL0001152,ORD004264,PROD00325,2,230.71
OOL0001153,ORD014061,PROD00392,2,339.19
OOL0001154,ORD015157,PROD00688,4,248.25
OOL0001155,ORD008647,PROD00628,2,243.37
OOL0001156,ORD011665,PROD00440,4,27.17
OOL0001157,ORD002970,PROD00204,4,410.91
OOL0001158,ORD003029,PROD00486,3,364.74
OOL0001159,ORD019066,PROD00031,1,306.77
OOL0001160,ORD003630,PROD00388,4,171.74
OOL0001161,ORD003068,PROD00625,3,455.98
OOL0001162,ORD005942,PROD00434,1,229.7
OOL0001163,ORD017771,PROD00376,2,268.67
OOL0001164,ORD019251,PROD00344,1,204.93
OOL0001165,ORD011556,PROD00443,4,298.54
OOL0001166,ORD013082,PROD00579,4,378.54
OOL0001167,ORD006820,PROD00075,4,173.5
OOL0001168,ORD011047,PROD00557,4,113.13
OOL0001169,ORD017718,PROD00772,4,472.27
OOL0001170,ORD002712,PROD00666,3,465.79
OOL0001171,ORD004854,PROD00155,4,21.15
OOL0001172,ORD007716,PROD00430,3,297.26
OOL0001173,ORD008943,PROD00363,2,20.55
OOL0001174,ORD015508,PROD00448,4,125.95
OOL0001175,ORD015827,PROD00234,4,104.32
OOL0001176,ORD001763,PROD00563,1,258.89
OOL0001177,ORD015851,PROD00262,2,92.7
OOL0001178,ORD012113,PROD00125,4,410.8
OOL0001179,ORD012653,PROD00245,4,324.99
OOL0001180,ORD006123,PROD00542,2,459.77
OOL0001181,ORD000482,PROD00485,3,282.84
OOL0001182,ORD014537,PROD00122,4,187.03
OOL0001183,ORD000154,PROD00125,1,36.92
OOL0001184,ORD007618,PROD00549,4,301.41
OOL0001185,ORD001525,PROD00170,1,276.91
OOL0001186,ORD002121,PROD00124,1,123.38
OOL0001187,ORD015049,PROD00035,4,434.13
OOL0001188,ORD002344,PROD00087,4,260.25
OOL0001189,ORD005137,PROD00646,1,308.82
OOL0001190,ORD001241,PROD00708,2,239.63
OOL0001191,ORD000061,PROD00786,2,214.08
OOL0001192,ORD009131,PROD00201,4,130.14
OOL0001193,ORD018024,PROD00369,3,420.08
OOL0001194,ORD012313,PROD00797,2,464.69
OOL0001195,ORD013351,PROD00077,4,225.4
OOL0001196,ORD012419,PROD00059,2,118.97
OOL0001197,ORD001253,PROD00431,3,87.84
OOL0001198,ORD008364,PROD00638,4,381.01
OOL0001199,ORD009651,PROD00500,3,138.14
OOL0001200,ORD019934,PROD00109,4,321.6
OOL0001201,ORD018707,PROD00736,3,70.19
OOL0001202,ORD016315,PROD00278,2,123.38
OOL0001203,ORD004091,PROD00068,2,288.05
OOL0001204,ORD006961,PROD00069,3,397.73
OOL0001205,ORD003005,PROD00165,3,34.56
OOL0001206,ORD016714,PROD00489,3,166.28
OOL0001207,ORD003641,PROD00305,4,68.09
OOL0001208,ORD001342,PROD00674,2,11.45
OOL0001209,ORD011856,PROD00365,4,279.56
OOL0001210,ORD000339,PROD00379,2,200.39
OOL0001211,ORD005896,PROD00343,1,171.98
OOL0001212,ORD012255,PROD00554,4,201.41
OOL0001213,ORD019093,PROD00354,2,339.19
OOL0001214,ORD011345,PROD00416,2,424.4
OOL0001215,ORD001751,PROD00109,4,496.26
OOL0001216,ORD002422,PROD00563,4,356.5
OOL0001217,ORD007120,PROD00762,2,495.09
OOL0001218,ORD005320,PROD00497,4,300.01
OOL0001219,ORD015897,PROD00341,3,453.68
OOL0001220,ORD011919,PROD00383,4,341.97
OOL0001221,ORD013850,PROD00533,4,360.98
OOL0001222,ORD004874,PROD00300,4,72.22
OOL0001223,ORD004807,PROD00139,2,231.83
OOL0001224,ORD008593,PROD00359,3,21.67
OOL0001225,ORD012183,PROD00499,1,427.8
OOL0001226,ORD019542,PROD00385,1,421.83
OOL0001227,ORD016775,PROD00604,3,199.52
OOL0001228,ORD012046,PROD00280,3,141.74
OOL0001229,ORD004431,PROD00637,3,67.23
OOL0001230,ORD008821,PROD00483,2,233.42
OOL0001231,ORD004233,PROD00111,1,168.55
OOL0001232,ORD011123,PROD00139,3,319.04
OOL0001233,ORD015024,PROD00435,2,90.06
OOL0001234,ORD008008,PROD00509,1,70.19
OOL0001235,ORD017906,PROD00273,4,261.03
OOL0001236,ORD009019,PROD00099,2,86.59
OOL0001237,ORD001501,PROD00764,1,113.13
OOL0001238,ORD006738,PROD00104,2,200.74
OOL0001239,ORD003295,PROD00214,1,278.24
OOL0001240,ORD018804,PROD00761,1,117.23
OOL0001241,ORD019427,PROD00664,4,345.58
OOL0001242,ORD004498,PROD00762,2,146.03
OOL0001243,ORD017851,PROD00787,3,160.04
OOL0001244,ORD019946,PROD00165,4,395.63
OOL0001245,ORD000615,PROD00520,4,137.55
OOL0001246,ORD009375,PROD00284,1,21.67
OOL0001247,ORD019608,PROD00517,3,455.52
OOL0001248,ORD002668,PROD00657,2,258.8
OOL0001249,ORD013410,PROD00613,3,275.75
OOL0001250,ORD016515,PROD00164,3,499.86
OOL0001251,ORD002984,PROD00659,3,139.42
OOL0001252,ORD012652,PROD00064,3,327.22
OOL0001253,ORD008231,PROD00091,3,293.72
OOL0001254,ORD006641,PROD00117,1,88.7
OOL0001255,ORD011780,PROD00267,1,118.97
OOL0001256,ORD015318,PROD00685,4,265.09
OOL0001257,ORD017305,PROD00559,1,111.24
OOL0001258,ORD007565,PROD00140,4,212.96
OOL0001259,ORD015521,PROD00246,4,5.22
OOL0001260,ORD013738,PROD00661,2,264.99
OOL0001261,ORD009324,PROD00758,3,404.97
OOL0001262,ORD015230,PROD00395,1,268.14
OOL0001263,ORD011714,PROD00487,2,48.66
OOL0001264,ORD008503,PROD00476,1,362.09
OOL0001265,ORD019626,PROD00517,4,356.5
OOL0001266,ORD000546,PROD00184,1,268.67
OOL0001267,ORD004347,PROD00020,3,92.17
OOL0001268,ORD009997,PROD00558,4,441.72
OOL0001269,ORD015776,PROD00524,4,142.83
OOL0001270,ORD013920,PROD00582,2,138.16
OOL0001271,ORD003811,PROD00529,3,198.95
OOL0001272,ORD007207,PROD00147,4,312.91
OOL0001273,ORD009006,PROD00666,3,486.52
OOL0001274,ORD016372,PROD00304,1,11.09
OOL0001275,ORD012317,PROD00620,3,454.15
OOL0001276,ORD018417,PROD00748,4,363.87
OOL0001277,ORD008437,PROD00582,2,99.6
OOL0001278,ORD012985,PROD00695,4,305.4
OOL0001279,ORD000272,PROD00762,3,275.75
OOL0001280,ORD019896,PROD00228,3,298.78
OOL0001281,ORD018156,PROD00102,4,499.74
OOL0001282,ORD010617,PROD00587,3,415.65
OOL0001283,ORD004362,PROD00417,1,483.29
OOL0001284,ORD007070,PROD00216,4,339.54
OOL0001285,ORD017305,PROD00407,2,449.93
OOL0001286,ORD003431,PROD00399,4,303.05
OOL0001287,ORD012677,PROD00715,1,15.23
OOL0001288,ORD010817,PROD00704,1,173.48
OOL0001289,ORD002051,PROD00761,1,188.72
OOL0001290,ORD011693,PROD00499,1,275.62
OOL0001291,ORD001166,PROD00754,1,149.79
OOL0001292,ORD002034,PROD00465,2,20.31
OOL0001293,ORD000146,PROD00691,3,293.71
OOL0001294,ORD014270,PROD00731,1,81.13
OOL0001295,ORD007833,PROD00082,1,126.67
OOL0001296,ORD014287,PROD00604,4,401.18
OOL0001297,ORD002633,PROD00687,2,225.4
OOL0001298,ORD004495,PROD00751,2,487.42
OOL0001299,ORD015153,PROD00772,3,17.13
OOL0001300,ORD009156,PROD00365,2,13.91
OOL0001301,ORD010427,PROD00163,4,5.22
OOL0001302,ORD010234,PROD00048,4,117.01
OOL0001303,ORD001829,PROD00511,3,6.57
OOL0001304,ORD012261,PROD00329,4,291.69
OOL0001305,ORD009131,PROD00116,1,318.11
OOL0001306,ORD004806,PROD00337,1,149.79
OOL0001307,ORD000807,PROD00737,4,64.52
OOL0001308,ORD008203,PROD00147,3,495.09
OOL0001309,ORD001869,PROD00575,2,266.0
OOL0001310,ORD014562,PROD00323,3,115.52
OOL0001311,ORD015513,PROD00443,2,246.49
OOL0001312,ORD014900,PROD00013,4,342.69
OOL0001313,ORD016221,PROD00494,4,203.72
OOL0001314,ORD015935,PROD00701,1,253.57
OOL0001315,ORD005430,PROD00287,2,89.44
OOL0001316,ORD009077,PROD00720,3,276.82
OOL0001317,ORD003565,PROD00114,4,142.83
OOL0001318,ORD001390,PROD00480,3,76.87
OOL0001319,ORD011594,PROD00022,1,137.0
OOL0001320,ORD007275,PROD00349,2,490.92
OOL0001321,ORD017209,PROD00726,2,54.43
OOL0001322,ORD018650,PROD00683,4,29.5
OOL0001323,ORD017321,PROD00566,2,370.1
OOL0001324,ORD010746,PROD00320,4,411.85
OOL0001325,ORD014200,PROD00126,1,27.47
OOL0001326,ORD015877,PROD00277,2,234.89
OOL0001327,ORD018181,PROD00204,4,87.84
OOL0001328,ORD008246,PROD00194,3,274.96
OOL0001329,ORD007215,PROD00681,4,318.29
OOL0001330,ORD000727,PROD00664,2,448.38
OOL0001331,ORD019121,PROD00547,1,209.27
OOL0001332,ORD013833,PROD00696,2,114.01
OOL0001333,ORD011363,PROD00286,2,111.24
OOL0001334,ORD018298,PROD00057,4,72.22
OOL0001335,ORD010107,PROD00734,3,187.03
OOL0001336,ORD007658,PROD00303,2,94.96
OOL0001337,ORD018851,PROD00163,3,288.05
OOL0001338,ORD014552,PROD00019,4,21.16
OOL0001339,ORD007907,PROD00370,3,465.79
OOL0001340,ORD007288,PROD00264,4,196.23
OOL0001341,ORD000893,PROD00794,1,107.62
OOL0001342,ORD010223,PROD00113,3,86.78
OOL0001343,ORD004676,PROD00488,3,267.35
OOL0001344,ORD001934,PROD00327,1,205.85
OOL0001345,ORD017765,PROD00542,3,200.39
OOL0001346,ORD011874,PROD00647,1,465.43
OOL0001347,ORD017675,PROD00579,2,68.78
OOL0001348,ORD018025,PROD00065,4,437.74
OOL0001349,ORD013240,PROD00292,1,418.53
OOL0001350,ORD010875,PROD00025,3,26.29
OOL0001351,ORD017603,PROD00549,1,13.91
OOL0001352,ORD005017,PROD00001,3,453.68
OOL0001353,ORD013775,PROD00549,2,107.51
OOL0001354,ORD009753,PROD00141,1,21.15
OOL0001355,ORD017339,PROD00744,2,268.14
OOL0001356,ORD015586,PROD00648,4,87.84
OOL0001357,ORD007292,PROD00188,3,249.86
OOL0001358,ORD000975,PROD00128,3,236.74
OOL0001359,ORD004134,PROD00201,2,495.32
OOL0001360,ORD014664,PROD00127,4,447.85
OOL0001361,ORD003973,PROD00257,1,233.42
OOL0001362,ORD005296,PROD00676,1,331.12
OOL0001363,ORD013914,PROD00547,3,234.11
OOL0001364,ORD009106,PROD00194,2,121.15
OOL0001365,ORD008229,PROD00703,2,376.18
OOL0001366,ORD009904,PROD00104,1,469.0
OOL0001367,ORD003021,PROD00535,4,48.15
OOL0001368,ORD008988,PROD00265,4,233.42
OOL0001369,ORD012881,PROD00384,1,161.0
OOL0001370,ORD005234,PROD00260,1,110.91
OOL0001371,ORD009517,PROD00414,2,151.76
OOL0001372,ORD014560,PROD00358,4,130.89
OOL0001373,ORD016702,PROD00075,1,15.9
OOL0001374,ORD002397,PROD00355,1,86.59
OOL0001375,ORD018547,PROD00584,3,227.67
OOL0001376,ORD019130,PROD00771,1,214.08
OOL0001377,ORD001592,PROD00188,1,206.3
OOL0001378,ORD011304,PROD00685,4,239.12
OOL0001379,ORD006184,PROD00290,2,138.08
OOL0001380,ORD001313,PROD00045,4,276.91
OOL0001381,ORD007315,PROD00573,2,395.46
OOL0001382,ORD018768,PROD00083,3,113.54
OOL0001383,ORD019624,PROD00123,1,414.24
OOL0001384,ORD002140,PROD00358,3,339.67
OOL0001385,ORD014689,PROD00528,2,192.85
OOL0001386,ORD018089,PROD00066,4,401.18
OOL0001387,ORD006925,PROD00657,4,301.35
OOL0001388,ORD000363,PROD00375,3,382.76
OOL0001389,ORD018989,PROD00162,2,168.55
OOL0001390,ORD013482,PROD00746,3,54.15
OOL0001391,ORD003739,PROD00380,3,236.74
OOL0001392,ORD002470,PROD00656,1,345.27
OOL0001393,ORD016107,PROD00358,3,441.59
OOL0001394,ORD016941,PROD00188,1,495.32
OOL0001395,ORD009018,PROD00322,1,38.91
OOL0001396,ORD002809,PROD00450,4,422.65
OOL0001397,ORD016371,PROD00474,1,193.44
OOL0001398,ORD014871,PROD00013,1,168.55
OOL0001399,ORD012714,PROD00184,4,356.14
OOL0001400,ORD007562,PROD00111,3,346.55
OOL0001401,ORD002720,PROD00508,2,194.38
OOL0001402,ORD011701,PROD00290,2,21.15
OOL0001403,ORD003742,PROD00295,2,267.35
OOL0001404,ORD009767,PROD00451,3,338.93
OOL0001405,ORD003999,PROD00215,1,68.09
OOL0001406,ORD018788,PROD00632,2,321.6
OOL0001407,ORD016078,PROD00567,3,194.38
OOL0001408,ORD000295,PROD00027,1,141.74
OOL0001409,ORD010178,PROD00630,4,327.22
OOL0001410,ORD009883,PROD00733,2,474.79
OOL0001411,ORD001137,PROD00231,1,118.2
OOL0001412,ORD002065,PROD00565,2,298.54
OOL0001413,ORD007010,PROD00321,2,239.77
OOL0001414,ORD012988,PROD00233,2,419.94
OOL0001415,ORD004544,PROD00670,1,268.67
OOL0001416,ORD001008,PROD00437,3,276.45
OOL0001417,ORD005446,PROD00781,1,276.82
OOL0001418,ORD010707,PROD00533,2,455.98
OOL0001419,ORD014750,PROD00403,1,141.74
OOL0001420,ORD011719,PROD00053,4,145.86
OOL0001421,ORD009440,PROD00787,3,393.29
OOL0001422,ORD013282,PROD00313,1,367.4
OOL0001423,ORD001436,PROD00281,4,415.73
OOL0001424,ORD000572,PROD00726,3,6.43
OOL0001425,ORD002383,PROD00031,4,416.19
OOL0001426,ORD005085,PROD00337,3,160.89
OOL0001427,ORD016662,PROD00183,1,69.37
OOL0001428,ORD013508,PROD00023,4,337.46
OOL0001429,ORD007060,PROD00544,2,183.39
OOL0001430,ORD018272,PROD00446,4,171.98
OOL0001431,ORD012772,PROD00074,3,171.74
OOL0001432,ORD017650,PROD00010,1,370.82
OOL0001433,ORD007492,PROD00484,3,292.21
OOL0001434,ORD014528,PROD00456,4,197.99
OOL0001435,ORD017425,PROD00566,4,382.74
OOL0001436,ORD014860,PROD00564,2,278.27
OOL0001437,ORD008074,PROD00660,1,146.22
OOL0001438,ORD009078,PROD00160,1,130.89
OOL0001439,ORD019137,PROD00014,4,415.73
OOL0001440,ORD011384,PROD00178,1,41.75
OOL0001441,ORD016379,PROD00412,2,46.77
OOL0001442,ORD002354,PROD00053,3,427.84
OOL0001443,ORD004800,PROD00408,1,106.21
OOL0001444,ORD017071,PROD00022,4,89.44
OOL0001445,ORD011940,PROD00030,3,324.99
OOL0001446,ORD002429,PROD00703,3,168.55
OOL0001447,ORD011297,PROD00260,2,420.53
OOL0001448,ORD007814,PROD00205,4,210.74
OOL0001449,ORD014415,PROD00059,1,6.04
OOL0001450,ORD011802,PROD00471,4,191.61
OOL0001451,ORD011746,PROD00776,3,487.31
OOL0001452,ORD013026,PROD00466,4,88.7
OOL0001453,ORD003357,PROD00012,1,118.2
OOL0001454,ORD014289,PROD00631,1,453.5
OOL0001455,ORD006541,PROD00290,2,160.89
OOL0001456,ORD016423,PROD00760,1,22.79
OOL0001457,ORD003343,PROD00354,1,115.52
OOL0001458,ORD009079,PROD00639,4,476.68
OOL0001459,ORD002845,PROD00075,4,160.04
OOL0001460,ORD010397,PROD00716,3,478.38
OOL0001461,ORD017483,PROD00561,2,339.54
OOL0001462,ORD018208,PROD00591,4,360.62
OOL0001463,ORD013999,PROD00441,1,95.49
OOL0001464,ORD013262,PROD00241,3,381.01
OOL0001465,ORD019540,PROD00154,4,321.6
OOL0001466,ORD003094,PROD00786,2,282.63
OOL0001467,ORD011723,PROD00096,2,224.84
OOL0001468,ORD019281,PROD00726,3,21.16
OOL0001469,ORD011646,PROD00294,3,333.02
OOL0001470,ORD015084,PROD00209,3,265.09
OOL0001471,ORD000989,PROD00343,3,282.05
OOL0001472,ORD006447,PROD00088,3,282.84
OOL0001473,ORD016336,PROD00776,1,81.39
OOL0001474,ORD016134,PROD00390,1,361.3
OOL0001475,ORD001683,PROD00325,4,114.14
OOL0001476,ORD005627,PROD00157,2,59.93
OOL0001477,ORD007425,PROD00668,1,411.61
OOL0001478,ORD012858,PROD00651,1,439.29
OOL0001479,ORD012156,PROD00633,1,420.53
OOL0001480,ORD017318,PROD00577,4,47.24
OOL0001481,ORD019983,PROD00619,3,268.0
OOL0001482,ORD011426,PROD00659,4,27.2
OOL0001483,ORD001981,PROD00137,2,335.09
OOL0001484,ORD015523,PROD00674,2,478.13
OOL0001485,ORD019441,PROD00428,2,26.97
OOL0001486,ORD008985,PROD00452,2,433.86
OOL0001487,ORD017176,PROD00612,1,432.38
OOL0001488,ORD015884,PROD00141,1,22.06
OOL0001489,ORD005391,PROD00083,4,241.74
OOL0001490,ORD018640,PROD00177,3,240.86
OOL0001491,ORD019995,PROD00198,2,45.69
OOL0001492,ORD001608,PROD00624,4,141.74
OOL0001493,ORD006574,PROD00568,1,460.1
OOL0001494,ORD017369,PROD00691,1,216.61
OOL0001495,ORD005777,PROD00421,3,404.97
OOL0001496,ORD003677,PROD00401,3,321.6
OOL0001497,ORD003381,PROD00698,3,248.25
OOL0001498,ORD008712,PROD00471,4,499.86
OOL0001499,ORD008783,PROD00218,1,58.9
OOL0001500,ORD017435,PROD00729,1,231.94
OOL0001501,ORD013998,PROD00632,3,87.84
OOL0001502,ORD006343,PROD00175,2,478.13
OOL0001503,ORD017344,PROD00023,3,34.44
OOL0001504,ORD006060,PROD00725,4,36.92
OOL0001505,ORD008885,PROD00235,3,409.26
OOL0001506,ORD005656,PROD00013,3,439.29
OOL0001507,ORD012092,PROD00101,4,33.58
OOL0001508,ORD019331,PROD00536,3,12.02
OOL0001509,ORD015252,PROD00523,1,451.18
OOL0001510,ORD000527,PROD00785,2,237.52
OOL0001511,ORD003225,PROD00452,3,107.51
OOL0001512,ORD015070,PROD00431,4,486.15
OOL0001513,ORD011537,PROD00793,2,137.0
OOL0001514,ORD013548,PROD00606,4,130.84
OOL0001515,ORD018260,PROD00713,2,116.32
OOL0001516,ORD001764,PROD00533,2,268.0
OOL0001517,ORD008713,PROD00723,3,25.62
OOL0001518,ORD005798,PROD00652,1,113.13
OOL0001519,ORD009209,PROD00293,3,465.75
OOL0001520,ORD005110,PROD00101,4,351.16
OOL0001521,ORD016501,PROD00502,4,125.95
OOL0001522,ORD002434,PROD00304,2,136.75
OOL0001523,ORD016968,PROD00540,2,427.8
OOL0001524,ORD004168,PROD00553,1,203.47
OOL0001525,ORD017774,PROD00355,3,70.19
OOL0001526,ORD008358,PROD00303,4,23.8
OOL0001527,ORD006155,PROD00496,2,442.79
OOL0001528,ORD008921,PROD00658,1,485.91
OOL0001529,ORD018428,PROD00768,4,382.34
OOL0001530,ORD019881,PROD00227,2,288.81
OOL0001531,ORD017163,PROD00236,4,35.01
OOL0001532,ORD000214,PROD00455,1,300.01
OOL0001533,ORD003763,PROD00013,1,163.94
OOL0001534,ORD013400,PROD00210,4,268.67
OOL0001535,ORD009769,PROD00741,3,297.48
OOL0001536,ORD010641,PROD00397,4,409.92
OOL0001537,ORD006732,PROD00100,2,445.38
OOL0001538,ORD019502,PROD00031,3,369.86
OOL0001539,ORD005792,PROD00528,2,26.29
OOL0001540,ORD015823,PROD00649,4,166.54
OOL0001541,ORD008784,PROD00329,3,239.77
OOL0001542,ORD013622,PROD00166,2,239.77
OOL0001543,ORD016020,PROD00459,4,405.0
OOL0001544,ORD002721,PROD00100,4,366.47
OOL0001545,ORD008906,PROD00621,3,136.75
OOL0001546,ORD009128,PROD00173,4,23.8
OOL0001547,ORD016386,PROD00749,1,284.67
OOL0001548,ORD006369,PROD00162,2,447.85
OOL0001549,ORD014057,PROD00728,2,339.83
OOL0001550,ORD012237,PROD00776,4,265.51
OOL0001551,ORD018334,PROD00263,4,171.8
OOL0001552,ORD014452,PROD00274,1,87.84
OOL0001553,ORD017302,PROD00003,3,450.23
OOL0001554,ORD019559,PROD00028,4,228.05
OOL0001555,ORD010434,PROD00326,4,81.13
OOL0001556,ORD015526,PROD00149,4,338.8
OOL0001557,ORD000090,PROD00540,4,120.22
OOL0001558,ORD018094,PROD00488,2,194.38
OOL0001559,ORD010362,PROD00438,4,200.63
OOL0001560,ORD016370,PROD00065,2,223.41
OOL0001561,ORD003042,PROD00356,4,210.72
OOL0001562,ORD000106,PROD00533,3,414.27
OOL0001563,ORD009079,PROD00252,1,180.36
OOL0001564,ORD018280,PROD00235,3,99.6
OOL0001565,ORD006091,PROD00227,4,207.11
OOL0001566,ORD006083,PROD00525,4,241.55
OOL0001567,ORD017019,PROD00313,4,362.96
OOL0001568,ORD001926,PROD00049,3,362.09
OOL0001569,ORD018441,PROD00118,4,395.46
OOL0001570,ORD006918,PROD00054,3,137.29
OOL0001571,ORD019529,PROD00650,2,47.24
OOL0001572,ORD000553,PROD00565,1,55.12
OOL0001573,ORD003912,PROD00044,1,17.45
OOL0001574,ORD003390,PROD00053,3,139.42
OOL0001575,ORD013630,PROD00586,2,24.68
OOL0001576,ORD002431,PROD00558,3,381.01
OOL0001577,ORD000459,PROD00525,2,50.68
OOL0001578,ORD013396,PROD00677,4,427.8
OOL0001579,ORD000208,PROD00102,2,468.48
OOL0001580,ORD000900,PROD00792,2,394.44
OOL0001581,ORD011654,PROD00770,2,237.47
OOL0001582,ORD016406,PROD00398,1,179.96
OOL0001583,ORD008602,PROD00138,2,486.52
OOL0001584,ORD000895,PROD00675,4,38.36
OOL0001585,ORD000515,PROD00387,4,298.54
OOL0001586,ORD004110,PROD00111,4,200.63
OOL0001587,ORD013259,PROD00614,2,41.75
OOL0001588,ORD015314,PROD00017,3,298.54
OOL0001589,ORD015350,PROD00780,3,333.02
OOL0001590,ORD007180,PROD00182,4,146.03
OOL0001591,ORD010327,PROD00536,1,26.29
OOL0001592,ORD011788,PROD00541,3,455.78
OOL0001593,ORD001561,PROD00171,2,490.15
OOL0001594,ORD013613,PROD00409,3,116.32
OOL0001595,ORD017651,PROD00740,4,322.72
OOL0001596,ORD019812,PROD00378,1,421.9
OOL0001597,ORD004781,PROD00188,3,483.29
OOL0001598,ORD018312,PROD00230,3,297.26
OOL0001599,ORD011895,PROD00119,4,203.72
OOL0001600,ORD002357,PROD00156,1,386.54
OOL0001601,ORD004791,PROD00784,1,318.29
OOL0001602,ORD016691,PROD00687,4,35.01
OOL0001603,ORD010182,PROD00465,2,246.49
OOL0001604,ORD007058,PROD00104,3,137.29
OOL0001605,ORD016083,PROD00604,2,138.13
OOL0001606,ORD000662,PROD00698,3,420.63
OOL0001607,ORD004645,PROD00795,3,439.44
OOL0001608,ORD015712,PROD00502,2,306.77
OOL0001609,ORD002921,PROD00693,4,469.0
OOL0001610,ORD016003,PROD00682,4,216.61
OOL0001611,ORD014026,PROD00699,3,490.92
OOL0001612,ORD008947,PROD00175,4,440.35
OOL0001613,ORD012733,PROD00734,3,210.0
OOL0001614,ORD006237,PROD00745,4,12.02
OOL0001615,ORD016310,PROD00674,3,333.19
OOL0001616,ORD013519,PROD00421,4,185.36
OOL0001617,ORD000353,PROD00134,1,458.81
OOL0001618,ORD007006,PROD00391,2,285.75
OOL0001619,ORD014037,PROD00736,1,268.67
OOL0001620,ORD016543,PROD00501,2,163.94
OOL0001621,ORD000957,PROD00665,2,382.43
OOL0001622,ORD002072,PROD00033,3,231.94
OOL0001623,ORD008596,PROD00055,2,86.99
OOL0001624,ORD015141,PROD00519,1,88.33
OOL0001625,ORD012804,PROD00756,1,464.98
OOL0001626,ORD003454,PROD00638,4,321.6
OOL0001627,ORD006676,PROD00012,1,495.15
OOL0001628,ORD000956,PROD00528,4,488.84
OOL0001629,ORD006296,PROD00720,2,249.86
OOL0001630,ORD015922,PROD00555,1,201.84
OOL0001631,ORD018097,PROD00373,2,337.12
OOL0001632,ORD015283,PROD00484,1,267.89
OOL0001633,ORD004704,PROD00647,1,392.28
OOL0001634,ORD006564,PROD00228,4,59.93
OOL0001635,ORD012004,PROD00623,2,453.68
OOL0001636,ORD010818,PROD00307,1,315.98
OOL0001637,ORD011172,PROD00457,3,130.14
OOL0001638,ORD012583,PROD00160,2,374.2
OOL0001639,ORD012202,PROD00331,2,231.83
OOL0001640,ORD017779,PROD00776,2,439.44
OOL0001641,ORD012474,PROD00225,4,195.63
OOL0001642,ORD009462,PROD00729,3,273.55
OOL0001643,ORD015597,PROD00504,2,394.44
OOL0001644,ORD000530,PROD00456,1,360.2
OOL0001645,ORD019343,PROD00045,1,304.85
OOL0001646,ORD019976,PROD00214,4,72.22
OOL0001647,ORD012766,PROD00059,1,212.96
OOL0001648,ORD013911,PROD00644,2,325.62
OOL0001649,ORD011562,PROD00616,1,197.99
OOL0001650,ORD009132,PROD00195,2,73.07
OOL0001651,ORD000526,PROD00489,1,53.94
OOL0001652,ORD016386,PROD00157,3,423.7
OOL0001653,ORD000375,PROD00610,4,159.39
OOL0001654,ORD012198,PROD00226,4,34.25
OOL0001655,ORD004649,PROD00412,3,486.52
OOL0001656,ORD002366,PROD00205,3,284.67
OOL0001657,ORD017910,PROD00079,4,230.18
OOL0001658,ORD001647,PROD00124,3,453.15
OOL0001659,ORD000014,PROD00471,2,30.69
OOL0001660,ORD004600,PROD00218,1,38.83
OOL0001661,ORD002279,PROD00516,4,297.48
OOL0001662,ORD014297,PROD00602,3,289.8
OOL0001663,ORD003156,PROD00104,2,271.71
OOL0001664,ORD008322,PROD00393,4,459.77
OOL0001665,ORD003815,PROD00631,3,198.97
OOL0001666,ORD013126,PROD00645,4,97.98
OOL0001667,ORD003217,PROD00608,3,68.09
OOL0001668,ORD002114,PROD00434,4,366.6
OOL0001669,ORD010239,PROD00331,2,6.45
OOL0001670,ORD013761,PROD00143,2,360.2
OOL0001671,ORD012589,PROD00800,1,170.04
OOL0001672,ORD003375,PROD00540,4,368.34
OOL0001673,ORD006431,PROD00278,1,339.41
OOL0001674,ORD019851,PROD00233,4,236.74
OOL0001675,ORD019466,PROD00529,3,447.85
OOL0001676,ORD011971,PROD00571,3,497.45
OOL0001677,ORD000630,PROD00090,1,160.46
OOL0001678,ORD016654,PROD00492,4,282.05
OOL0001679,ORD010832,PROD00199,1,170.04
OOL0001680,ORD005725,PROD00362,2,301.41
OOL0001681,ORD011084,PROD00441,1,465.75
OOL0001682,ORD013150,PROD00026,1,239.77
OOL0001683,ORD019817,PROD00025,3,351.52
OOL0001684,ORD009473,PROD00394,1,227.98
OOL0001685,ORD006277,PROD00507,4,424.33
OOL0001686,ORD015636,PROD00301,3,421.83
OOL0001687,ORD005896,PROD00339,1,363.87
OOL0001688,ORD013995,PROD00267,2,293.72
OOL0001689,ORD010553,PROD00461,1,419.94
OOL0001690,ORD016960,PROD00693,1,474.79
OOL0001691,ORD006100,PROD00456,1,378.24
OOL0001692,ORD009500,PROD00360,3,138.14
OOL0001693,ORD019577,PROD00068,4,125.95
OOL0001694,ORD003179,PROD00412,2,322.11
OOL0001695,ORD019119,PROD00491,1,206.3
OOL0001696,ORD006117,PROD00049,4,297.75
OOL0001697,ORD015564,PROD00687,4,348.75
OOL0001698,ORD003569,PROD00564,3,273.55
OOL0001699,ORD009848,PROD00102,2,455.98
OOL0001700,ORD014136,PROD00216,3,145.86
OOL0001701,ORD018588,PROD00438,4,435.53
OOL0001702,ORD017775,PROD00700,4,464.69
OOL0001703,ORD001743,PROD00569,4,460.1
OOL0001704,ORD018310,PROD00559,3,203.47
OOL0001705,ORD000620,PROD00159,2,104.28
OOL0001706,ORD017659,PROD00489,1,380.74
OOL0001707,ORD017341,PROD00686,3,430.18
OOL0001708,ORD001940,PROD00242,4,174.18
OOL0001709,ORD016002,PROD00794,3,395.63
OOL0001710,ORD000969,PROD00753,4,135.34
OOL0001711,ORD014847,PROD00005,1,62.29
OOL0001712,ORD000282,PROD00596,1,455.78
OOL0001713,ORD015361,PROD00361,2,70.19
OOL0001714,ORD006263,PROD00459,4,334.32
OOL0001715,ORD001059,PROD00248,2,453.15
OOL0001716,ORD010725,PROD00566,2,449.35
OOL0001717,ORD005179,PROD00673,1,440.51
OOL0001718,ORD006981,PROD00422,3,227.67
OOL0001719,ORD009201,PROD00738,3,427.02
OOL0001720,ORD001230,PROD00015,2,30.69
OOL0001721,ORD008468,PROD00736,1,104.32
OOL0001722,ORD019125,PROD00573,4,94.25
OOL0001723,ORD002290,PROD00122,3,181.31
OOL0001724,ORD001240,PROD00277,2,424.33
OOL0001725,ORD005371,PROD00558,3,411.61
OOL0001726,ORD016171,PROD00453,3,210.98
OOL0001727,ORD000126,PROD00390,4,206.3
OOL0001728,ORD012505,PROD00294,1,151.76
OOL0001729,ORD015399,PROD00574,4,361.23
OOL0001730,ORD006639,PROD00598,1,198.95
OOL0001731,ORD006571,PROD00446,3,251.63
OOL0001732,ORD003250,PROD00210,2,275.7
OOL0001733,ORD009111,PROD00590,4,355.96
OOL0001734,ORD007596,PROD00714,1,106.21
OOL0001735,ORD013606,PROD00302,3,435.53
OOL0001736,ORD012116,PROD00223,1,358.94
OOL0001737,ORD006295,PROD00734,1,253.57
OOL0001738,ORD005758,PROD00003,1,370.1
OOL0001739,ORD012596,PROD00518,3,327.58
OOL0001740,ORD001970,PROD00093,2,465.79
OOL0001741,ORD010986,PROD00520,2,83.52
OOL0001742,ORD017276,PROD00428,2,258.28
OOL0001743,ORD004471,PROD00493,1,378.24
OOL0001744,ORD010226,PROD00235,3,28.58
OOL0001745,ORD009557,PROD00620,1,113.54
OOL0001746,ORD009207,PROD00161,2,388.08
OOL0001747,ORD009992,PROD00721,2,12.02
OOL0001748,ORD007520,PROD00752,3,204.93
OOL0001749,ORD013670,PROD00331,1,420.08
OOL0001750,ORD004613,PROD00333,4,414.22
OOL0001751,ORD012374,PROD00050,4,303.52
OOL0001752,ORD017583,PROD00523,2,371.14
OOL0001753,ORD015553,PROD00668,3,90.06
OOL0001754,ORD014647,PROD00492,1,485.53
OOL0001755,ORD005239,PROD00582,1,395.46
OOL0001756,ORD015578,PROD00681,2,345.27
OOL0001757,ORD015505,PROD00272,2,421.83
OOL0001758,ORD003720,PROD00580,1,274.96
OOL0001759,ORD000303,PROD00252,1,53.94
OOL0001760,ORD012145,PROD00560,2,243.37
OOL0001761,ORD017371,PROD00696,1,439.44
OOL0001762,ORD010056,PROD00699,4,27.83
OOL0001763,ORD004441,PROD00090,2,439.44
OOL0001764,ORD003073,PROD00446,1,20.24
OOL0001765,ORD013599,PROD00332,2,229.7
OOL0001766,ORD014288,PROD00139,3,368.34
OOL0001767,ORD013966,PROD00357,2,397.73
OOL0001768,ORD019509,PROD00601,2,460.1
OOL0001769,ORD009520,PROD00274,3,34.25
OOL0001770,ORD013381,PROD00019,4,195.2
OOL0001771,ORD011866,PROD00311,1,274.96
OOL0001772,ORD008126,PROD00154,3,70.1
OOL0001773,ORD003292,PROD00390,2,55.12
OOL0001774,ORD004034,PROD00260,1,45.69
OOL0001775,ORD005106,PROD00620,3,210.72
OOL0001776,ORD017088,PROD00797,1,11.09
OOL0001777,ORD008134,PROD00571,1,355.31
OOL0001778,ORD016959,PROD00125,3,197.93
OOL0001779,ORD005705,PROD00354,1,436.66
OOL0001780,ORD007849,PROD00273,4,43.15
OOL0001781,ORD012976,PROD00619,3,97.98
OOL0001782,ORD006925,PROD00245,4,212.96
OOL0001783,ORD019615,PROD00450,2,217.9
OOL0001784,ORD000489,PROD00247,1,413.27
OOL0001785,ORD007115,PROD00520,2,248.25
OOL0001786,ORD015741,PROD00141,2,20.31
OOL0001787,ORD003174,PROD00362,1,200.74
OOL0001788,ORD001668,PROD00008,3,107.51
OOL0001789,ORD004115,PROD00478,1,114.01
OOL0001790,ORD003554,PROD00352,2,197.99
OOL0001791,ORD007762,PROD00495,2,345.58
OOL0001792,ORD001001,PROD00606,3,185.36
OOL0001793,ORD015639,PROD00427,1,193.44
OOL0001794,ORD017773,PROD00039,2,370.34
OOL0001795,ORD005451,PROD00593,4,382.43
OOL0001796,ORD003713,PROD00187,2,445.0
OOL0001797,ORD001368,PROD00596,2,197.93
OOL0001798,ORD008190,PROD00600,3,197.99
OOL0001799,ORD009014,PROD00754,4,409.28
OOL0001800,ORD016839,PROD00093,2,236.06
OOL0001801,ORD019157,PROD00086,2,465.79
OOL0001802,ORD003727,PROD00044,4,261.21
OOL0001803,ORD004807,PROD00137,1,287.47
OOL0001804,ORD002191,PROD00421,1,283.83
OOL0001805,ORD009109,PROD00074,2,409.28
OOL0001806,ORD012179,PROD00548,2,188.35
OOL0001807,ORD002876,PROD00613,1,73.74
OOL0001808,ORD005593,PROD00512,3,473.59
OOL0001809,ORD017825,PROD00156,4,67.23
OOL0001810,ORD012593,PROD00255,4,93.05
OOL0001811,ORD008928,PROD00171,3,404.97
OOL0001812,ORD014438,PROD00728,3,46.77
OOL0001813,ORD011531,PROD00170,3,495.15
OOL0001814,ORD007011,PROD00764,3,293.71
OOL0001815,ORD011208,PROD00322,3,234.33
OOL0001816,ORD002990,PROD00567,3,411.85
OOL0001817,ORD012041,PROD00456,4,346.6
OOL0001818,ORD009219,PROD00603,3,35.36
OOL0001819,ORD006472,PROD00790,1,145.5
OOL0001820,ORD002864,PROD00613,3,305.04
OOL0001821,ORD010694,PROD00155,3,274.18
OOL0001822,ORD001178,PROD00349,4,403.35
OOL0001823,ORD004761,PROD00451,4,355.96
OOL0001824,ORD000012,PROD00653,3,236.06
OOL0001825,ORD016354,PROD00173,4,421.9
OOL0001826,ORD011557,PROD00010,2,228.05
OOL0001827,ORD011564,PROD00740,4,492.0
OOL0001828,ORD014052,PROD00265,4,25.08
OOL0001829,ORD011023,PROD00438,4,151.88
OOL0001830,ORD008235,PROD00760,4,371.79
OOL0001831,ORD016174,PROD00247,1,113.16
OOL0001832,ORD013179,PROD00667,1,146.03
OOL0001833,ORD006571,PROD00546,1,399.14
OOL0001834,ORD000407,PROD00499,3,282.84
OOL0001835,ORD009207,PROD00129,3,111.69
OOL0001836,ORD004432,PROD00672,2,444.58
OOL0001837,ORD006543,PROD00601,1,131.38
OOL0001838,ORD008907,PROD00605,3,118.1
OOL0001839,ORD004147,PROD00327,4,54.15
OOL0001840,ORD012047,PROD00753,4,199.52
OOL0001841,ORD012612,PROD00404,1,92.7
OOL0001842,ORD013077,PROD00629,2,118.2
OOL0001843,ORD016525,PROD00606,2,138.13
OOL0001844,ORD004883,PROD00675,4,273.52
OOL0001845,ORD014114,PROD00611,2,455.98
OOL0001846,ORD013646,PROD00625,1,67.23
OOL0001847,ORD006013,PROD00359,4,197.93
OOL0001848,ORD017348,PROD00603,3,370.1
OOL0001849,ORD007152,PROD00718,3,380.99
OOL0001850,ORD003611,PROD00017,2,345.27
OOL0001851,ORD009885,PROD00274,4,317.88
OOL0001852,ORD006895,PROD00685,4,441.72
OOL0001853,ORD013468,PROD00116,3,265.09
OOL0001854,ORD016490,PROD00693,4,374.2
OOL0001855,ORD009874,PROD00091,4,15.23
OOL0001856,ORD012290,PROD00082,4,173.19
OOL0001857,ORD012209,PROD00324,2,41.75
OOL0001858,ORD010829,PROD00114,4,473.96
OOL0001859,ORD002138,PROD00769,1,477.65
OOL0001860,ORD019915,PROD00058,2,18.57
OOL0001861,ORD001287,PROD00154,4,324.64
OOL0001862,ORD015711,PROD00404,4,450.23
OOL0001863,ORD011372,PROD00628,1,331.12
OOL0001864,ORD015946,PROD00266,2,483.69
OOL0001865,ORD007053,PROD00315,3,337.46
OOL0001866,ORD003655,PROD00715,3,356.52
OOL0001867,ORD018744,PROD00041,2,214.08
OOL0001868,ORD015601,PROD00105,4,473.59
OOL0001869,ORD008637,PROD00193,4,282.63
OOL0001870,ORD006442,PROD00401,3,210.0
OOL0001871,ORD009668,PROD00278,3,145.5
OOL0001872,ORD012150,PROD00354,3,205.1
OOL0001873,ORD001799,PROD00749,1,48.15
OOL0001874,ORD009601,PROD00733,3,313.15
OOL0001875,ORD005496,PROD00580,1,86.99
OOL0001876,ORD009901,PROD00709,2,477.25
OOL0001877,ORD013674,PROD00256,4,78.25
OOL0001878,ORD011131,PROD00651,3,345.58
OOL0001879,ORD015223,PROD00661,4,409.92
OOL0001880,ORD001301,PROD00099,4,174.18
OOL0001881,ORD009436,PROD00588,3,97.08
OOL0001882,ORD019482,PROD00282,3,203.72
OOL0001883,ORD004617,PROD00403,2,427.02
OOL0001884,ORD016394,PROD00109,1,145.86
OOL0001885,ORD010618,PROD00700,1,447.85
OOL0001886,ORD005753,PROD00199,4,240.86
OOL0001887,ORD009853,PROD00303,3,465.07
OOL0001888,ORD006296,PROD00327,2,113.46
OOL0001889,ORD017457,PROD00154,2,224.51
OOL0001890,ORD003226,PROD00552,2,148.56
OOL0001891,ORD001317,PROD00645,2,282.63
OOL0001892,ORD012338,PROD00405,2,99.6
OOL0001893,ORD006808,PROD00462,1,173.49
OOL0001894,ORD003684,PROD00132,1,350.39
OOL0001895,ORD007228,PROD00791,1,223.41
OOL0001896,ORD003274,PROD00084,3,324.64
OOL0001897,ORD000146,PROD00399,4,6.45
OOL0001898,ORD005011,PROD00754,2,28.58
OOL0001899,ORD016036,PROD00628,3,106.21
OOL0001900,ORD003041,PROD00109,2,196.23
OOL0001901,ORD009655,PROD00221,1,286.21
OOL0001902,ORD016867,PROD00553,3,410.53
OOL0001903,ORD019564,PROD00368,1,35.01
OOL0001904,ORD017634,PROD00147,2,404.07
OOL0001905,ORD017015,PROD00112,2,60.9
OOL0001906,ORD014997,PROD00615,4,367.4
OOL0001907,ORD016337,PROD00558,2,495.68
OOL0001908,ORD008854,PROD00494,1,130.84
OOL0001909,ORD011696,PROD00505,2,43.42
OOL0001910,ORD002853,PROD00475,4,43.42
OOL0001911,ORD016015,PROD00271,4,267.35
OOL0001912,ORD000988,PROD00421,1,468.48
OOL0001913,ORD007623,PROD00707,3,441.59
OOL0001914,ORD009161,PROD00367,2,367.4
OOL0001915,ORD017485,PROD00280,4,381.62
OOL0001916,ORD006653,PROD00283,2,24.68
OOL0001917,ORD007422,PROD00040,2,362.09
OOL0001918,ORD000770,PROD00189,3,324.64
OOL0001919,ORD017728,PROD00164,4,483.29
OOL0001920,ORD014115,PROD00536,2,473.96
OOL0001921,ORD004359,PROD00536,4,179.96
OOL0001922,ORD011544,PROD00004,1,387.68
OOL0001923,ORD018734,PROD00290,1,143.77
OOL0001924,ORD005700,PROD00433,2,387.9
OOL0001925,ORD017626,PROD00471,4,389.58
OOL0001926,ORD001126,PROD00181,2,459.77
OOL0001927,ORD010794,PROD00248,4,27.17
OOL0001928,ORD006765,PROD00628,4,263.61
OOL0001929,ORD012324,PROD00279,3,217.9
OOL0001930,ORD013032,PROD00581,3,188.72
OOL0001931,ORD014053,PROD00254,3,325.62
OOL0001932,ORD012641,PROD00181,2,413.27
OOL0001933,ORD007844,PROD00681,3,5.22
OOL0001934,ORD014211,PROD00509,3,160.04
OOL0001935,ORD016457,PROD00761,1,340.31
OOL0001936,ORD010107,PROD00700,4,494.57
OOL0001937,ORD005190,PROD00566,4,334.32
OOL0001938,ORD002473,PROD00326,3,288.05
OOL0001939,ORD017092,PROD00357,4,46.77
OOL0001940,ORD018189,PROD00650,1,405.88
OOL0001941,ORD006705,PROD00680,1,363.87
OOL0001942,ORD003714,PROD00391,3,404.26
OOL0001943,ORD005052,PROD00615,1,34.44
OOL0001944,ORD010757,PROD00085,4,220.58
OOL0001945,ORD002476,PROD00317,2,469.0
OOL0001946,ORD003611,PROD00212,4,490.99
OOL0001947,ORD004256,PROD00515,2,111.69
OOL0001948,ORD014485,PROD00384,3,421.83
OOL0001949,ORD001736,PROD00691,2,366.28
OOL0001950,ORD008259,PROD00342,1,124.73
OOL0001951,ORD007980,PROD00038,4,486.52
OOL0001952,ORD002429,PROD00511,2,187.03
OOL0001953,ORD012346,PROD00420,4,137.55
OOL0001954,ORD007427,PROD00751,3,50.68
OOL0001955,ORD008534,PROD00169,3,268.0
OOL0001956,ORD005250,PROD00343,1,362.95
OOL0001957,ORD019202,PROD00306,3,181.31
OOL0001958,ORD009687,PROD00542,2,107.51
OOL0001959,ORD014110,PROD00702,3,278.24
OOL0001960,ORD000662,PROD00537,1,114.27
OOL0001961,ORD012076,PROD00112,4,113.46
OOL0001962,ORD014789,PROD00411,4,428.33
OOL0001963,ORD010061,PROD00206,3,39.17
OOL0001964,ORD015837,PROD00185,2,441.95
OOL0001965,ORD010527,PROD00382,1,495.68
OOL0001966,ORD003375,PROD00496,2,293.19
OOL0001967,ORD000208,PROD00379,1,441.72
OOL0001968,ORD002666,PROD00047,3,181.31
OOL0001969,ORD018878,PROD00740,1,435.53
OOL0001970,ORD000633,PROD00551,1,26.86
OOL0001971,ORD003084,PROD00528,3,59.82
OOL0001972,ORD013712,PROD00504,2,463.19
OOL0001973,ORD010124,PROD00022,3,81.39
OOL0001974,ORD007124,PROD00213,1,490.92
OOL0001975,ORD010755,PROD00310,3,342.47
OOL0001976,ORD001680,PROD00661,1,268.0
OOL0001977,ORD015902,PROD00753,3,188.72
OOL0001978,ORD000237,PROD00272,4,370.82
OOL0001979,ORD007447,PROD00571,4,355.96
OOL0001980,ORD004444,PROD00799,3,92.17
OOL0001981,ORD015464,PROD00202,2,433.58
OOL0001982,ORD008556,PROD00032,1,402.17
OOL0001983,ORD018753,PROD00443,4,312.35
OOL0001984,ORD016670,PROD00162,2,46.77
OOL0001985,ORD000149,PROD00767,1,137.55
OOL0001986,ORD013396,PROD00254,4,221.55
OOL0001987,ORD004896,PROD00521,4,76.87
OOL0001988,ORD017397,PROD00651,3,324.64
OOL0001989,ORD011024,PROD00480,1,432.38
OOL0001990,ORD010700,PROD00010,2,15.9
OOL0001991,ORD009716,PROD00726,2,209.27
OOL0001992,ORD019170,PROD00505,2,130.72
OOL0001993,ORD016164,PROD00785,1,191.61
OOL0001994,ORD005783,PROD00560,2,179.96
OOL0001995,ORD018793,PROD00436,2,450.23
OOL0001996,ORD016725,PROD00111,2,154.45
OOL0001997,ORD002818,PROD00153,3,68.09
OOL0001998,ORD015097,PROD00635,3,185.36
OOL0001999,ORD018881,PROD00102,1,319.04
OOL0002000,ORD005300,PROD00753,1,142.52
